id,first_name,last_name,gender,ssn,email,billing_street,billing_city,billing_state
1,Frayda,Filyakov,Female,638-97-2348,ffilyakov0@vistaprint.com,55 Troy Pass,Austin,Texas
2,Garek,Blaxland,Male,670-84-3252,gblaxland1@archive.org,3708 Hansons Pass,Tucson,Arizona
3,Jyoti,Enser,Female,657-64-1321,jenser2@networksolutions.com,64040 Ludington Street,Anchorage,Alaska
4,Fielding,Fido,Male,504-37-0211,ffido3@npr.org,036 Mariners Cove Street,Saint Cloud,Minnesota
5,Everard,Janaud,Male,897-45-3749,ejanaud4@jugem.jp,7 Clyde Gallagher Terrace,New Orleans,Louisiana
6,Barbee,Panks,Female,165-14-1874,bpanks5@zimbio.com,43159 Northview Circle,Anchorage,Alaska
7,Bertrando,Bradick,Bigender,735-62-6147,bbradick6@squarespace.com,73 Lien Road,Davenport,Iowa
8,Elvera,Palia,Female,151-58-6546,epalia7@house.gov,42819 Luster Trail,Saginaw,Michigan
9,Maurita,Gerlts,Female,587-61-5221,mgerlts8@plala.or.jp,24 Gale Point,Washington,District of Columbia
10,Issiah,Highway,Male,175-77-1666,ihighway9@vistaprint.com,7 Oak Circle,Norwalk,Connecticut
11,Fiann,Thome,Female,776-94-0619,fthomea@amazonaws.com,7898 Morrow Street,Huntington Beach,California
12,Emelda,Heustice,Female,316-72-1695,eheusticeb@artisteer.com,330 Burning Wood Pass,San Francisco,California
13,Nadiya,Deppen,Female,461-57-2098,ndeppenc@vkontakte.ru,23 Charing Cross Center,Saint Louis,Missouri
14,Leonardo,Daventry,Genderfluid,261-06-2653,ldaventryd@cmu.edu,8186 Weeping Birch Hill,Stockton,California
15,Cathyleen,Aronstam,Female,471-96-2413,caronstame@php.net,8601 Division Plaza,Phoenix,Arizona
16,Laughton,Spargo,Male,388-53-0576,lspargof@yelp.com,0 Macpherson Crossing,Buffalo,New York
17,Dulci,MacLese,Female,313-82-3304,dmacleseg@nationalgeographic.com,7350 Roth Way,Jamaica,New York
18,Madelin,Duncan,Female,619-62-6372,mduncanh@scientificamerican.com,27 Eagle Crest Way,Tucson,Arizona
19,Virgina,Goodge,Female,266-67-0208,vgoodgei@networkadvertising.org,46565 Crowley Parkway,Hartford,Connecticut
20,Alma,Ponting,Female,671-91-7182,apontingj@prlog.org,1302 Mendota Plaza,Las Vegas,Nevada
21,Doy,Bester,Male,511-63-1610,dbesterk@newsvine.com,3752 Tennyson Circle,San Antonio,Texas
22,Audi,Delacour,Female,797-67-9444,adelacourl@dion.ne.jp,42 Holy Cross Parkway,Petaluma,California
23,Jase,Peddowe,Male,406-42-2427,jpeddowem@deliciousdays.com,564 Waywood Place,Boise,Idaho
24,Latrina,Casterou,Female,813-43-9623,lcasteroun@g.co,3 Prentice Plaza,Santa Clara,California
25,Erda,Holbury,Female,768-33-3903,eholburyo@printfriendly.com,7 Thackeray Center,Winston Salem,North Carolina
26,Bessy,Bulfit,Female,481-52-0313,bbulfitp@cargocollective.com,21773 Lyons Center,Atlanta,Georgia
27,Allister,Marke,Male,566-50-4140,amarkeq@chicagotribune.com,04 Kings Plaza,Stockton,California
28,Maren,Pessel,Female,540-77-1441,mpesselr@opensource.org,00568 Cottonwood Street,Santa Rosa,California
29,Terra,Fawloe,Female,166-10-3327,tfawloes@about.me,2761 Tennyson Way,Spokane,Washington
30,Tamar,Wenderott,Female,107-85-0130,twenderottt@paypal.com,2 Larry Center,Dallas,Texas
31,Sharity,Quinsee,Agender,156-57-7743,squinseeu@hud.gov,5 Summerview Hill,Nashville,Tennessee
32,Budd,Cushe,Male,365-47-6373,bcushev@opera.com,3579 International Terrace,Charleston,West Virginia
33,Roda,Yates,Female,217-62-1604,ryatesw@dagondesign.com,93585 Helena Pass,Nashville,Tennessee
34,Krystle,Ledes,Female,775-55-6869,kledesx@bravesites.com,8 Scoville Junction,Tacoma,Washington
35,Jonathan,Dominichelli,Male,290-67-4614,jdominichelliy@addthis.com,08 Hovde Hill,Memphis,Tennessee
36,Kelwin,Chaffe,Male,280-50-7188,kchaffez@eventbrite.com,30047 La Follette Street,Denver,Colorado
37,Tristam,Hulson,Male,754-47-8220,thulson10@hp.com,665 Glacier Hill Trail,Galveston,Texas
38,Gretna,Dufty,Female,215-01-5836,gdufty11@wunderground.com,20 Superior Point,Richmond,Virginia
39,Miguel,McCarroll,Male,198-02-7212,mmccarroll12@bing.com,0043 David Center,Los Angeles,California
40,Rene,Leuchars,Male,878-93-9576,rleuchars13@addtoany.com,8 Fairfield Road,Corona,California
41,Hermia,O'Fihillie,Female,611-05-4727,hofihillie14@amazon.co.jp,107 Farwell Point,Torrance,California
42,Christan,Smiz,Female,535-55-4015,csmiz15@com.com,9 Morning Place,Orlando,Florida
43,Leora,Aubry,Non-binary,458-08-1796,laubry16@imgur.com,06 Tennyson Point,Salem,Oregon
44,Graham,Arnull,Male,800-23-0444,garnull17@google.cn,584 Becker Drive,Baltimore,Maryland
45,Ramsay,Yurtsev,Male,441-40-5429,ryurtsev18@storify.com,85352 Toban Avenue,Washington,District of Columbia
46,Vera,Hassewell,Female,854-41-7803,vhassewell19@php.net,8 Utah Point,Cambridge,Massachusetts
47,Hussein,Juggins,Male,317-35-1741,hjuggins1a@berkeley.edu,3 Beilfuss Terrace,Grand Rapids,Michigan
48,Morse,Boulsher,Non-binary,816-46-4803,mboulsher1b@hp.com,91 Ohio Way,Colorado Springs,Colorado
49,Ernest,Glynn,Male,435-11-2452,eglynn1c@miitbeian.gov.cn,94 Katie Terrace,Boise,Idaho
50,Kimble,Ryley,Male,342-92-1457,kryley1d@zimbio.com,0055 Mandrake Drive,Tampa,Florida
51,Franklin,Phipps,Male,585-06-1858,fphipps1e@baidu.com,7335 Little Fleur Junction,Charleston,West Virginia
52,Fidole,Pancast,Male,374-67-4866,fpancast1f@cbslocal.com,6609 Havey Hill,Mobile,Alabama
53,Jillane,Boutellier,Genderfluid,274-22-7317,jboutellier1g@google.com.au,642 Dahle Center,Milwaukee,Wisconsin
54,Trevar,Geffcock,Male,151-69-6923,tgeffcock1h@google.com,286 Toban Circle,Philadelphia,Pennsylvania
55,Germain,Nanninini,Male,195-15-0276,gnanninini1i@slideshare.net,19 Crescent Oaks Way,Jackson,Mississippi
56,Morgan,Entwhistle,Male,590-94-3499,mentwhistle1j@yandex.ru,3451 Pine View Point,Reno,Nevada
57,Reynold,Pack,Male,801-74-3368,rpack1k@yahoo.co.jp,42 Kingsford Center,New York City,New York
58,Mollee,Von Helmholtz,Female,251-44-8364,mvonhelmholtz1l@kickstarter.com,733 Clemons Hill,Washington,District of Columbia
59,Jeddy,Peegrem,Genderqueer,393-15-2998,jpeegrem1m@wunderground.com,3 Sommers Park,Syracuse,New York
60,Amandie,Bertson,Female,457-15-5826,abertson1n@opensource.org,09476 Vidon Drive,Omaha,Nebraska
61,Angie,Basford,Male,366-16-9369,abasford1o@ox.ac.uk,970 Park Meadow Park,Chicago,Illinois
62,Hubie,Scholtz,Male,341-81-3423,hscholtz1p@miitbeian.gov.cn,64399 Steensland Parkway,Santa Barbara,California
63,Farlie,Stubbins,Male,144-11-3942,fstubbins1q@youtu.be,39040 Dakota Crossing,Sacramento,California
64,Domenic,Baff,Male,723-41-0558,dbaff1r@irs.gov,5984 Basil Terrace,Wichita,Kansas
65,Laurent,MacMillan,Male,145-93-0044,lmacmillan1s@zimbio.com,51 Bultman Pass,Riverside,California
66,Tony,McNicol,Male,863-67-5575,tmcnicol1t@dailymail.co.uk,687 Arrowood Drive,Pittsburgh,Pennsylvania
67,Sibbie,Naisbit,Female,283-41-2179,snaisbit1u@twitpic.com,33414 Butternut Circle,Austin,Texas
68,Dorris,Smallpeice,Female,432-64-7067,dsmallpeice1v@parallels.com,5814 Corben Park,Detroit,Michigan
69,Nicolis,Lukacs,Male,584-71-8725,nlukacs1w@mashable.com,187 Vidon Drive,Portsmouth,Virginia
70,Raddy,Pascoe,Male,229-63-7797,rpascoe1x@list-manage.com,5326 Service Street,Saint Paul,Minnesota
71,Trevor,Mariet,Male,726-79-2181,tmariet1y@engadget.com,9430 Service Drive,Amarillo,Texas
72,Vivian,Gaddas,Female,848-41-7477,vgaddas1z@eventbrite.com,05130 Anderson Drive,Detroit,Michigan
73,Chariot,Clancy,Male,233-81-4301,cclancy20@homestead.com,397 Coleman Way,Minneapolis,Minnesota
74,Teddie,Pagnin,Female,455-99-5104,tpagnin21@answers.com,0602 Alpine Point,Houston,Texas
75,Carolyne,Fernanando,Female,398-68-3771,cfernanando22@boston.com,0 Tennyson Terrace,San Francisco,California
76,Launce,Poyntz,Male,448-18-8459,lpoyntz23@jugem.jp,8 Boyd Pass,Cincinnati,Ohio
77,Bartolomeo,Newland,Male,313-89-4462,bnewland24@loc.gov,61351 Pearson Drive,Hattiesburg,Mississippi
78,Trumann,Wesson,Male,768-55-8642,twesson25@blogger.com,30 Havey Street,Washington,District of Columbia
79,Pren,Sink,Male,247-21-4761,psink26@comsenz.com,5 Maple Wood Plaza,Phoenix,Arizona
80,Melony,Shepperd,Female,360-91-1001,mshepperd27@exblog.jp,03236 Harbort Way,Apache Junction,Arizona
81,Rubi,Blakeslee,Female,148-34-7839,rblakeslee28@msu.edu,5426 Burning Wood Point,Meridian,Mississippi
82,Con,Aslott,Female,533-98-9831,caslott29@elpais.com,39 East Place,San Francisco,California
83,Friederike,McAuliffe,Female,808-21-8341,fmcauliffe2a@google.de,3 Tomscot Park,San Diego,California
84,Ericka,Foss,Female,335-51-4939,efoss2b@altervista.org,915 Forster Trail,Hyattsville,Maryland
85,Devlin,Catton,Male,165-45-7323,dcatton2c@un.org,73734 Meadow Ridge Center,Bradenton,Florida
86,Simone,Mersh,Male,423-72-1211,smersh2d@gravatar.com,246 Paget Terrace,Glendale,California
87,Levy,Ions,Male,315-37-9914,lions2e@ebay.co.uk,93967 Pennsylvania Drive,Mobile,Alabama
88,Katya,Endecott,Female,844-14-1035,kendecott2f@quantcast.com,613 Clove Way,Orange,California
89,Ferguson,Codeman,Male,777-46-9088,fcodeman2g@meetup.com,662 Old Shore Crossing,Washington,District of Columbia
90,Raul,Langhorne,Male,286-41-3278,rlanghorne2h@liveinternet.ru,407 Stone Corner Drive,Buffalo,New York
91,Josey,McGonigle,Female,587-25-3680,jmcgonigle2i@jimdo.com,92 Bay Circle,San Diego,California
92,Shara,Leith-Harvey,Female,365-42-9406,sleithharvey2j@answers.com,611 Truax Way,San Francisco,California
93,Honoria,Brumham,Female,294-12-4740,hbrumham2k@sfgate.com,68627 Mandrake Alley,Grand Rapids,Michigan
94,Giselbert,Iacovides,Male,415-13-6745,giacovides2l@narod.ru,12 Forest Trail,Jackson,Mississippi
95,Ragnar,Benini,Male,482-54-2599,rbenini2m@mozilla.org,704 Spohn Place,Albany,New York
96,Judye,Greated,Female,191-48-1490,jgreated2n@disqus.com,07 Bunting Lane,Albany,Georgia
97,Meg,Posnett,Female,612-94-4707,mposnett2o@guardian.co.uk,402 Gulseth Circle,Salt Lake City,Utah
98,Garrott,Wand,Male,397-14-9808,gwand2p@nifty.com,14 Maywood Way,Portland,Oregon
99,Carmelia,Pattesall,Female,787-03-7541,cpattesall2q@sbwire.com,353 Charing Cross Crossing,Scranton,Pennsylvania
100,Margette,Briton,Female,763-98-5239,mbriton2r@earthlink.net,13699 3rd Drive,Sunnyvale,California
101,Ephrayim,Lea,Male,120-08-1652,elea2s@elpais.com,2836 Waubesa Crossing,Boston,Massachusetts
102,Jourdain,Hymus,Male,760-09-4936,jhymus2t@webmd.com,95 Dayton Avenue,Silver Spring,Maryland
103,Benny,Gamlin,Male,661-82-7069,bgamlin2u@bluehost.com,842 Cascade Street,Montgomery,Alabama
104,Stephanus,Sausman,Male,510-72-7002,ssausman2v@newsvine.com,55 Stuart Parkway,Portland,Oregon
105,Rodrick,Shepland,Male,899-77-1901,rshepland2w@imageshack.us,29 Northridge Street,Oklahoma City,Oklahoma
106,Malia,Glasheen,Female,853-36-3895,mglasheen2x@unicef.org,124 Manley Lane,Boulder,Colorado
107,Hogan,Lansdown,Male,605-21-4715,hlansdown2y@army.mil,8271 Lyons Terrace,Brooklyn,New York
108,Missie,Calvie,Female,118-87-2516,mcalvie2z@cafepress.com,167 Rowland Pass,Topeka,Kansas
109,Allin,Manton,Male,429-93-5342,amanton30@jalbum.net,5 Haas Trail,Sacramento,California
110,Maureen,Augar,Female,270-75-8911,maugar31@clickbank.net,6561 Macpherson Point,Los Angeles,California
111,Adey,Ayllett,Female,628-89-4668,aayllett32@businessinsider.com,6929 Hoepker Alley,Montgomery,Alabama
112,Georgeta,Farriar,Female,404-68-2916,gfarriar33@jalbum.net,5 Loeprich Court,Mesa,Arizona
113,Stern,Brandin,Male,860-11-9551,sbrandin34@omniture.com,645 Maple Wood Street,Waterloo,Iowa
114,Elsa,Warke,Female,424-70-1078,ewarke35@techcrunch.com,61557 Susan Circle,Washington,District of Columbia
115,Leonanie,D'Ambrogi,Bigender,144-27-9777,ldambrogi36@nih.gov,00118 Carberry Circle,Olympia,Washington
116,Kenon,Glisane,Male,361-65-4986,kglisane37@amazon.de,96 Vermont Court,Salem,Oregon
117,Loria,Vittery,Female,871-25-4688,lvittery38@1und1.de,5 Melrose Hill,Spring,Texas
118,Aldin,Van Der Vlies,Male,884-45-2938,avandervlies39@salon.com,2057 Clove Circle,Corpus Christi,Texas
119,Chicky,Gerrans,Male,502-25-8141,cgerrans3a@fc2.com,97188 Reinke Place,Dallas,Texas
120,Horst,Jedrych,Male,477-57-8709,hjedrych3b@ameblo.jp,84 Holy Cross Center,San Antonio,Texas
121,Linn,Christopherson,Male,637-74-0558,lchristopherson3c@home.pl,3 Del Sol Hill,South Bend,Indiana
122,Cristine,Whittock,Female,719-81-0905,cwhittock3d@webeden.co.uk,2 Corben Road,Kansas City,Missouri
123,Lionel,Brookes,Male,298-78-7559,lbrookes3e@google.co.jp,2185 Farragut Court,Colorado Springs,Colorado
124,Dell,Valance,Female,813-75-6441,dvalance3f@economist.com,7 Troy Pass,Lincoln,Nebraska
125,Hirsch,Cocklin,Male,765-47-8556,hcocklin3g@prlog.org,6 Dovetail Hill,Kissimmee,Florida
126,Tildie,Cheater,Non-binary,668-40-8237,tcheater3h@google.es,7091 Russell Drive,Gainesville,Florida
127,Kahaleel,Sketch,Male,424-85-2865,ksketch3i@google.co.uk,2 Northland Circle,Boulder,Colorado
128,Francene,Heiss,Agender,387-10-0322,fheiss3j@businessweek.com,60 Welch Center,Longview,Texas
129,Lemmy,Guilaem,Male,714-41-9791,lguilaem3k@ucoz.ru,0089 Glendale Place,Saint Louis,Missouri
130,Bourke,Collins,Male,643-43-3019,bcollins3l@mashable.com,40938 Oneill Street,Richmond,Virginia
131,Creight,Jobbins,Male,541-77-1971,cjobbins3m@surveymonkey.com,3 Eastlawn Lane,West Palm Beach,Florida
132,Candis,Pash,Female,398-50-9363,cpash3n@bizjournals.com,4 Bashford Hill,Camden,New Jersey
133,Rod,Revans,Male,457-79-6467,rrevans3o@jimdo.com,99602 Pearson Crossing,Seattle,Washington
134,Thomasa,Elce,Polygender,465-05-9099,telce3p@digg.com,69 Claremont Street,Sacramento,California
135,Fernanda,Cromar,Polygender,724-68-8848,fcromar3q@cnet.com,6 Hayes Court,Mesa,Arizona
136,Bord,Durant,Male,220-40-1117,bdurant3r@state.gov,68348 Kings Center,Austin,Texas
137,Kit,Kibbey,Female,709-94-1776,kkibbey3s@icio.us,5211 Del Mar Junction,Suffolk,Virginia
138,Meriel,Titchard,Female,475-99-9092,mtitchard3t@weather.com,91 Hoepker Terrace,Wilmington,Delaware
139,Jamie,Dowles,Female,412-56-0879,jdowles3u@indiatimes.com,54 Maryland Hill,Baton Rouge,Louisiana
140,Michal,Faers,Female,136-94-1083,mfaers3v@hc360.com,365 Cascade Terrace,Tulsa,Oklahoma
141,Gil,Marrow,Male,570-22-7550,gmarrow3w@e-recht24.de,246 Westridge Trail,Clearwater,Florida
142,Curry,Sissens,Male,227-70-7261,csissens3x@1688.com,22 Brickson Park Center,Jacksonville,Florida
143,Raddie,Lewsy,Male,814-01-9066,rlewsy3y@amazonaws.com,9457 Elmside Center,Phoenix,Arizona
144,Jocelyn,Drogan,Female,796-46-5067,jdrogan3z@geocities.jp,13 Redwing Avenue,White Plains,New York
145,Daryle,Mattocks,Male,658-31-9125,dmattocks40@smh.com.au,95050 International Pass,Syracuse,New York
146,Orelie,Millson,Female,869-11-9283,omillson41@sbwire.com,38 High Crossing Trail,Atlanta,Georgia
147,Emory,Harmson,Male,875-65-8226,eharmson42@canalblog.com,8 Cordelia Alley,San Antonio,Texas
148,Ansley,Golland,Female,766-59-6091,agolland43@youtu.be,3 Bartelt Court,Nashville,Tennessee
149,Maire,Sywell,Female,692-64-7394,msywell44@csmonitor.com,3 Magdeline Way,New Haven,Connecticut
150,Reg,Lapsley,Male,695-29-4454,rlapsley45@gnu.org,76858 Farwell Plaza,Kansas City,Missouri
151,Tyler,Wherton,Male,466-63-2905,twherton46@trellian.com,9 Utah Junction,Fresno,California
152,Christabella,Velasquez,Female,861-31-2057,cvelasquez47@yellowbook.com,83735 Esch Point,Charlotte,North Carolina
153,Micky,Beatey,Female,888-89-6724,mbeatey48@springer.com,62649 Donald Pass,West Palm Beach,Florida
154,Venus,Crummey,Female,780-03-7676,vcrummey49@chicagotribune.com,1 Glendale Street,Seattle,Washington
155,Zeke,Bedbrough,Male,530-90-0899,zbedbrough4a@rakuten.co.jp,0 Morning Hill,Fort Wayne,Indiana
156,Amble,De Michele,Male,655-32-7141,ademichele4b@bloglovin.com,6030 Eggendart Circle,Orlando,Florida
157,Emmit,Castano,Male,591-27-7154,ecastano4c@stumbleupon.com,6423 Sheridan Court,Decatur,Illinois
158,Carolyne,Mathwin,Female,587-22-0975,cmathwin4d@blogtalkradio.com,93563 Nevada Lane,Albuquerque,New Mexico
159,Calv,Spiers,Male,332-65-3206,cspiers4e@com.com,393 Dakota Road,Birmingham,Alabama
160,Killy,Nanni,Male,453-31-9864,knanni4f@t.co,6410 Fisk Way,Kansas City,Missouri
161,Lucien,Fowkes,Male,440-80-4616,lfowkes4g@clickbank.net,1065 Tony Court,New York City,New York
162,Luella,Stendell,Female,348-54-3477,lstendell4h@ibm.com,46591 Katie Road,Trenton,New Jersey
163,Fairfax,Barwis,Male,539-34-7689,fbarwis4i@accuweather.com,185 Barnett Road,Detroit,Michigan
164,Miltie,Flagg,Male,689-73-0756,mflagg4j@ucsd.edu,5 Debs Place,El Paso,Texas
165,Tiff,Fitter,Female,782-26-0621,tfitter4k@cam.ac.uk,04 Lotheville Alley,Fort Lauderdale,Florida
166,Bill,McKoy,Male,785-08-7594,bmckoy4l@unblog.fr,7 Algoma Lane,Albany,New York
167,Sal,Cuseick,Male,146-05-8218,scuseick4m@pcworld.com,2907 7th Court,Sacramento,California
168,Moyra,Back,Female,806-61-8671,mback4n@ocn.ne.jp,3 Rieder Street,Austin,Texas
169,Bing,Muzzini,Male,823-64-4430,bmuzzini4o@dedecms.com,1808 Hagan Parkway,Fayetteville,North Carolina
170,Barbabas,McConville,Male,115-30-1661,bmcconville4p@imgur.com,9 Fuller Alley,Vancouver,Washington
171,Bertha,Francescozzi,Female,754-27-3813,bfrancescozzi4q@oracle.com,5785 Maywood Center,Riverside,California
172,Alayne,Tregiddo,Female,599-40-5691,atregiddo4r@netvibes.com,9 Corry Terrace,New York City,New York
173,Hilde,Bamford,Genderqueer,817-18-4833,hbamford4s@webmd.com,3736 Oak Point,Terre Haute,Indiana
174,Andros,Twydell,Male,632-22-1699,atwydell4t@toplist.cz,30497 Nova Park,Tampa,Florida
175,Chiquia,McGreary,Non-binary,167-75-7887,cmcgreary4u@paypal.com,57 Pine View Place,Phoenix,Arizona
176,Wanids,Yellowley,Female,614-67-7785,wyellowley4v@nature.com,604 Main Junction,Austin,Texas
177,Jae,De Benedictis,Male,451-78-0644,jdebenedictis4w@opensource.org,02 Beilfuss Parkway,Erie,Pennsylvania
178,Conny,McGenis,Male,779-17-2416,cmcgenis4x@apache.org,11 Park Meadow Avenue,Tucson,Arizona
179,Kurtis,Locksley,Male,208-41-6651,klocksley4y@amazon.co.uk,37906 Ridgeway Court,Des Moines,Iowa
180,Mickey,Trynor,Male,778-62-2864,mtrynor4z@surveymonkey.com,5928 Orin Terrace,New York City,New York
181,Allianora,Luxmoore,Female,493-41-0552,aluxmoore50@squidoo.com,8551 Eastlawn Avenue,Las Vegas,Nevada
182,Patton,Girardin,Male,471-05-0005,pgirardin51@indiatimes.com,22 Oriole Point,Grand Rapids,Michigan
183,Cly,Epps,Male,272-29-5626,cepps52@over-blog.com,68 Twin Pines Point,Ashburn,Virginia
184,Carree,Gonneau,Female,780-64-4942,cgonneau53@nasa.gov,029 Emmet Point,Irving,Texas
185,Roana,Watt,Female,422-96-0603,rwatt54@thetimes.co.uk,5 Portage Trail,Boston,Massachusetts
186,Iormina,Dumbreck,Genderqueer,464-91-0524,idumbreck55@wired.com,8862 Dakota Point,Austin,Texas
187,Orren,Hairyes,Male,448-19-8432,ohairyes56@businessweek.com,5 Springview Plaza,Charlotte,North Carolina
188,Gabe,Coole,Male,332-72-5012,gcoole57@constantcontact.com,6 Northland Junction,Knoxville,Tennessee
189,Kylie,De Andisie,Female,491-45-1342,kdeandisie58@myspace.com,90296 Schurz Center,Jacksonville,Florida
190,Benedikta,Davinet,Agender,358-48-3680,bdavinet59@hubpages.com,09 Rusk Circle,Springfield,Illinois
191,Lanie,Hanselmann,Female,310-12-6338,lhanselmann5a@usa.gov,41 Maywood Trail,Bloomington,Illinois
192,Kissee,Haly,Female,739-21-3459,khaly5b@dagondesign.com,58406 Springs Road,Jacksonville,Florida
193,Titus,Mattes,Genderqueer,108-88-3641,tmattes5c@vkontakte.ru,8871 Lakewood Gardens Place,Houston,Texas
194,Adena,Cotilard,Female,501-04-3860,acotilard5d@multiply.com,66 Dovetail Crossing,Cincinnati,Ohio
195,Dionysus,Horsburgh,Genderqueer,249-27-3696,dhorsburgh5e@independent.co.uk,1 Manufacturers Center,Greensboro,North Carolina
196,Joe,Vaskin,Male,290-68-6398,jvaskin5f@istockphoto.com,9 Manufacturers Point,Alpharetta,Georgia
197,Harwilll,Jarmyn,Male,575-66-9779,hjarmyn5g@jiathis.com,213 Hintze Point,Fresno,California
198,Werner,Niland,Male,766-51-2368,wniland5h@washington.edu,63 Truax Plaza,Detroit,Michigan
199,Delphine,Kennewell,Female,537-84-2138,dkennewell5i@slideshare.net,36 Homewood Street,Boca Raton,Florida
200,Roselin,Yude,Female,597-65-3200,ryude5j@dropbox.com,27511 Mcguire Road,Tampa,Florida
201,Livia,Florence,Female,422-35-2948,lflorence5k@youtube.com,44 Forest Run Lane,Beaumont,Texas
202,Susann,Sharpley,Non-binary,233-62-7674,ssharpley5l@nymag.com,2752 Milwaukee Avenue,Washington,District of Columbia
203,Garrot,Le Fleming,Male,443-43-1039,glefleming5m@nytimes.com,95323 Blue Bill Park Circle,Milwaukee,Wisconsin
204,Ninnette,Lerer,Female,186-48-5052,nlerer5n@networksolutions.com,9836 Lakewood Pass,Hagerstown,Maryland
205,Barbie,Hidderley,Female,419-36-1688,bhidderley5o@miitbeian.gov.cn,0450 Hanover Junction,Syracuse,New York
206,My,Ilyas,Male,340-12-7591,milyas5p@virginia.edu,02416 Merry Drive,Dallas,Texas
207,Solomon,Eadon,Male,225-92-0280,seadon5q@sbwire.com,484 Russell Court,San Francisco,California
208,Bellina,Hriinchenko,Female,465-46-2059,bhriinchenko5r@miitbeian.gov.cn,2966 Sheridan Junction,Providence,Rhode Island
209,Myrle,Gelderd,Female,556-28-0106,mgelderd5s@moonfruit.com,69 Sullivan Hill,Albuquerque,New Mexico
210,Morrie,Collman,Male,507-44-2570,mcollman5t@lulu.com,83 Jana Road,Charleston,West Virginia
211,Tate,Lemarie,Male,492-97-5476,tlemarie5u@infoseek.co.jp,9551 Fairfield Way,Stamford,Connecticut
212,Lorain,Swales,Female,658-27-1464,lswales5v@ftc.gov,425 Lillian Circle,Topeka,Kansas
213,Mendie,Ferguson,Male,501-78-5889,mferguson5w@photobucket.com,8296 Spenser Circle,Gadsden,Alabama
214,Hilary,Erbain,Female,654-27-6322,herbain5x@imdb.com,4643 Surrey Street,San Francisco,California
215,Sim,Yakovitch,Male,757-81-3901,syakovitch5y@reference.com,9922 School Terrace,Charlotte,North Carolina
216,Sloan,Ambrosetti,Male,346-31-1015,sambrosetti5z@tinyurl.com,42 Ilene Trail,Shreveport,Louisiana
217,Krishna,Trendle,Male,175-56-2816,ktrendle60@google.fr,365 Glacier Hill Circle,Indianapolis,Indiana
218,Ellyn,Kibard,Polygender,229-32-3255,ekibard61@tmall.com,51 Helena Alley,Fort Worth,Texas
219,Marika,Nolton,Female,145-37-7542,mnolton62@infoseek.co.jp,0 Sherman Road,Jefferson City,Missouri
220,Lemar,Kienle,Polygender,823-05-4863,lkienle63@lycos.com,2 Scott Street,Suffolk,Virginia
221,Katleen,Dellar,Female,895-56-7458,kdellar64@deviantart.com,37 Southridge Terrace,South Bend,Indiana
222,Ignaz,Mazzei,Male,299-88-5505,imazzei65@miibeian.gov.cn,87 Pond Alley,Tucson,Arizona
223,Porter,Viscovi,Male,400-29-3901,pviscovi66@dion.ne.jp,6413 Transport Center,Pittsburgh,Pennsylvania
224,Frederica,Hammerman,Female,375-09-3752,fhammerman67@godaddy.com,7176 Spenser Pass,Des Moines,Iowa
225,Alejandra,Govey,Female,670-46-2169,agovey68@networksolutions.com,2551 Loeprich Center,Kansas City,Missouri
226,Donia,Teasell,Female,298-05-5243,dteasell69@acquirethisname.com,3427 Steensland Circle,Erie,Pennsylvania
227,Durante,Frontczak,Male,364-28-6687,dfrontczak6a@creativecommons.org,6116 Lindbergh Plaza,Detroit,Michigan
228,Francesco,Boord,Male,804-55-9607,fboord6b@house.gov,2 Carpenter Street,Greensboro,North Carolina
229,Glenn,Manclark,Female,294-24-0022,gmanclark6c@jugem.jp,792 Blaine Hill,San Bernardino,California
230,Baron,Zellmer,Male,359-75-1765,bzellmer6d@hud.gov,0342 Sachs Park,Daytona Beach,Florida
231,Maggee,Whitwham,Female,228-31-1902,mwhitwham6e@soup.io,1 Forest Run Center,San Jose,California
232,Vilma,Chapiro,Non-binary,276-66-9492,vchapiro6f@patch.com,20 Shasta Center,Gainesville,Florida
233,Ker,Plaistowe,Male,551-81-2390,kplaistowe6g@cbc.ca,34936 Service Circle,Carson City,Nevada
234,Priscella,Stallibrass,Female,509-80-4764,pstallibrass6h@zdnet.com,2 Superior Alley,Metairie,Louisiana
235,Avivah,Scardafield,Female,697-96-3746,ascardafield6i@google.es,24 Fordem Court,Rochester,New York
236,Roselle,Dabbs,Female,259-24-9064,rdabbs6j@symantec.com,34145 Loftsgordon Drive,Milwaukee,Wisconsin
237,Eadmund,Batchelor,Male,294-58-2348,ebatchelor6k@uiuc.edu,64134 New Castle Plaza,Springfield,Illinois
238,Nikolai,Cumpsty,Male,601-50-8442,ncumpsty6l@fda.gov,2994 Cambridge Pass,Flint,Michigan
239,Lyndsay,Doerling,Agender,112-69-4440,ldoerling6m@narod.ru,5913 Village Green Road,Richmond,Virginia
240,Moritz,Sumbler,Male,431-03-7341,msumbler6n@scribd.com,45 Goodland Lane,Asheville,North Carolina
241,Tedie,Tixall,Male,719-88-7758,ttixall6o@bigcartel.com,5 Boyd Hill,El Paso,Texas
242,Arabel,Doncom,Female,661-53-0562,adoncom6p@salon.com,6974 Sloan Way,Van Nuys,California
243,Rayner,Ramos,Male,209-74-3484,rramos6q@berkeley.edu,30508 Sachtjen Junction,Salt Lake City,Utah
244,Kaine,Sneyd,Male,172-80-2633,ksneyd6r@odnoklassniki.ru,2 Calypso Court,Louisville,Kentucky
245,Pooh,Inglish,Female,567-24-3078,pinglish6s@noaa.gov,0093 Hanover Street,Cincinnati,Ohio
246,Sherlock,Naismith,Male,173-63-6656,snaismith6t@phoca.cz,759 Johnson Court,Simi Valley,California
247,Annice,De Witt,Female,501-17-4705,adewitt6u@slideshare.net,42 Farmco Alley,Sacramento,California
248,Ripley,Silliman,Male,803-01-1917,rsilliman6v@yelp.com,77698 Mallard Center,Montgomery,Alabama
249,Sammy,McNay,Female,380-58-9775,smcnay6w@ask.com,64 Summer Ridge Way,Shreveport,Louisiana
250,Augustine,Gwinnett,Male,567-17-6187,agwinnett6x@google.com.br,76230 Brown Place,Jacksonville,Florida
251,Clary,McReath,Female,386-25-2945,cmcreath6y@paginegialle.it,659 Manley Center,West Palm Beach,Florida
252,Stanfield,Long,Male,100-89-0995,slong6z@reverbnation.com,91 Cottonwood Point,Baton Rouge,Louisiana
253,Ethan,Churching,Male,164-49-3135,echurching70@wunderground.com,94825 Ronald Regan Street,Los Angeles,California
254,Harmon,Busst,Male,262-52-6738,hbusst71@marketwatch.com,28 Erie Road,Detroit,Michigan
255,Karna,Hussy,Female,221-04-1434,khussy72@theatlantic.com,1982 Norway Maple Plaza,Akron,Ohio
256,Karlyn,Lufkin,Female,368-14-8559,klufkin73@scientificamerican.com,7489 Havey Drive,Chicago,Illinois
257,Lesley,Spellesy,Female,192-83-9779,lspellesy74@slashdot.org,1924 Park Meadow Terrace,Colorado Springs,Colorado
258,Eugene,Kohlerman,Male,692-40-2359,ekohlerman75@plala.or.jp,8 Saint Paul Avenue,Memphis,Tennessee
259,Kiele,Emmerson,Female,839-85-5387,kemmerson76@forbes.com,005 Merry Pass,San Francisco,California
260,Brien,Filon,Male,223-62-8496,bfilon77@alexa.com,4661 Bultman Junction,Sacramento,California
261,Cornelius,Eastcott,Bigender,180-76-5739,ceastcott78@4shared.com,55 Alpine Way,Los Angeles,California
262,Maxie,Wildin,Male,205-86-6467,mwildin79@tmall.com,01439 Ramsey Park,Houston,Texas
263,Mikey,Kirman,Male,749-51-1957,mkirman7a@storify.com,80 Arrowood Crossing,Irvine,California
264,Alvinia,Senussi,Female,348-77-7994,asenussi7b@odnoklassniki.ru,4 Bowman Crossing,Washington,District of Columbia
265,Jami,Whilder,Female,595-30-3773,jwhilder7c@craigslist.org,7 Bunting Alley,Philadelphia,Pennsylvania
266,Maudie,Lever,Agender,564-95-0422,mlever7d@unc.edu,178 Orin Hill,Chicago,Illinois
267,Saw,Fawke,Male,853-70-2703,sfawke7e@slideshare.net,827 Delladonna Junction,Reno,Nevada
268,Tiertza,Whyteman,Female,531-90-7417,twhyteman7f@cyberchimps.com,7244 Charing Cross Park,Washington,District of Columbia
269,Pieter,Coltart,Male,306-20-3596,pcoltart7g@indiegogo.com,913 Dayton Crossing,Irvine,California
270,Fiona,Kubecka,Female,665-64-9296,fkubecka7h@who.int,6274 Mockingbird Terrace,Birmingham,Alabama
271,Fawn,Grinnov,Female,831-71-8073,fgrinnov7i@meetup.com,704 Utah Trail,Rochester,New York
272,Carlene,Dobrowolny,Female,407-66-1399,cdobrowolny7j@nationalgeographic.com,121 Continental Junction,Bronx,New York
273,Jessa,Lowsely,Female,688-88-3170,jlowsely7k@facebook.com,85 Dennis Pass,Denver,Colorado
274,Bartolemo,Frodsham,Male,260-28-1244,bfrodsham7l@spotify.com,5 Independence Court,Glendale,California
275,Calli,Filipov,Female,270-29-2622,cfilipov7m@angelfire.com,763 Forest Run Terrace,Clearwater,Florida
276,Lynnell,Andree,Female,651-27-7734,landree7n@webeden.co.uk,6401 Declaration Parkway,Merrifield,Virginia
277,Rhonda,Wedon,Female,125-79-9925,rwedon7o@slashdot.org,8749 Kedzie Alley,West Palm Beach,Florida
278,Yoshiko,Posse,Female,160-57-9859,yposse7p@ftc.gov,12112 Walton Terrace,Buffalo,New York
279,Cosette,Biagi,Female,825-38-4974,cbiagi7q@about.com,97 Sundown Point,San Francisco,California
280,Deina,Sterre,Female,643-56-1932,dsterre7r@hugedomains.com,86702 Steensland Parkway,Washington,District of Columbia
281,Mickey,Tickle,Male,215-08-9326,mtickle7s@bbc.co.uk,341 Kipling Drive,Pittsburgh,Pennsylvania
282,Cirillo,Scard,Male,803-52-8755,cscard7t@merriam-webster.com,77 Pine View Pass,Scottsdale,Arizona
283,Fayth,Elmore,Female,471-05-2113,felmore7u@nationalgeographic.com,84898 Shopko Way,Boulder,Colorado
284,Livvy,Draayer,Female,129-28-6575,ldraayer7v@google.com.au,1485 Loeprich Way,Shawnee Mission,Kansas
285,Gerek,Yurivtsev,Male,141-55-0813,gyurivtsev7w@ocn.ne.jp,3 Jenna Alley,Savannah,Georgia
286,Kenna,Ryott,Female,684-91-4576,kryott7x@soundcloud.com,49327 Melrose Center,Bronx,New York
287,Kalvin,Tippin,Male,702-43-4603,ktippin7y@geocities.jp,12962 Merry Lane,Lakeland,Florida
288,Aleda,Cockman,Female,775-90-2742,acockman7z@artisteer.com,28 Grasskamp Hill,Pompano Beach,Florida
289,Drake,Moreby,Male,256-63-3149,dmoreby80@cisco.com,0241 Parkside Alley,Tampa,Florida
290,Uta,Emanuelov,Female,637-86-9172,uemanuelov81@51.la,47 Independence Terrace,Miami,Florida
291,Ervin,Mazella,Male,330-29-3300,emazella82@ocn.ne.jp,14785 2nd Place,Washington,District of Columbia
292,Brucie,Hacquel,Bigender,423-66-5275,bhacquel83@netvibes.com,97 Di Loreto Trail,Peoria,Illinois
293,Sheela,Hyndman,Female,755-79-3303,shyndman84@csmonitor.com,0 Graedel Street,Dallas,Texas
294,Zonda,Alder,Female,414-49-0907,zalder85@cloudflare.com,23 Graedel Road,Silver Spring,Maryland
295,Fayre,Yendall,Female,647-17-0855,fyendall86@delicious.com,82 Dexter Center,Charleston,West Virginia
296,Beckie,Totman,Female,771-55-2010,btotman87@deviantart.com,3 Bunker Hill Parkway,Denver,Colorado
297,Cornelius,Fuster,Male,726-35-8864,cfuster88@amazon.com,093 Victoria Avenue,Reston,Virginia
298,Thorstein,Forsaith,Non-binary,600-65-4752,tforsaith89@go.com,2 Logan Point,Jersey City,New Jersey
299,Merrill,Baudinot,Genderfluid,501-47-4502,mbaudinot8a@typepad.com,74290 Talisman Trail,Columbus,Ohio
300,Fabien,Andell,Male,513-86-9306,fandell8b@cyberchimps.com,22996 Mifflin Terrace,Indianapolis,Indiana
301,Sascha,Domniney,Male,661-60-1138,sdomniney8c@blogspot.com,2586 Caliangt Plaza,Fresno,California
302,Hilary,Woollhead,Female,228-39-7369,hwoollhead8d@etsy.com,5 Ridgeview Road,San Jose,California
303,Mallorie,Filippazzo,Female,617-22-5641,mfilippazzo8e@answers.com,7 Hoepker Avenue,Kansas City,Missouri
304,Stephi,Stebbing,Genderqueer,779-46-3135,sstebbing8f@123-reg.co.uk,5214 Warbler Crossing,New York City,New York
305,Kayley,Volker,Female,387-95-1497,kvolker8g@webs.com,26160 Shelley Pass,Santa Ana,California
306,Waldo,Bagnal,Agender,619-57-1173,wbagnal8h@squarespace.com,824 Hallows Center,Charlotte,North Carolina
307,Man,O'Flaherty,Male,624-63-4914,moflaherty8i@wired.com,3882 Ilene Junction,Reno,Nevada
308,Ulises,Piotrkowski,Male,111-45-1249,upiotrkowski8j@latimes.com,7 Nancy Center,Bloomington,Illinois
309,Sher,Artois,Non-binary,290-80-7245,sartois8k@multiply.com,656 Superior Terrace,Knoxville,Tennessee
310,Murray,Derisly,Male,856-73-7085,mderisly8l@addtoany.com,47 Michigan Avenue,Bethlehem,Pennsylvania
311,Bryon,Thecham,Male,509-54-6012,bthecham8m@scientificamerican.com,5 Pond Way,Norfolk,Virginia
312,Maryjo,Castelletti,Female,271-51-7668,mcastelletti8n@bloomberg.com,5 Barby Point,Jackson,Mississippi
313,Winnie,Casserley,Male,818-84-3107,wcasserley8o@imdb.com,3 Longview Court,Punta Gorda,Florida
314,Elizabet,Barras,Female,785-95-2712,ebarras8p@ifeng.com,3 Graedel Lane,Pittsburgh,Pennsylvania
315,Lucia,Castiblanco,Female,235-47-9200,lcastiblanco8q@shareasale.com,04938 Lunder Street,New York City,New York
316,Cacilie,Greenier,Female,716-58-8001,cgreenier8r@wp.com,2 Spenser Court,Scottsdale,Arizona
317,Ibby,Shadrack,Female,210-74-8340,ishadrack8s@nps.gov,2 Melby Drive,Frankfort,Kentucky
318,Ferrell,Pestell,Male,545-21-5253,fpestell8t@diigo.com,41 Meadow Vale Court,El Paso,Texas
319,Erik,Kermath,Male,198-19-9434,ekermath8u@quantcast.com,1212 Hazelcrest Pass,Omaha,Nebraska
320,Fancie,Gaskoin,Female,349-17-8537,fgaskoin8v@exblog.jp,022 Dorton Point,Roanoke,Virginia
321,Brandais,Balkwill,Female,161-34-7385,bbalkwill8w@usda.gov,93812 Maywood Pass,Atlanta,Georgia
322,Yul,Cherryman,Male,240-40-1192,ycherryman8x@eventbrite.com,949 Harbort Parkway,San Bernardino,California
323,Casi,Westgate,Female,291-29-9050,cwestgate8y@clickbank.net,5 Buena Vista Hill,Punta Gorda,Florida
324,Andras,Corter,Male,212-82-5910,acorter8z@yellowbook.com,295 Hanover Pass,Washington,District of Columbia
325,Hew,Basey,Male,148-59-9496,hbasey90@usnews.com,566 Pierstorff Park,Minneapolis,Minnesota
326,Gaylene,Gayden,Female,791-97-0762,ggayden91@japanpost.jp,06 Pawling Street,New Orleans,Louisiana
327,Josephina,Brinded,Non-binary,633-48-2384,jbrinded92@wufoo.com,1989 Eastlawn Place,Saint Paul,Minnesota
328,Leon,Featherby,Male,166-92-9334,lfeatherby93@nature.com,2 Bartillon Place,Topeka,Kansas
329,Myca,Kinnoch,Male,674-48-8587,mkinnoch94@scribd.com,131 Lighthouse Bay Road,Saint Paul,Minnesota
330,Caitlin,Withams,Female,396-03-3651,cwithams95@sfgate.com,34 Weeping Birch Crossing,Houston,Texas
331,Garrett,Donner,Male,329-39-8670,gdonner96@quantcast.com,61 Holmberg Place,San Diego,California
332,Clare,Dearnaley,Female,433-32-9263,cdearnaley97@addthis.com,55668 Northland Street,New York City,New York
333,Lane,Bastone,Male,785-87-5340,lbastone98@alibaba.com,9 Londonderry Point,Memphis,Tennessee
334,Rollins,Elliston,Agender,839-41-9761,relliston99@google.ca,8426 Hoard Junction,Miami,Florida
335,Guillermo,Eickhoff,Male,325-13-8619,geickhoff9a@intel.com,78 Service Street,El Paso,Texas
336,Rois,Bickerdyke,Female,290-64-8294,rbickerdyke9b@ning.com,9 Troy Point,New York City,New York
337,Hobard,Brolechan,Male,649-89-8338,hbrolechan9c@linkedin.com,2560 Jenifer Terrace,New Orleans,Louisiana
338,Tamma,Rushford,Female,181-71-1668,trushford9d@arstechnica.com,0 Mosinee Junction,Ventura,California
339,Clemmie,Samms,Male,328-21-1727,csamms9e@oakley.com,0 Maple Drive,Madison,Wisconsin
340,Bronny,Kendall,Male,250-21-4917,bkendall9f@ifeng.com,35 Buhler Circle,Marietta,Georgia
341,Imojean,Emmines,Female,622-64-4272,iemmines9g@facebook.com,193 Rusk Place,Oakland,California
342,Barrett,Bunt,Male,216-44-5388,bbunt9h@shop-pro.jp,7636 Drewry Way,Shawnee Mission,Kansas
343,Justus,Mowsley,Male,797-94-0113,jmowsley9i@nhs.uk,52 Mifflin Crossing,Buffalo,New York
344,Mersey,Skally,Female,544-78-4232,mskally9j@yolasite.com,75665 Eggendart Terrace,Madison,Wisconsin
345,Camey,Gulvin,Male,572-69-3399,cgulvin9k@ox.ac.uk,2438 Mayfield Crossing,Detroit,Michigan
346,Claudian,Scandroot,Male,586-70-7529,cscandroot9l@psu.edu,3 Artisan Street,San Jose,California
347,Orion,Bazire,Male,446-14-6472,obazire9m@ucoz.com,6 Atwood Junction,Fredericksburg,Virginia
348,Corrinne,Danis,Female,351-16-1525,cdanis9n@netscape.com,5505 Nobel Avenue,Long Beach,California
349,Ag,Bygrove,Bigender,456-66-5427,abygrove9o@smugmug.com,0911 Pleasure Drive,Saint Paul,Minnesota
350,Berte,Adame,Female,863-22-8771,badame9p@merriam-webster.com,7 Jenna Hill,Fort Lauderdale,Florida
351,Shandra,Dienes,Female,346-25-6776,sdienes9q@reference.com,4 Rockefeller Lane,North Little Rock,Arkansas
352,Marley,Sottell,Female,754-69-5446,msottell9r@sourceforge.net,26 Esker Hill,Marietta,Georgia
353,Cello,Goodbar,Male,119-14-1882,cgoodbar9s@alexa.com,757 Sachtjen Place,Evansville,Indiana
354,Hetty,Pollack,Female,606-21-6320,hpollack9t@wiley.com,6 Mayer Drive,North Little Rock,Arkansas
355,Conny,Mockett,Male,722-35-9750,cmockett9u@deliciousdays.com,640 Chive Park,Palm Bay,Florida
356,Christalle,McAreavey,Female,259-86-2357,cmcareavey9v@facebook.com,29 Spaight Point,Jamaica,New York
357,Iain,Bricket,Male,720-68-6431,ibricket9w@google.ru,24569 Iowa Pass,Saint Paul,Minnesota
358,Helenelizabeth,Stickler,Female,414-50-1978,hstickler9x@mail.ru,451 Dapin Trail,Austin,Texas
359,Felipa,Milliken,Bigender,732-11-0650,fmilliken9y@netvibes.com,7 Vidon Street,Springfield,Illinois
360,Gerald,Clissett,Male,611-17-3224,gclissett9z@woothemes.com,599 Express Point,Newark,Delaware
361,Jermain,Godlip,Polygender,460-21-3438,jgodlipa0@hexun.com,4 Muir Crossing,Houston,Texas
362,Deny,MacGraith,Female,493-75-4940,dmacgraitha1@ifeng.com,02 Pleasure Crossing,Atlanta,Georgia
363,Buffy,Cudworth,Female,308-34-6693,bcudwortha2@deviantart.com,5704 Westport Pass,Oklahoma City,Oklahoma
364,Keri,Hast,Female,553-72-8686,khasta3@comcast.net,72 Village Green Plaza,Memphis,Tennessee
365,Hamilton,Caville,Male,238-45-8596,hcavillea4@issuu.com,241 Wayridge Parkway,Washington,District of Columbia
366,Jeralee,Ferrino,Female,611-56-4721,jferrinoa5@cdbaby.com,10 Namekagon Lane,Pinellas Park,Florida
367,Lou,Bewsey,Male,418-56-3561,lbewseya6@hexun.com,9122 Declaration Road,Augusta,Georgia
368,Abramo,Kaming,Male,276-44-5976,akaminga7@newyorker.com,597 Mayfield Junction,Virginia Beach,Virginia
369,Anallise,Lantry,Female,333-15-5659,alantrya8@miibeian.gov.cn,83498 Anhalt Parkway,Washington,District of Columbia
370,Alla,Giorgi,Female,322-50-6181,agiorgia9@is.gd,91625 Shoshone Lane,Tampa,Florida
371,Orin,Ellesworthe,Agender,865-10-4189,oelleswortheaa@mail.ru,3305 Fordem Center,Richmond,Virginia
372,Bryanty,Passler,Male,736-24-5326,bpasslerab@usatoday.com,567 Beilfuss Center,Springfield,Illinois
373,Marthena,Wagnerin,Female,226-94-5049,mwagnerinac@un.org,4635 Hintze Avenue,Hialeah,Florida
374,Marigold,Malter,Female,284-04-6989,mmalterad@ted.com,44 Del Mar Circle,Knoxville,Tennessee
375,Karlens,Gianolo,Male,551-72-1400,kgianoloae@blogtalkradio.com,4213 Kennedy Hill,Louisville,Kentucky
376,Crichton,Revie,Male,131-72-2543,crevieaf@gmpg.org,25 Eastwood Avenue,Richmond,Virginia
377,Emmalee,Cornall,Female,522-42-9394,ecornallag@comsenz.com,490 Wayridge Street,Detroit,Michigan
378,Steffi,Tippett,Female,449-60-1899,stippettah@prnewswire.com,8067 Old Shore Junction,El Paso,Texas
379,Lexine,McDuffie,Female,515-69-7036,lmcduffieai@washington.edu,10 Grover Crossing,Chicago,Illinois
380,Philly,Blanchette,Female,480-66-0912,pblanchetteaj@nih.gov,06860 Dapin Place,Washington,District of Columbia
381,Elliot,Belderfield,Male,652-66-4981,ebelderfieldak@icio.us,635 Basil Plaza,San Jose,California
382,Annalee,Kasman,Female,148-94-8332,akasmanal@rambler.ru,6844 Oak Junction,Sacramento,California
383,Em,Verrechia,Male,292-16-5024,everrechiaam@umich.edu,434 Darwin Hill,Louisville,Kentucky
384,Farica,Sieghart,Female,507-51-8443,fsieghartan@diigo.com,82228 Merchant Drive,Pasadena,California
385,Ariel,Lacroutz,Genderqueer,251-73-3914,alacroutzao@wsj.com,02878 Crescent Oaks Alley,Des Moines,Iowa
386,Alina,Pinnick,Female,180-87-5299,apinnickap@dmoz.org,88 Northridge Parkway,Pasadena,California
387,Ted,Holme,Male,701-18-8453,tholmeaq@princeton.edu,1205 Scoville Junction,Reno,Nevada
388,Iris,Van Arsdalen,Female,848-38-8596,ivanarsdalenar@zimbio.com,6965 Maple Wood Crossing,Anchorage,Alaska
389,Major,Rawlyns,Male,896-32-9061,mrawlynsas@google.fr,651 Main Street,San Francisco,California
390,Kristoffer,Hulbert,Male,776-90-6247,khulbertat@nba.com,4 Brentwood Place,Columbia,Missouri
391,Dev,Collisson,Male,698-17-5030,dcollissonau@friendfeed.com,33 Sutherland Circle,Gadsden,Alabama
392,Tan,Choffin,Male,404-10-8067,tchoffinav@ycombinator.com,5 Talmadge Pass,Fort Smith,Arkansas
393,Jaquelin,Dowsett,Female,251-35-5302,jdowsettaw@webmd.com,5234 Alpine Place,Virginia Beach,Virginia
394,Dinnie,Schellig,Female,354-72-5841,dschelligax@icq.com,6700 Bunting Road,Houston,Texas
395,Annora,I'anson,Female,663-34-5642,aiansonay@goodreads.com,15 Randy Point,Waco,Texas
396,Oralle,Adamson,Female,823-87-5906,oadamsonaz@google.co.uk,683 Granby Center,Pomona,California
397,Tonnie,Meynell,Male,629-41-7334,tmeynellb0@clickbank.net,03 Crescent Oaks Way,Charleston,West Virginia
398,Sibyl,Carayol,Female,127-86-6149,scarayolb1@yahoo.com,8 Myrtle Lane,York,Pennsylvania
399,Rickie,Mussen,Female,813-08-5085,rmussenb2@blogger.com,72 West Pass,Jacksonville,Florida
400,Taber,McPake,Male,552-53-4487,tmcpakeb3@drupal.org,841 Sauthoff Terrace,Atlanta,Georgia
401,Herc,Di Lucia,Male,772-07-5166,hdiluciab4@google.cn,4 Ludington Pass,New York City,New York
402,Veronique,Blewitt,Female,477-02-5103,vblewittb5@newsvine.com,5 Cambridge Center,Washington,District of Columbia
403,Aliza,Pfeiffer,Female,326-68-9871,apfeifferb6@stanford.edu,14 Anhalt Hill,Scranton,Pennsylvania
404,Patrice,Honeyghan,Male,191-94-8714,phoneyghanb7@prweb.com,1376 Hauk Pass,Asheville,North Carolina
405,Julina,Meggison,Female,885-08-9610,jmeggisonb8@answers.com,5 Maywood Parkway,Orlando,Florida
406,Grenville,Neillans,Male,535-58-5992,gneillansb9@census.gov,4637 Bellgrove Street,Austin,Texas
407,Adora,Lockery,Female,641-26-6858,alockeryba@webnode.com,90957 Stephen Way,Arlington,Virginia
408,Ladonna,Constant,Female,611-30-6969,lconstantbb@cbc.ca,8 Morningstar Alley,Allentown,Pennsylvania
409,Allard,Starrs,Male,282-05-3565,astarrsbc@reference.com,5 Old Gate Circle,Memphis,Tennessee
410,Lenore,Attack,Female,298-70-0647,lattackbd@hao123.com,9 Heath Way,Birmingham,Alabama
411,Elihu,Penburton,Genderfluid,603-54-2611,epenburtonbe@hatena.ne.jp,54797 Reinke Court,Chicago,Illinois
412,Roxine,Wharlton,Female,644-05-5825,rwharltonbf@opensource.org,073 Basil Park,Des Moines,Iowa
413,Bronny,Pebworth,Male,267-19-8300,bpebworthbg@comsenz.com,5364 Cody Road,El Paso,Texas
414,Lou,Rappoport,Male,349-13-4350,lrappoportbh@exblog.jp,6 Hoepker Center,Atlanta,Georgia
415,Gerrie,Leadston,Male,665-39-3895,gleadstonbi@ning.com,42 Westridge Point,Houston,Texas
416,Rosmunda,Deakins,Female,671-56-6540,rdeakinsbj@example.com,61761 Stephen Pass,Washington,District of Columbia
417,Benedikt,Slot,Male,842-62-6962,bslotbk@cafepress.com,8327 Buell Crossing,Salt Lake City,Utah
418,Toni,Goford,Female,461-76-6288,tgofordbl@zdnet.com,13 Westridge Lane,Cleveland,Ohio
419,Theresina,Attack,Female,408-97-3257,tattackbm@google.cn,98507 Cody Street,Hartford,Connecticut
420,Pren,Cuncliffe,Male,197-84-1741,pcuncliffebn@pinterest.com,209 Lien Point,Norwalk,Connecticut
421,Merrily,Simoneton,Female,219-68-5308,msimonetonbo@ihg.com,9 Kingsford Pass,Tucson,Arizona
422,Corri,Roze,Female,117-48-5918,crozebp@cnn.com,9509 Corry Pass,Inglewood,California
423,Brien,Isaacson,Male,640-56-0884,bisaacsonbq@soup.io,84 Lakewood Center,Columbus,Ohio
424,Lovell,Carlo,Male,571-96-3554,lcarlobr@acquirethisname.com,51672 Oakridge Way,Tampa,Florida
425,Bjorn,Dollard,Male,605-75-6968,bdollardbs@discuz.net,69 Shelley Pass,Houston,Texas
426,Shea,Fortie,Male,266-25-2539,sfortiebt@uol.com.br,0 Mendota Hill,Montgomery,Alabama
427,Rafael,Kilbee,Male,244-88-6761,rkilbeebu@youtube.com,16582 Mosinee Parkway,Fredericksburg,Virginia
428,Ettore,Dorbin,Male,297-59-3670,edorbinbv@walmart.com,925 Holy Cross Place,Los Angeles,California
429,Alain,Bozworth,Male,321-55-5850,abozworthbw@answers.com,68 Jana Avenue,Grand Rapids,Michigan
430,Der,Flear,Male,193-03-5470,dflearbx@bizjournals.com,2 Mariners Cove Point,Pittsburgh,Pennsylvania
431,Zaria,Poinsett,Female,622-55-6932,zpoinsettby@ameblo.jp,86763 Dwight Hill,Santa Fe,New Mexico
432,Rhody,Forsdike,Female,636-98-7517,rforsdikebz@google.es,46 Forest Dale Terrace,Long Beach,California
433,Eziechiele,Tomaino,Male,897-08-9326,etomainoc0@behance.net,914 Kedzie Circle,New Orleans,Louisiana
434,Pris,Chapman,Female,765-30-1890,pchapmanc1@vk.com,75140 Holy Cross Hill,Saint Paul,Minnesota
435,Katharyn,Maddin,Female,606-61-0099,kmaddinc2@4shared.com,68668 Luster Terrace,Erie,Pennsylvania
436,Rori,Wenderott,Female,665-13-3811,rwenderottc3@mail.ru,2619 Kenwood Hill,Lake Worth,Florida
437,Brittani,Heaffey,Female,891-53-9282,bheaffeyc4@oakley.com,83 West Way,Lubbock,Texas
438,Margaretta,Hedingham,Female,760-05-1156,mhedinghamc5@godaddy.com,1602 Rockefeller Plaza,Amarillo,Texas
439,Gayle,Boyan,Male,491-26-9679,gboyanc6@youtu.be,67 Mendota Circle,Hartford,Connecticut
440,Saxon,Holberry,Male,789-78-6906,sholberryc7@xinhuanet.com,1 Fieldstone Circle,Ocala,Florida
441,Marcela,MacGiolla,Female,557-02-9892,mmacgiollac8@123-reg.co.uk,87283 Calypso Hill,Phoenix,Arizona
442,Ringo,Sidsaff,Male,571-02-5411,rsidsaffc9@umich.edu,516 Kennedy Way,New York City,New York
443,Saunderson,Hourston,Male,870-01-8658,shourstonca@uiuc.edu,114 Emmet Road,Saint Louis,Missouri
444,Quinn,Juleff,Male,428-52-5352,qjuleffcb@cargocollective.com,109 Hoard Terrace,Kissimmee,Florida
445,Lawry,Oxby,Male,587-51-3669,loxbycc@cam.ac.uk,83589 Cody Point,Nashville,Tennessee
446,Karly,Varley,Female,706-53-7140,kvarleycd@unicef.org,024 Moulton Way,Miami,Florida
447,Sammy,Moden,Male,310-39-6216,smodence@thetimes.co.uk,21 Haas Point,San Antonio,Texas
448,Rodie,Durman,Female,864-21-2912,rdurmancf@drupal.org,44 Norway Maple Alley,Kansas City,Missouri
449,Birgit,Natte,Female,634-18-2919,bnattecg@godaddy.com,62 Westerfield Park,Naples,Florida
450,Mellisent,Treece,Female,748-30-9081,mtreecech@hhs.gov,09051 Debra Street,Irvine,California
451,Brendis,Wheadon,Bigender,512-88-0146,bwheadonci@tinypic.com,17056 Havey Trail,Portsmouth,New Hampshire
452,Glendon,Elgram,Male,414-08-3728,gelgramcj@spotify.com,7358 Tennessee Parkway,Amarillo,Texas
453,Cesya,Pawlaczyk,Non-binary,876-26-0573,cpawlaczykck@histats.com,0358 Basil Junction,Washington,District of Columbia
454,Cilka,Hayles,Female,691-63-5326,chaylescl@scientificamerican.com,9 Warner Plaza,Little Rock,Arkansas
455,Zsazsa,Klimkiewich,Female,605-55-6435,zklimkiewichcm@zdnet.com,47 Transport Place,Littleton,Colorado
456,Stanley,Hosburn,Genderqueer,599-70-3540,shosburncn@alibaba.com,7 Pankratz Court,Atlanta,Georgia
457,Peggi,Gregorace,Female,209-15-9102,pgregoraceco@deviantart.com,5 Farmco Avenue,El Paso,Texas
458,Winona,Duny,Female,605-03-3820,wdunycp@1und1.de,9 Packers Park,New York City,New York
459,Devin,Rounsivall,Female,722-27-4488,drounsivallcq@paypal.com,73 Spohn Road,Raleigh,North Carolina
460,Gabriel,Warnes,Female,277-79-6533,gwarnescr@ox.ac.uk,5 Cardinal Drive,Washington,District of Columbia
461,Sansone,Erb,Male,662-09-5740,serbcs@ocn.ne.jp,05 Heath Lane,Fort Smith,Arkansas
462,Golda,Gutcher,Female,412-69-8309,ggutcherct@tripod.com,3162 Russell Street,New York City,New York
463,Margeaux,Sheekey,Female,427-80-4869,msheekeycu@wikipedia.org,53 Rieder Avenue,Charlotte,North Carolina
464,Ealasaid,Jowle,Female,834-96-6122,ejowlecv@globo.com,40180 Graedel Plaza,Alexandria,Virginia
465,Gerhard,Shepherdson,Male,637-79-2465,gshepherdsoncw@youtube.com,43 Homewood Junction,Midland,Texas
466,Crissy,Moniker,Female,378-40-3131,cmonikercx@dyndns.org,5 Stang Way,San Jose,California
467,Emilee,Monkman,Polygender,842-30-5127,emonkmancy@etsy.com,46 Logan Drive,Akron,Ohio
468,Dorita,Skaid,Female,402-05-8149,dskaidcz@cisco.com,3 Valley Edge Pass,Saint Augustine,Florida
469,Ryon,Paylie,Male,721-24-5782,rpaylied0@plala.or.jp,3863 Esker Point,Dallas,Texas
470,Katy,Moncey,Female,760-08-9485,kmonceyd1@wiley.com,87 Forster Avenue,Kansas City,Missouri
471,Drusie,Dufore,Female,894-07-5552,ddufored2@wufoo.com,4779 Sunnyside Parkway,Saginaw,Michigan
472,Bobbi,Sinson,Female,209-44-0971,bsinsond3@sohu.com,80115 Kensington Trail,Tacoma,Washington
473,Jarred,Andrivel,Male,551-82-1614,jandriveld4@china.com.cn,64 Judy Trail,Riverside,California
474,Lari,Swindall,Female,373-41-8861,lswindalld5@last.fm,74790 Talisman Trail,San Francisco,California
475,Charmian,Pedrozzi,Female,864-47-2195,cpedrozzid6@eventbrite.com,9 Macpherson Plaza,Jamaica,New York
476,Judith,Dent,Female,508-79-1081,jdentd7@eventbrite.com,34436 Ludington Point,Albany,New York
477,Elonore,Anthill,Female,776-20-5415,eanthilld8@dyndns.org,3 Lakeland Road,Raleigh,North Carolina
478,Madlin,Wallbank,Female,222-10-1032,mwallbankd9@tuttocitta.it,18 Blaine Alley,Bellevue,Washington
479,Thorsten,Dunstall,Male,764-57-2202,tdunstallda@wsj.com,3 Weeping Birch Terrace,Brooklyn,New York
480,Roseline,Marti,Female,397-16-1742,rmartidb@myspace.com,7 Mallory Point,Corpus Christi,Texas
481,Harrison,Stubley,Male,363-62-4261,hstubleydc@pen.io,75080 Division Avenue,Minneapolis,Minnesota
482,Row,Rugg,Non-binary,589-09-4174,rruggdd@harvard.edu,3915 Huxley Circle,Tacoma,Washington
483,Haley,Sewter,Bigender,675-02-5668,hsewterde@toplist.cz,59 Orin Trail,Hartford,Connecticut
484,Mellisent,Dowtry,Female,252-88-1549,mdowtrydf@sina.com.cn,6818 Kingsford Place,Lima,Ohio
485,Margit,Newiss,Female,478-34-8300,mnewissdg@printfriendly.com,5 Manley Drive,Kansas City,Kansas
486,Laurent,Ogilvy,Male,881-72-7314,logilvydh@nih.gov,640 Corben Place,Albany,New York
487,Jaimie,Powelee,Male,336-25-8578,jpoweleedi@wisc.edu,51 Stang Terrace,Colorado Springs,Colorado
488,Harold,Gors,Male,750-91-7626,hgorsdj@geocities.com,2225 Continental Point,Albany,New York
489,Tedman,Parsley,Male,789-92-1409,tparsleydk@sbwire.com,43 Sheridan Park,Phoenix,Arizona
490,Jennie,Bullman,Female,263-27-7928,jbullmandl@hibu.com,81 Iowa Point,Montgomery,Alabama
491,Andrei,Quarry,Female,841-76-0592,aquarrydm@ucla.edu,546 Elgar Road,Amarillo,Texas
492,Lucais,Hedau,Male,779-23-1035,lhedaudn@technorati.com,6 Nova Avenue,Omaha,Nebraska
493,Teador,Mixworthy,Male,141-12-8679,tmixworthydo@qq.com,09 Cherokee Lane,Glendale,California
494,Haley,Cobbe,Female,253-28-1199,hcobbedp@samsung.com,85 Hoffman Plaza,Young America,Minnesota
495,Sharla,Newns,Female,106-32-2594,snewnsdq@washingtonpost.com,07 Troy Alley,Jacksonville,Florida
496,Phineas,Warbey,Male,435-03-5290,pwarbeydr@icq.com,7677 New Castle Court,Charleston,West Virginia
497,Beryle,Curnokk,Female,165-61-2348,bcurnokkds@com.com,2780 Redwing Crossing,Farmington,Michigan
498,Herold,Pendall,Male,177-75-7246,hpendalldt@goo.ne.jp,48 Valley Edge Pass,Wichita Falls,Texas
499,Cairistiona,Allbrook,Female,682-23-4095,callbrookdu@deliciousdays.com,28077 Declaration Plaza,Miami,Florida
500,Matthias,Allain,Male,150-68-4938,mallaindv@telegraph.co.uk,4443 Fairfield Hill,Oklahoma City,Oklahoma
501,Zacharia,Colter,Male,696-18-5644,zcolterdw@dyndns.org,948 Michigan Avenue,Grand Rapids,Michigan
502,Mariya,Rouby,Female,157-41-1351,mroubydx@stanford.edu,626 Prairie Rose Center,Trenton,New Jersey
503,Trish,McGuggy,Female,475-89-9164,tmcguggydy@lycos.com,73 Iowa Court,Miami,Florida
504,Emery,Irwin,Male,503-15-6572,eirwindz@4shared.com,625 Susan Way,San Bernardino,California
505,Gianna,Welbeck,Female,700-19-0500,gwelbecke0@forbes.com,13192 Lawn Plaza,Rochester,New York
506,Stephenie,Stockley,Female,395-44-7480,sstockleye1@pcworld.com,9915 Garrison Way,Oklahoma City,Oklahoma
507,Donia,Barlas,Female,523-91-2789,dbarlase2@networksolutions.com,87301 Declaration Center,Memphis,Tennessee
508,Fonzie,Darbon,Male,745-02-6232,fdarbone3@blogger.com,741 Meadow Ridge Parkway,Chicago,Illinois
509,Nonna,Chestney,Female,896-27-9284,nchestneye4@reddit.com,79 Manufacturers Trail,New York City,New York
510,Farris,Benduhn,Male,657-62-3537,fbenduhne5@tamu.edu,4 Clyde Gallagher Pass,Jacksonville,Florida
511,Adan,Sainsbury-Brown,Male,694-67-5036,asainsburybrowne6@google.fr,06 Porter Lane,Minneapolis,Minnesota
512,Kiel,Clipsham,Male,590-59-3429,kclipshame7@moonfruit.com,56603 Anderson Center,Dayton,Ohio
513,Rici,Marchelli,Female,288-02-8668,rmarchellie8@noaa.gov,9 Quincy Way,Baton Rouge,Louisiana
514,Allistir,Rohlfs,Male,817-85-3592,arohlfse9@yellowpages.com,194 Schurz Park,Spokane,Washington
515,Krissy,Seage,Female,713-86-8356,kseageea@shinystat.com,27 Pond Trail,Washington,District of Columbia
516,Winfred,Sunner,Male,719-72-2550,wsunnereb@businessinsider.com,089 Jackson Avenue,Midland,Michigan
517,Bryanty,Darwin,Male,871-72-9910,bdarwinec@reuters.com,8 Karstens Crossing,Orlando,Florida
518,Erik,Bransden,Male,391-48-0305,ebransdened@dion.ne.jp,98369 Oak Way,Springfield,Illinois
519,Caresa,Ashwell,Female,560-38-1450,cashwellee@statcounter.com,308 Helena Drive,Boulder,Colorado
520,Bella,Earney,Female,754-68-3715,bearneyef@bandcamp.com,337 Macpherson Drive,Jackson,Mississippi
521,Brina,Byrth,Female,120-62-7271,bbyrtheg@slashdot.org,07282 Pearson Center,San Antonio,Texas
522,Brigid,Shattock,Female,783-71-5271,bshattockeh@wikispaces.com,005 Clyde Gallagher Court,Albuquerque,New Mexico
523,Dorena,Spratling,Female,855-65-0128,dspratlingei@simplemachines.org,84928 6th Lane,Durham,North Carolina
524,Lora,Ghiriardelli,Female,692-72-0976,lghiriardelliej@canalblog.com,2 Kingsford Point,Reno,Nevada
525,Carita,Poile,Female,739-20-1953,cpoileek@washington.edu,478 Killdeer Lane,Amarillo,Texas
526,Merlina,Nevett,Female,186-10-8661,mnevettel@cbsnews.com,2295 Victoria Hill,Houston,Texas
527,Edeline,Whitsey,Female,294-36-1534,ewhitseyem@purevolume.com,8 Darwin Street,Salt Lake City,Utah
528,Jsandye,Pynner,Female,324-55-6745,jpynneren@sohu.com,6 Prairieview Court,Beaverton,Oregon
529,Ellissa,Fursse,Female,319-25-5933,efursseeo@cbslocal.com,7 Vahlen Road,Beaverton,Oregon
530,Moises,Ledward,Male,135-20-8934,mledwardep@xrea.com,4 Knutson Point,Lubbock,Texas
531,Nelie,Trevaskis,Female,243-84-2544,ntrevaskiseq@ycombinator.com,8 Briar Crest Terrace,Dallas,Texas
532,Berk,Parrott,Male,813-71-9051,bparrotter@ehow.com,705 Mitchell Road,Olympia,Washington
533,Kellie,Buckenham,Female,300-39-8842,kbuckenhames@freewebs.com,0 Oriole Parkway,Salt Lake City,Utah
534,Stephannie,Ainley,Genderqueer,261-78-5849,sainleyet@flavors.me,76820 Scott Crossing,Washington,District of Columbia
535,Denny,Valerio,Female,197-71-2068,dvalerioeu@state.gov,54172 Debra Trail,Charleston,West Virginia
536,Norry,McCorkell,Female,499-27-2756,nmccorkellev@about.me,56858 Myrtle Junction,Brooklyn,New York
537,Gerik,Adran,Male,891-61-7191,gadranew@smh.com.au,513 Twin Pines Trail,Trenton,New Jersey
538,Samuele,Phippard,Male,592-57-3280,sphippardex@bloomberg.com,38325 Barnett Crossing,White Plains,New York
539,Nicholas,McIlroy,Male,187-82-5116,nmcilroyey@google.co.uk,001 Graceland Terrace,Jackson,Mississippi
540,Tracie,Swadling,Genderqueer,749-70-6165,tswadlingez@bizjournals.com,1 Melvin Lane,Mobile,Alabama
541,Daisey,Micheu,Female,190-95-7274,dmicheuf0@sourceforge.net,3220 Springs Pass,Tulsa,Oklahoma
542,Wilek,Leindecker,Male,522-72-2564,wleindeckerf1@wired.com,94 Lake View Lane,Amarillo,Texas
543,Dorthea,Fownes,Polygender,416-87-2952,dfownesf2@irs.gov,0 Marquette Street,Jackson,Mississippi
544,Cybill,Carden,Female,214-09-2379,ccardenf3@yahoo.co.jp,95581 Annamark Place,Saint Paul,Minnesota
545,Rayner,Philott,Male,324-54-6079,rphilottf4@1und1.de,6324 Shasta Parkway,Washington,District of Columbia
546,Maximilien,Dennes,Male,379-76-7786,mdennesf5@domainmarket.com,284 Oxford Lane,Temple,Texas
547,Ethe,Rawlings,Male,365-26-1674,erawlingsf6@dropbox.com,69702 Pine View Place,Jackson,Mississippi
548,Tarrah,McGettigan,Female,305-19-4043,tmcgettiganf7@behance.net,58137 Sage Court,Fort Myers,Florida
549,Mair,Clemenzo,Female,612-99-4193,mclemenzof8@hp.com,05518 Walton Way,Tulsa,Oklahoma
550,Libbi,Andreacci,Female,891-85-0932,landreaccif9@slideshare.net,66539 Southridge Point,Santa Monica,California
551,Jedediah,Clayal,Male,159-07-4648,jclayalfa@clickbank.net,6216 Oakridge Plaza,Trenton,New Jersey
552,Ludovico,Eddisford,Male,193-87-6904,leddisfordfb@google.com.au,0878 Carey Pass,Memphis,Tennessee
553,Thatcher,McGhie,Male,883-42-0871,tmcghiefc@sourceforge.net,7769 Loeprich Place,Saint Paul,Minnesota
554,Sallie,Silverthorne,Female,126-14-0555,ssilverthornefd@businesswire.com,32 Atwood Court,Hyattsville,Maryland
555,Maybelle,Ripon,Genderqueer,344-89-8143,mriponfe@amazon.co.uk,53581 Transport Street,Las Cruces,New Mexico
556,Lianna,Standeven,Polygender,253-11-6838,lstandevenff@yandex.ru,84 Bunting Park,Macon,Georgia
557,Candis,Hadden,Female,624-52-3960,chaddenfg@merriam-webster.com,94 Roxbury Trail,New York City,New York
558,Barnabas,Rollins,Male,854-81-7404,brollinsfh@sun.com,1 Dapin Drive,Reno,Nevada
559,Fawnia,Scoone,Female,149-02-1339,fscoonefi@meetup.com,6575 Almo Hill,Tallahassee,Florida
560,Lelia,Garbutt,Bigender,365-23-0626,lgarbuttfj@free.fr,57777 Weeping Birch Pass,Reno,Nevada
561,Phillipe,Chadburn,Male,699-07-2122,pchadburnfk@mashable.com,15095 Valley Edge Court,Youngstown,Ohio
562,Raf,Labdon,Female,347-69-6679,rlabdonfl@vinaora.com,263 Sunnyside Place,Detroit,Michigan
563,Ame,Gerrelts,Female,377-29-7566,agerreltsfm@com.com,2825 Delaware Parkway,Amarillo,Texas
564,Fair,Feeley,Male,517-68-6227,ffeeleyfn@tamu.edu,54722 Dunning Alley,Shreveport,Louisiana
565,Dyanne,McIlvaney,Agender,679-43-9720,dmcilvaneyfo@wiley.com,1713 Coleman Alley,Hartford,Connecticut
566,Aleksandr,Mounfield,Male,739-13-7444,amounfieldfp@answers.com,1 Mallard Lane,Baton Rouge,Louisiana
567,Griffin,Embling,Male,325-19-1181,gemblingfq@yellowpages.com,3 Memorial Terrace,Providence,Rhode Island
568,Almeta,Harrod,Female,127-24-6630,aharrodfr@whitehouse.gov,0777 Pleasure Road,Washington,District of Columbia
569,Tadd,Dudek,Male,647-08-2134,tdudekfs@cam.ac.uk,9124 Summerview Lane,Little Rock,Arkansas
570,Lamond,Clemot,Male,354-23-2683,lclemotft@howstuffworks.com,4575 Marcy Trail,Wichita,Kansas
571,Rachelle,Matuskiewicz,Female,285-09-0235,rmatuskiewiczfu@boston.com,1 Dawn Way,Boulder,Colorado
572,Rurik,Dearle,Male,193-97-1002,rdearlefv@elpais.com,1 Armistice Terrace,Colorado Springs,Colorado
573,Ryann,Landsberg,Female,205-56-4102,rlandsbergfw@elpais.com,5852 Old Gate Street,Montgomery,Alabama
574,Hall,Freak,Male,637-30-7144,hfreakfx@psu.edu,342 Gale Place,Jackson,Mississippi
575,Charmian,MacKettrick,Polygender,620-60-7180,cmackettrickfy@mozilla.org,76 Sullivan Way,Miami,Florida
576,Perceval,Cornelis,Male,884-14-4751,pcornelisfz@usa.gov,04545 Delladonna Crossing,Bonita Springs,Florida
577,Henry,Pontain,Male,179-90-9363,hpontaing0@sun.com,5 Mayer Avenue,Oxnard,California
578,Tatiana,Blincow,Female,699-54-6130,tblincowg1@boston.com,9801 Pennsylvania Point,Winter Haven,Florida
579,Tristam,MacAlpin,Male,350-95-2290,tmacalping2@mac.com,55 Maple Pass,Orange,California
580,Garrett,Leber,Male,584-67-0999,gleberg3@hao123.com,0079 Brickson Park Lane,Fargo,North Dakota
581,Dell,Oslar,Female,747-73-9929,doslarg4@myspace.com,9 Upham Parkway,Newton,Massachusetts
582,Lesley,Tadd,Male,529-76-3572,ltaddg5@discuz.net,81 Charing Cross Terrace,Columbia,Missouri
583,Fran,MacKain,Male,103-74-3898,fmackaing6@nhs.uk,8 Anzinger Pass,Hot Springs National Park,Arkansas
584,Kimbell,Dumberrill,Agender,627-47-9220,kdumberrillg7@ustream.tv,7 Blaine Hill,Minneapolis,Minnesota
585,Tallie,Peers,Female,883-88-2205,tpeersg8@amazon.com,79 Hazelcrest Alley,Montgomery,Alabama
586,Granville,Peasegood,Male,882-01-3477,gpeasegoodg9@dagondesign.com,5 Messerschmidt Plaza,Baton Rouge,Louisiana
587,Marice,Alekseev,Female,529-18-5045,malekseevga@yahoo.co.jp,82 Briar Crest Drive,Memphis,Tennessee
588,Devonna,Cramb,Female,768-01-3011,dcrambgb@lulu.com,487 Heath Crossing,San Mateo,California
589,Chiarra,Oakhill,Female,251-48-9563,coakhillgc@washington.edu,1 Waywood Junction,Reading,Pennsylvania
590,Hubert,Hamp,Male,560-02-4907,hhampgd@sphinn.com,98570 Spaight Way,Huntington,West Virginia
591,Bobbie,Kaygill,Male,795-08-6689,bkaygillge@squarespace.com,07 Service Hill,Oakland,California
592,Calvin,Bangiard,Male,890-55-2098,cbangiardgf@pcworld.com,260 Lunder Parkway,Wilmington,Delaware
593,Waite,Oda,Male,105-46-3406,wodagg@sourceforge.net,38 Forest Street,Saint Louis,Missouri
594,Lorianne,Eustace,Polygender,613-83-2060,leustacegh@w3.org,9 Meadow Vale Parkway,Norfolk,Virginia
595,Bryana,Brazel,Female,371-71-6166,bbrazelgi@latimes.com,76 Bayside Drive,Peoria,Illinois
596,Elvis,Kulas,Polygender,409-91-8276,ekulasgj@mozilla.org,16775 Bluejay Way,Dayton,Ohio
597,Koenraad,Schott,Male,217-47-6016,kschottgk@bluehost.com,3359 Nobel Pass,Portland,Maine
598,Maighdiln,Eighteen,Female,353-39-2816,meighteengl@dailymotion.com,8 Melby Junction,Oklahoma City,Oklahoma
599,Leonore,Roper,Female,200-90-3632,lropergm@opensource.org,5 Clarendon Trail,Omaha,Nebraska
600,Waylin,Millgate,Male,467-20-8654,wmillgategn@miibeian.gov.cn,46818 Basil Crossing,Canton,Ohio
601,Eadith,Fronks,Female,220-95-5202,efronksgo@un.org,02447 Moulton Park,Lexington,Kentucky
602,Klement,Nerheny,Male,372-38-9165,knerhenygp@house.gov,28015 Pennsylvania Junction,Pasadena,California
603,Artur,Scolli,Male,484-59-4514,ascolligq@netscape.com,91812 New Castle Point,Fresno,California
604,Fergus,Sparham,Male,637-08-9689,fsparhamgr@reddit.com,49128 1st Street,Tallahassee,Florida
605,Brittney,Bodycombe,Female,787-90-8814,bbodycombegs@dell.com,740 Carioca Center,Hartford,Connecticut
606,Amara,Hutchinges,Female,734-27-4569,ahutchingesgt@mayoclinic.com,58370 High Crossing Junction,Portland,Oregon
607,Hugibert,Stivey,Genderfluid,301-06-7435,hstiveygu@tuttocitta.it,270 Hovde Parkway,Odessa,Texas
608,My,Pylkynyton,Male,836-25-7314,mpylkynytongv@w3.org,0722 Columbus Center,New Orleans,Louisiana
609,Michael,Hollow,Male,281-71-8029,mhollowgw@myspace.com,115 Darwin Road,Brockton,Massachusetts
610,Judie,Lydden,Female,286-30-7660,jlyddengx@cbsnews.com,0 Oxford Road,Sacramento,California
611,Laird,MacKee,Male,504-10-1874,lmackeegy@ucoz.com,0 Brentwood Drive,San Diego,California
612,Theresa,Kerfut,Female,832-13-0169,tkerfutgz@skyrock.com,0 Dexter Parkway,Seattle,Washington
613,Cyrill,Pappi,Male,801-33-8711,cpappih0@macromedia.com,69079 Pennsylvania Center,Washington,District of Columbia
614,Jesse,Holby,Genderqueer,704-20-9250,jholbyh1@ning.com,94 Hoepker Hill,Waterbury,Connecticut
615,Del,Jancy,Female,329-57-2350,djancyh2@opensource.org,9 Clarendon Center,San Diego,California
616,Meier,Cherrington,Male,254-48-3628,mcherringtonh3@constantcontact.com,41004 Arizona Lane,Warren,Michigan
617,Virginie,Proctor,Female,641-57-2005,vproctorh4@spotify.com,79 Butterfield Drive,El Paso,Texas
618,Adriaens,Bidnall,Female,150-92-8747,abidnallh5@odnoklassniki.ru,04 Northwestern Circle,Macon,Georgia
619,Dolores,Lenaghen,Female,616-90-8328,dlenaghenh6@typepad.com,13361 Southridge Court,Richmond,Virginia
620,Emory,Pargeter,Male,293-84-6698,epargeterh7@yelp.com,7 Autumn Leaf Drive,Grand Forks,North Dakota
621,Araldo,Dulake,Male,466-93-2098,adulakeh8@homestead.com,13 Chinook Court,Hartford,Connecticut
622,Ferdinand,Tapner,Male,303-62-8722,ftapnerh9@sphinn.com,177 Holmberg Drive,Des Moines,Iowa
623,Drake,Di Biasi,Male,720-74-5294,ddibiasiha@smugmug.com,27332 Ronald Regan Circle,Boston,Massachusetts
624,Stanley,O' Hogan,Male,841-02-3015,sohoganhb@businesswire.com,90221 Hanover Junction,Winter Haven,Florida
625,Barbabas,Cotte,Male,720-32-8034,bcottehc@i2i.jp,94 Delaware Terrace,Atlanta,Georgia
626,Pail,Sager,Male,588-19-0558,psagerhd@washingtonpost.com,4 Gina Alley,San Rafael,California
627,Gwenni,Varey,Female,742-39-3598,gvareyhe@columbia.edu,07491 Heath Lane,Denton,Texas
628,Benedetto,Mitkov,Male,741-52-5503,bmitkovhf@skype.com,90567 Kensington Alley,Baltimore,Maryland
629,Trever,Edmons,Male,772-83-0879,tedmonshg@ovh.net,12 Morning Parkway,El Paso,Texas
630,Fey,Eversley,Female,292-80-7047,feversleyhh@craigslist.org,25574 Shelley Point,West Palm Beach,Florida
631,Hugh,Polk,Male,444-36-0511,hpolkhi@bluehost.com,5 Pearson Way,Richmond,Virginia
632,Joseph,Leivesley,Male,592-05-8088,jleivesleyhj@wiley.com,9 Valley Edge Lane,Madison,Wisconsin
633,Leshia,Tiffney,Female,841-77-7997,ltiffneyhk@addthis.com,1122 Village Junction,Lawrenceville,Georgia
634,Dorolice,Charrington,Female,817-14-2609,dcharringtonhl@cargocollective.com,25 Maple Alley,Shawnee Mission,Kansas
635,Wain,Bosse,Male,650-05-6430,wbossehm@hugedomains.com,707 Hallows Avenue,Pocatello,Idaho
636,Des,Bartolini,Male,178-68-3777,dbartolinihn@so-net.ne.jp,7628 Valley Edge Way,New York City,New York
637,Mord,Dimmne,Male,828-62-6047,mdimmneho@ow.ly,5 Redwing Drive,Olympia,Washington
638,Omero,Herries,Male,422-19-2372,oherrieshp@slate.com,46 Dryden Junction,Orlando,Florida
639,Rozalie,Kime,Female,111-91-1729,rkimehq@desdev.cn,4861 Pond Junction,San Diego,California
640,Powell,Musla,Male,855-69-3657,pmuslahr@tripadvisor.com,4158 Tomscot Street,Garden Grove,California
641,Andreas,Pymer,Male,749-16-2943,apymerhs@newyorker.com,76 Lillian Junction,Mobile,Alabama
642,Sabine,Fender,Polygender,478-09-8509,sfenderht@omniture.com,962 Mockingbird Road,San Diego,California
643,Terencio,Karle,Male,883-50-7426,tkarlehu@constantcontact.com,6 Messerschmidt Terrace,Orlando,Florida
644,Cordell,Dufaur,Male,707-27-6870,cdufaurhv@nifty.com,85 Mockingbird Place,Tulsa,Oklahoma
645,Murial,Mesant,Female,505-62-7915,mmesanthw@npr.org,4405 Lien Pass,Durham,North Carolina
646,Gordy,Bowne,Polygender,519-81-7317,gbownehx@state.tx.us,421 Kingsford Junction,Austin,Texas
647,Dwayne,Nassau,Male,552-58-7448,dnassauhy@list-manage.com,2 Declaration Avenue,Kalamazoo,Michigan
648,Gilly,Posselt,Female,176-19-4126,gposselthz@youtu.be,7792 Dennis Alley,Washington,District of Columbia
649,Lennard,Ambrosio,Male,522-39-7337,lambrosioi0@yellowbook.com,1683 Hauk Drive,Plano,Texas
650,Wells,Hartmann,Male,744-35-7617,whartmanni1@spotify.com,41851 Badeau Alley,Hampton,Virginia
651,Erv,McAughtry,Male,702-49-5321,emcaughtryi2@cdc.gov,04 Independence Terrace,Odessa,Texas
652,Alis,Sindell,Female,868-15-6847,asindelli3@globo.com,35 Mosinee Park,Boston,Massachusetts
653,Ivonne,Krier,Female,843-28-3895,ikrieri4@naver.com,76 Hudson Center,South Bend,Indiana
654,Amory,Bacchus,Male,570-88-2236,abacchusi5@nps.gov,13 Caliangt Plaza,Harrisburg,Pennsylvania
655,Averil,Stephen,Male,366-97-8312,astepheni6@naver.com,3 7th Alley,Palmdale,California
656,Virge,Capstaff,Male,700-61-0852,vcapstaffi7@imdb.com,5 Nobel Court,San Antonio,Texas
657,Dede,Quemby,Female,577-83-5196,dquembyi8@shinystat.com,3401 Londonderry Junction,Columbia,South Carolina
658,Dulciana,Elfes,Female,418-40-6503,delfesi9@icio.us,72 Northwestern Pass,Orlando,Florida
659,Boote,Farraway,Male,857-87-9968,bfarrawayia@fc2.com,80 Upham Point,Greeley,Colorado
660,Jard,Sent,Male,184-91-0493,jsentib@posterous.com,727 Eagan Street,Miami,Florida
661,Leena,Froom,Female,675-14-0908,lfroomic@goodreads.com,62817 Hanson Lane,Washington,District of Columbia
662,Jeni,Watford,Female,552-41-9423,jwatfordid@comcast.net,7 Glendale Junction,Madison,Wisconsin
663,Chris,Sherborne,Female,716-71-0302,csherborneie@shutterfly.com,3 Leroy Park,Houston,Texas
664,Chrysler,Allred,Female,588-17-3100,callredif@forbes.com,5 Packers Drive,Maple Plain,Minnesota
665,Noel,Stoven,Male,546-35-8538,nstovenig@un.org,2686 Waywood Trail,Boston,Massachusetts
666,Micky,Besemer,Female,424-08-7821,mbesemerih@wsj.com,96275 Heath Parkway,Philadelphia,Pennsylvania
667,Helen,Mendus,Female,232-04-9625,hmendusii@redcross.org,98533 Scott Lane,Montgomery,Alabama
668,Shaina,Brearley,Female,607-11-0781,sbrearleyij@xinhuanet.com,4850 Fallview Center,San Mateo,California
669,Ursuline,Belchamber,Female,743-39-9373,ubelchamberik@google.fr,3 Sauthoff Point,Atlanta,Georgia
670,Timotheus,Orro,Male,342-23-3132,torroil@mapquest.com,983 Boyd Lane,Tallahassee,Florida
671,Nertie,Phettiplace,Female,131-88-2423,nphettiplaceim@whitehouse.gov,26253 Kipling Lane,Sacramento,California
672,Riley,Pemble,Male,739-78-2884,rpemblein@weather.com,774 Dennis Road,Lexington,Kentucky
673,Nichol,Winter,Female,400-85-0975,nwinterio@wunderground.com,49426 Mcbride Lane,Oklahoma City,Oklahoma
674,Becka,Draysay,Female,172-59-5077,bdraysayip@digg.com,362 Arizona Street,Boston,Massachusetts
675,Marie-ann,Hunn,Non-binary,695-11-1347,mhunniq@dropbox.com,12 North Court,Lexington,Kentucky
676,Juditha,Lafont,Female,796-33-7466,jlafontir@ox.ac.uk,17 Luster Avenue,Lake Charles,Louisiana
677,Jaclin,Colcomb,Female,691-11-5269,jcolcombis@dedecms.com,76366 Oak Terrace,Atlanta,Georgia
678,Mohandas,Perulli,Male,468-22-2938,mperulliit@constantcontact.com,53 Helena Point,Dayton,Ohio
679,Mariele,Playfoot,Non-binary,875-22-2244,mplayfootiu@dailymotion.com,1274 Briar Crest Drive,Chattanooga,Tennessee
680,Corliss,Duckhouse,Female,655-26-8303,cduckhouseiv@fema.gov,4 Clyde Gallagher Point,Saint Paul,Minnesota
681,Brena,Garvey,Female,352-74-7602,bgarveyiw@irs.gov,027 Kensington Street,Chicago,Illinois
682,Brandais,Raund,Female,495-68-6660,braundix@delicious.com,4506 Springs Avenue,Tulsa,Oklahoma
683,Orv,Carrane,Male,846-71-9312,ocarraneiy@phoca.cz,4938 Manufacturers Circle,Manassas,Virginia
684,Gaylene,Monckman,Female,466-38-9109,gmonckmaniz@vinaora.com,920 Coleman Trail,Annapolis,Maryland
685,Jeannine,Crunkhurn,Female,610-12-2786,jcrunkhurnj0@va.gov,389 Dayton Pass,Portland,Oregon
686,Freemon,Kintzel,Male,231-65-2709,fkintzelj1@mysql.com,67 Bellgrove Park,Los Angeles,California
687,Moina,Partrick,Female,143-70-8396,mpartrickj2@last.fm,3 2nd Terrace,Rochester,New York
688,Stan,ODocherty,Male,210-96-9460,sodochertyj3@hexun.com,1 Crescent Oaks Place,Bethlehem,Pennsylvania
689,Urson,Walicki,Male,541-75-1253,uwalickij4@state.gov,9572 Wayridge Plaza,Oklahoma City,Oklahoma
690,Crissy,Chudleigh,Female,783-91-5843,cchudleighj5@ameblo.jp,6875 Sutteridge Place,Reno,Nevada
691,Alyse,McAuliffe,Female,141-31-0614,amcauliffej6@godaddy.com,61 Arizona Parkway,Albuquerque,New Mexico
692,Anatole,Massen,Male,577-31-4235,amassenj7@t.co,196 Susan Circle,Riverside,California
693,Moses,Sherer,Male,486-91-6654,mshererj8@newsvine.com,08 Laurel Plaza,Denver,Colorado
694,Daniel,Kells,Male,846-10-5944,dkellsj9@netscape.com,16 Carpenter Avenue,Minneapolis,Minnesota
695,Milly,Pearse,Female,736-73-5420,mpearseja@omniture.com,5 Canary Alley,Alhambra,California
696,Caralie,Tibald,Female,563-69-9108,ctibaldjb@google.com.hk,940 Moulton Plaza,Salt Lake City,Utah
697,Emmit,Friese,Male,305-57-6711,efriesejc@house.gov,3578 Mallard Avenue,Santa Fe,New Mexico
698,Sisile,Marconi,Bigender,593-92-7079,smarconijd@ucoz.com,041 Sutherland Crossing,Long Beach,California
699,Cori,Carmont,Female,709-18-8749,ccarmontje@cafepress.com,03558 Mandrake Trail,Cincinnati,Ohio
700,Maggi,Palister,Female,350-46-8648,mpalisterjf@addtoany.com,32200 Merchant Hill,San Diego,California
701,Sibelle,Monksfield,Female,199-27-5398,smonksfieldjg@ehow.com,60 Laurel Street,San Diego,California
702,Bunnie,Yuryatin,Female,136-31-6618,byuryatinjh@jiathis.com,6624 Sundown Hill,Glendale,California
703,Pauli,Cussen,Female,133-20-8846,pcussenji@csmonitor.com,797 Buhler Crossing,Gainesville,Florida
704,Torrence,Czaple,Male,518-45-2112,tczaplejj@vk.com,358 Ohio Way,Tacoma,Washington
705,Evy,Itzchaky,Female,378-22-3982,eitzchakyjk@theglobeandmail.com,61 Farmco Lane,Santa Barbara,California
706,Ardath,Van Velden,Genderqueer,223-10-1728,avanveldenjl@quantcast.com,34 Cambridge Place,Corona,California
707,Shepherd,Southouse,Male,462-01-3597,ssouthousejm@booking.com,7660 Stoughton Trail,Louisville,Kentucky
708,Kippar,Epp,Male,261-53-4538,keppjn@issuu.com,7239 Ramsey Drive,Los Angeles,California
709,Aili,Gullivan,Female,453-36-8432,agullivanjo@hubpages.com,560 Washington Crossing,Harrisburg,Pennsylvania
710,Sandye,Tytler,Female,821-66-0263,stytlerjp@cbslocal.com,37215 Clove Trail,Austin,Texas
711,Elwyn,Temprell,Male,129-01-7965,etemprelljq@squidoo.com,14139 Sachs Alley,Kissimmee,Florida
712,Klarrisa,Gudgeon,Non-binary,485-98-4897,kgudgeonjr@discovery.com,78311 Oneill Alley,Atlanta,Georgia
713,Trumaine,McLemon,Male,638-80-0639,tmclemonjs@mit.edu,51 Hintze Center,Washington,District of Columbia
714,Ginevra,Fitzroy,Female,193-43-5268,gfitzroyjt@opera.com,9105 Talisman Crossing,Chicago,Illinois
715,Dale,Haddon,Male,466-82-8212,dhaddonju@mac.com,270 Warbler Alley,Bethesda,Maryland
716,Luella,Pietsma,Agender,284-84-7147,lpietsmajv@yahoo.com,97853 Green Center,Milwaukee,Wisconsin
717,Karalynn,Barltrop,Female,127-61-3911,kbarltropjw@fotki.com,6 Nancy Alley,Peoria,Illinois
718,Reamonn,Sanchiz,Male,334-64-8518,rsanchizjx@reuters.com,04 Granby Place,Saginaw,Michigan
719,Correy,Foxworthy,Female,778-23-6856,cfoxworthyjy@apache.org,02388 Calypso Road,Indianapolis,Indiana
720,Mickey,Godmer,Male,876-58-5712,mgodmerjz@typepad.com,1 American Lane,New York City,New York
721,Seymour,Winny,Male,338-79-8609,swinnyk0@ftc.gov,48 Tony Pass,Indianapolis,Indiana
722,Curtice,Newick,Male,729-64-1189,cnewickk1@jiathis.com,1602 Lyons Terrace,San Jose,California
723,Anthia,Dugall,Female,846-83-6210,adugallk2@cargocollective.com,3384 Vidon Place,El Paso,Texas
724,Lorette,Castelletto,Female,334-67-6483,lcastellettok3@ftc.gov,499 Reinke Place,Lawrenceville,Georgia
725,Lira,Hollyar,Female,537-06-0201,lhollyark4@dyndns.org,65 Sherman Street,Fresno,California
726,Elianore,Reeday,Female,224-71-1233,ereedayk5@symantec.com,5 Gulseth Center,Los Angeles,California
727,Etan,Marjot,Male,419-96-6122,emarjotk6@redcross.org,4984 Hagan Junction,Atlanta,Georgia
728,Claudell,Soden,Male,417-89-2909,csodenk7@irs.gov,8 Pankratz Point,Charlottesville,Virginia
729,Tabbatha,Kempston,Female,315-84-5336,tkempstonk8@whitehouse.gov,70050 Bowman Hill,Omaha,Nebraska
730,Renado,Prayer,Agender,761-69-0821,rprayerk9@youtube.com,5 Eastwood Park,Houston,Texas
731,Wernher,Belham,Male,422-83-4850,wbelhamka@4shared.com,00000 Mesta Plaza,Salt Lake City,Utah
732,Corey,Kitcher,Female,776-81-2460,ckitcherkb@slashdot.org,5076 Quincy Court,Fresno,California
733,Raddy,Holdey,Male,470-48-2675,rholdeykc@cbsnews.com,41741 Oriole Junction,Norfolk,Virginia
734,Demetris,Pidler,Female,570-30-9944,dpidlerkd@miibeian.gov.cn,75 Lakewood Gardens Street,Lubbock,Texas
735,Dov,Filipputti,Male,671-15-7665,dfilipputtike@studiopress.com,1199 Summer Ridge Trail,Trenton,New Jersey
736,Ber,Giacaponi,Male,447-20-9477,bgiacaponikf@etsy.com,428 Oakridge Center,Cincinnati,Ohio
737,Kirstyn,Dalley,Female,567-62-8157,kdalleykg@parallels.com,294 Tony Crossing,Washington,District of Columbia
738,Bailie,Snyder,Male,606-19-7821,bsnyderkh@accuweather.com,125 Texas Court,Raleigh,North Carolina
739,Dario,Darlow,Male,550-33-6178,ddarlowki@woothemes.com,025 Meadow Ridge Court,Tampa,Florida
740,Hagan,Shallo,Genderqueer,646-98-5789,hshallokj@vkontakte.ru,41 Morningstar Point,Jackson,Mississippi
741,Christin,Muzzullo,Female,235-55-5978,cmuzzullokk@eventbrite.com,12 Pawling Hill,Oklahoma City,Oklahoma
742,Caterina,Ellyatt,Bigender,451-69-4244,cellyattkl@cnn.com,87490 Burrows Circle,Rochester,New York
743,Bendite,Kinchin,Female,360-73-1799,bkinchinkm@joomla.org,36 Express Avenue,Atlanta,Georgia
744,Patrice,Jost,Female,856-83-2091,pjostkn@wikia.com,4469 Drewry Parkway,Hartford,Connecticut
745,Pennie,Hunnybun,Female,776-43-9788,phunnybunko@omniture.com,29084 Waywood Trail,San Antonio,Texas
746,Carolynn,Pinches,Female,760-31-1050,cpincheskp@qq.com,756 Corben Road,Springfield,Illinois
747,Hoebart,Alliban,Male,471-03-6700,hallibankq@time.com,0570 Bayside Way,San Diego,California
748,Odo,Moxon,Male,730-28-3896,omoxonkr@github.io,233 Elka Parkway,Dallas,Texas
749,Erv,Tomas,Male,270-65-3364,etomasks@narod.ru,8 Waxwing Junction,Washington,District of Columbia
750,Arni,Stockey,Male,355-90-0625,astockeykt@kickstarter.com,5 Fair Oaks Park,Monticello,Minnesota
751,Natassia,Neward,Female,273-08-0591,nnewardku@blogger.com,0163 Manufacturers Trail,Wilmington,North Carolina
752,Joannes,Hendrix,Female,491-47-3013,jhendrixkv@ft.com,8 Del Mar Drive,Elmira,New York
753,Torin,Bright,Male,639-93-9813,tbrightkw@tmall.com,8 Twin Pines Point,Akron,Ohio
754,Sawyer,Von Welldun,Male,319-41-2611,svonwelldunkx@ebay.co.uk,85 Kipling Lane,Washington,District of Columbia
755,Oralee,Pretti,Female,226-44-8272,oprettiky@imdb.com,5 Sachtjen Court,Montgomery,Alabama
756,Josephine,Gurry,Female,355-37-1751,jgurrykz@statcounter.com,6683 High Crossing Avenue,Baltimore,Maryland
757,Adi,Edmeades,Female,550-25-5679,aedmeadesl0@usatoday.com,492 Surrey Drive,Oklahoma City,Oklahoma
758,Chrisse,Papes,Male,388-46-0336,cpapesl1@gov.uk,710 Scott Point,Indianapolis,Indiana
759,Madge,Marcum,Female,683-34-6713,mmarcuml2@purevolume.com,305 Westport Trail,Houston,Texas
760,Lara,Newcomen,Female,838-08-8569,lnewcomenl3@dropbox.com,20059 Starling Lane,Olympia,Washington
761,Marybeth,West,Genderfluid,804-84-5249,mwestl4@unblog.fr,67 Iowa Alley,Pittsburgh,Pennsylvania
762,Ambrosius,McCarly,Male,536-93-4730,amccarlyl5@tuttocitta.it,6 Caliangt Drive,Lubbock,Texas
763,Ashly,Benley,Female,551-75-6040,abenleyl6@themeforest.net,6464 Corscot Junction,Everett,Washington
764,Tymon,Melladew,Male,363-95-4365,tmelladewl7@msu.edu,74 Clyde Gallagher Pass,Bellevue,Washington
765,Mord,Spiteri,Male,793-64-6472,mspiteril8@reddit.com,864 Kim Park,Las Cruces,New Mexico
766,Finlay,Hardistry,Male,136-94-6032,fhardistryl9@ezinearticles.com,475 Vera Pass,Mount Vernon,New York
767,Howie,Titterrell,Male,242-67-7549,htitterrellla@facebook.com,5979 Truax Pass,Charleston,West Virginia
768,Garner,Cleyne,Male,673-09-7783,gcleynelb@arizona.edu,3 Morrow Street,New York City,New York
769,Herrick,Cherrington,Male,267-20-4933,hcherringtonlc@hugedomains.com,27 Columbus Terrace,Washington,District of Columbia
770,Georgeanna,Caskey,Female,893-65-4674,gcaskeyld@fema.gov,05 Pankratz Crossing,New York City,New York
771,Natalie,Daulton,Female,856-10-4218,ndaultonle@prlog.org,89 Hoard Road,Springfield,Illinois
772,Garwin,Coultas,Male,284-11-4202,gcoultaslf@a8.net,4029 Huxley Pass,Colorado Springs,Colorado
773,Elle,Stenbridge,Female,302-15-5941,estenbridgelg@webs.com,837 Chinook Alley,Rochester,New York
774,Baryram,Nathon,Male,425-33-0478,bnathonlh@shinystat.com,888 Butternut Parkway,Little Rock,Arkansas
775,Bernice,Dinning,Female,270-02-4346,bdinningli@si.edu,888 Lunder Street,Cumming,Georgia
776,Jo-ann,Bellas,Female,388-62-9345,jbellaslj@xinhuanet.com,4917 Marquette Parkway,Brooklyn,New York
777,Friedrich,Luff,Agender,110-15-7132,flufflk@shareasale.com,043 Spohn Terrace,Kansas City,Kansas
778,Oneida,Terzza,Female,553-81-5208,oterzzall@themeforest.net,440 Dawn Lane,Champaign,Illinois
779,Moises,Scates,Male,660-81-8526,mscateslm@umich.edu,85 Rowland Terrace,Wichita,Kansas
780,Reidar,Allkins,Genderfluid,357-41-4982,rallkinsln@barnesandnoble.com,625 Old Shore Point,Anderson,Indiana
781,Noak,Jays,Male,632-86-9536,njayslo@twitpic.com,618 Leroy Junction,New York City,New York
782,Elenore,Simmen,Female,600-35-5615,esimmenlp@linkedin.com,607 Westport Hill,Houston,Texas
783,Marylynne,Saltern,Female,729-41-3662,msalternlq@is.gd,79 Namekagon Crossing,Inglewood,California
784,Teressa,Prestidge,Female,743-07-4958,tprestidgelr@sun.com,785 Dixon Road,Orlando,Florida
785,Britta,Cregin,Genderfluid,565-33-2363,bcreginls@comcast.net,32479 Ridge Oak Avenue,Arlington,Virginia
786,Gallard,Rands,Male,324-75-8616,grandslt@nbcnews.com,94 Mitchell Parkway,Omaha,Nebraska
787,Meriel,Kealey,Female,534-87-4031,mkealeylu@economist.com,7908 Red Cloud Center,New York City,New York
788,Denys,Rubinivitz,Female,670-13-1633,drubinivitzlv@deliciousdays.com,92 Russell Alley,San Antonio,Texas
789,Lenette,Goodenough,Female,643-04-6730,lgoodenoughlw@oakley.com,6844 Tomscot Park,Springfield,Ohio
790,Nedda,Soles,Female,464-81-3050,nsoleslx@wunderground.com,9 Prairieview Parkway,El Paso,Texas
791,Leland,Widdicombe,Female,852-15-6866,lwiddicombely@zimbio.com,354 Dorton Court,El Paso,Texas
792,Don,Attwill,Male,218-75-9689,dattwilllz@furl.net,71028 Dapin Terrace,Peoria,Illinois
793,Kelley,De Cristofalo,Female,269-98-5865,kdecristofalom0@aol.com,51848 Muir Road,Washington,District of Columbia
794,Kean,Gogarty,Male,525-95-8680,kgogartym1@tripod.com,2 Schiller Place,El Paso,Texas
795,Ingmar,Bone,Male,723-69-5139,ibonem2@psu.edu,2772 Vermont Road,Portland,Oregon
796,Jocelyn,Confait,Female,877-99-1641,jconfaitm3@google.pl,454 Cordelia Hill,Albuquerque,New Mexico
797,Harris,Pickavant,Male,233-53-4079,hpickavantm4@microsoft.com,4 Kipling Crossing,El Paso,Texas
798,Sollie,Dominique,Male,714-43-6183,sdominiquem5@bloglovin.com,9 Lunder Alley,Springfield,Missouri
799,Jourdan,Hanny,Female,782-97-5289,jhannym6@360.cn,52 Eagan Plaza,Tacoma,Washington
800,Allyson,Cragell,Female,593-29-4645,acragellm7@adobe.com,14 Fairview Road,Washington,District of Columbia
801,Corbet,Humblestone,Male,115-90-9081,chumblestonem8@gmpg.org,4450 Lakewood Gardens Road,Anderson,South Carolina
802,Adi,Ayliff,Female,456-20-1559,aayliffm9@cyberchimps.com,420 Browning Hill,Anchorage,Alaska
803,Sheelagh,Spaice,Female,495-12-8877,sspaicema@prweb.com,2 Anzinger Court,Escondido,California
804,Quintus,Sheerman,Male,276-88-9349,qsheermanmb@oracle.com,6 Sutherland Circle,Tyler,Texas
805,Rodge,Botwright,Male,668-57-5951,rbotwrightmc@yandex.ru,1537 Fordem Way,Rochester,New York
806,Meghan,Feedham,Female,674-30-9765,mfeedhammd@friendfeed.com,30468 Westridge Way,Tampa,Florida
807,Alexi,Mallaby,Female,837-40-4010,amallabyme@npr.org,2 Vera Way,Tacoma,Washington
808,Brand,Nuss,Male,178-22-7317,bnussmf@yandex.ru,7049 Trailsway Junction,Topeka,Kansas
809,Fredrika,Tampen,Female,358-49-8788,ftampenmg@wp.com,0351 Lake View Drive,Levittown,Pennsylvania
810,Virgilio,Andriessen,Polygender,170-37-4342,vandriessenmh@discovery.com,7184 Buell Drive,Phoenix,Arizona
811,Denise,Redmell,Bigender,775-69-2752,dredmellmi@ning.com,98989 Merry Court,Tampa,Florida
812,Gilli,Parffrey,Non-binary,467-47-8540,gparffreymj@weebly.com,9 Fairfield Road,San Jose,California
813,Hunfredo,Gantzer,Male,557-13-8279,hgantzermk@godaddy.com,2 Onsgard Parkway,Las Vegas,Nevada
814,Rickert,Dumbelton,Male,863-41-3335,rdumbeltonml@sogou.com,74 American Ash Road,El Paso,Texas
815,Aridatha,Knee,Female,442-83-6404,akneemm@freewebs.com,07594 Blue Bill Park Road,Des Moines,Iowa
816,Lora,Gillham,Female,354-32-9462,lgillhammn@linkedin.com,495 2nd Crossing,Chicago,Illinois
817,Deeanne,Hinge,Female,629-15-6814,dhingemo@paypal.com,96 Monterey Trail,Santa Barbara,California
818,Sebastiano,Dewsbury,Male,126-65-2544,sdewsburymp@vistaprint.com,8 Erie Pass,Ventura,California
819,Arny,Corey,Agender,351-06-3410,acoreymq@bravesites.com,9281 Lotheville Plaza,Greensboro,North Carolina
820,Randie,Blomefield,Male,345-40-5712,rblomefieldmr@abc.net.au,67 Banding Drive,Long Beach,California
821,Cordy,Pozzi,Female,466-84-8093,cpozzims@a8.net,43 Grim Trail,Baton Rouge,Louisiana
822,Mellisent,Carnson,Female,389-03-0843,mcarnsonmt@cocolog-nifty.com,8 Spenser Way,Trenton,New Jersey
823,Cherice,Thying,Female,383-08-2075,cthyingmu@delicious.com,8 Pawling Park,Riverside,California
824,Ulrikaumeko,Wolfinger,Female,866-47-9416,uwolfingermv@hatena.ne.jp,1 Fairfield Point,Detroit,Michigan
825,Sabra,Altham,Female,492-19-2624,salthammw@imdb.com,16 Lyons Road,Baton Rouge,Louisiana
826,Kahlil,Cosgry,Male,678-72-5066,kcosgrymx@fc2.com,24682 Fremont Street,Honolulu,Hawaii
827,Edi,Gaspar,Female,313-02-7192,egasparmy@dell.com,57920 Del Mar Court,Richmond,Virginia
828,Gram,Salter,Male,288-53-2203,gsaltermz@meetup.com,64 Claremont Pass,Lexington,Kentucky
829,Leanna,Postan,Female,457-19-8114,lpostann0@icq.com,5 Shasta Avenue,Washington,District of Columbia
830,Shanon,Valeri,Female,207-17-0369,svalerin1@flavors.me,6112 Hayes Lane,Cedar Rapids,Iowa
831,Lucian,Morson,Male,641-15-8584,lmorsonn2@macromedia.com,77 Montana Road,Gaithersburg,Maryland
832,Kleon,Blackley,Male,712-88-4192,kblackleyn3@t-online.de,09507 Delladonna Crossing,Lansing,Michigan
833,Russell,Beake,Male,555-21-5408,rbeaken4@senate.gov,91515 Village Way,Murfreesboro,Tennessee
834,Alan,Wilsher,Male,305-15-9560,awilshern5@answers.com,9248 Schmedeman Parkway,Tulsa,Oklahoma
835,Fletch,Inkin,Male,840-54-5693,finkinn6@blogspot.com,22 Stone Corner Way,Arlington,Virginia
836,Bessy,Bennough,Bigender,124-69-8301,bbennoughn7@goo.ne.jp,15 Messerschmidt Trail,Shawnee Mission,Kansas
837,Leoline,Keyzman,Female,757-91-2939,lkeyzmann8@fastcompany.com,1873 Elka Hill,Fort Pierce,Florida
838,Aubrette,Prugel,Female,810-16-2661,aprugeln9@gov.uk,13 Daystar Pass,Omaha,Nebraska
839,Bellina,Conti,Female,523-51-9470,bcontina@pcworld.com,3 Hanson Junction,Newark,New Jersey
840,Quent,Halwill,Male,294-46-3418,qhalwillnb@wikia.com,7 Bluejay Junction,Tucson,Arizona
841,Bord,Endon,Male,392-31-0472,bendonnc@washington.edu,34 Daystar Crossing,San Antonio,Texas
842,Bertie,Reuven,Male,140-53-3675,breuvennd@typepad.com,9 Steensland Trail,Wichita Falls,Texas
843,Niccolo,Schachter,Male,440-94-2577,nschachterne@sphinn.com,37786 Hintze Hill,Las Cruces,New Mexico
844,Rafaela,Mace,Female,530-81-0999,rmacenf@multiply.com,344 Prairieview Park,Seattle,Washington
845,Randal,Worling,Male,476-65-2957,rworlingng@unc.edu,171 Sommers Court,Sacramento,California
846,Carlotta,Edmett,Bigender,183-27-7737,cedmettnh@rediff.com,9860 Eggendart Lane,Fort Wayne,Indiana
847,Dennie,Hawley,Female,858-22-8107,dhawleyni@ehow.com,3 Oak Trail,Jackson,Mississippi
848,Grady,Habbal,Male,494-90-3382,ghabbalnj@storify.com,43 Sachs Alley,Roanoke,Virginia
849,Tracy,Eastman,Female,198-62-9481,teastmannk@prnewswire.com,92 Express Way,Morgantown,West Virginia
850,Stanly,Furman,Male,108-30-7225,sfurmannl@mysql.com,78276 Troy Center,Memphis,Tennessee
851,Adele,MacGaffey,Female,734-53-3202,amacgaffeynm@miibeian.gov.cn,5941 Old Gate Road,Fort Lauderdale,Florida
852,Beryle,Ullock,Female,639-04-5744,bullocknn@geocities.com,95375 Victoria Terrace,Pueblo,Colorado
853,Cris,MacColm,Female,414-75-0588,cmaccolmno@shop-pro.jp,19433 Sunnyside Street,Anchorage,Alaska
854,Janka,O' Mullan,Female,339-82-5106,jomullannp@nyu.edu,10 Mariners Cove Center,Fresno,California
855,Pat,Baunton,Male,329-74-9205,pbauntonnq@surveymonkey.com,39878 Glendale Alley,Honolulu,Hawaii
856,Delmer,Warwick,Male,424-64-0037,dwarwicknr@upenn.edu,7378 Manley Center,Gainesville,Georgia
857,Esmaria,Consadine,Female,486-81-1838,econsadinens@jimdo.com,494 Armistice Crossing,Sacramento,California
858,Ganny,Ashwood,Male,270-60-4456,gashwoodnt@economist.com,55891 Calypso Junction,Pittsburgh,Pennsylvania
859,Clementia,Gwilt,Female,362-64-2678,cgwiltnu@sakura.ne.jp,0 Shopko Trail,Fresno,California
860,Sharline,Wennington,Non-binary,269-31-0536,swenningtonnv@bluehost.com,0 Lindbergh Place,Minneapolis,Minnesota
861,Brian,Christy,Male,638-16-0268,bchristynw@gizmodo.com,67 Anthes Terrace,Kingsport,Tennessee
862,Jacky,Cuzen,Male,574-58-4569,jcuzennx@wsj.com,7 Hansons Drive,Rochester,New York
863,Bettine,Jagg,Female,290-37-2696,bjaggny@etsy.com,06182 Nelson Road,Roanoke,Virginia
864,Euphemia,Broseman,Female,275-03-1885,ebrosemannz@nifty.com,877 Forest Dale Way,Pittsburgh,Pennsylvania
865,Stern,Haigh,Male,747-46-2771,shaigho0@about.me,2193 Barnett Pass,Phoenix,Arizona
866,Chrisse,Di Biasi,Male,545-11-1952,cdibiasio1@shareasale.com,2401 Ryan Pass,Vero Beach,Florida
867,Smitty,Glaves,Agender,484-12-7603,sglaveso2@cam.ac.uk,592 Bowman Street,Cambridge,Massachusetts
868,Art,Dachey,Male,288-41-6769,adacheyo3@fda.gov,6 Welch Place,Hayward,California
869,Augustine,Laville,Male,731-70-6772,alavilleo4@phpbb.com,7 Spaight Way,Lynchburg,Virginia
870,Alan,Witt,Male,119-14-5996,awitto5@sbwire.com,9306 Ohio Drive,Fresno,California
871,Welsh,Borlease,Male,222-52-0142,wborleaseo6@gizmodo.com,582 Armistice Place,Daytona Beach,Florida
872,Vittorio,Neagle,Male,683-57-3956,vneagleo7@nhs.uk,6 Village Green Plaza,Evanston,Illinois
873,Alden,Gilroy,Male,613-89-4421,agilroyo8@nytimes.com,9 Crescent Oaks Place,Philadelphia,Pennsylvania
874,Adena,Hamshere,Female,291-68-6309,ahamshereo9@nifty.com,1738 Old Shore Street,San Rafael,California
875,Aprilette,MacDonald,Female,622-63-8798,amacdonaldoa@usnews.com,00895 Morrow Plaza,Scottsdale,Arizona
876,Hewet,Dymidowski,Male,258-93-0099,hdymidowskiob@list-manage.com,2633 Linden Pass,Seattle,Washington
877,Kermy,De Francisci,Male,481-67-7508,kdefranciscioc@google.cn,74840 Trailsway Trail,Tempe,Arizona
878,Maddie,McIlhone,Male,529-77-3931,mmcilhoneod@de.vu,44 Sunfield Drive,Morgantown,West Virginia
879,Donnajean,Sexton,Female,228-30-8797,dsextonoe@samsung.com,29414 Meadow Valley Circle,Charleston,West Virginia
880,Druci,Schwant,Female,256-02-1119,dschwantof@cloudflare.com,46689 Saint Paul Lane,Fort Lauderdale,Florida
881,Jose,Tacey,Male,402-99-5663,jtaceyog@blogspot.com,58 Farragut Center,Oklahoma City,Oklahoma
882,Kevon,Roff,Male,227-96-3860,kroffoh@microsoft.com,66 Clarendon Point,Staten Island,New York
883,Madeline,Crinidge,Female,113-48-0355,mcrinidgeoi@nationalgeographic.com,5134 Springview Plaza,Orlando,Florida
884,Linnet,Corrie,Female,749-77-8159,lcorrieoj@abc.net.au,90 Northland Trail,Sacramento,California
885,Ellerey,Lesley,Male,391-96-4951,elesleyok@digg.com,9647 Garrison Circle,Aurora,Colorado
886,Nerissa,McGrale,Female,396-34-3445,nmcgraleol@ibm.com,51274 Eliot Circle,Birmingham,Alabama
887,Christos,Lugard,Male,474-44-6745,clugardom@1und1.de,5 Bashford Plaza,Mobile,Alabama
888,Jessica,Piscopiello,Female,226-43-6359,jpiscopielloon@guardian.co.uk,968 Doe Crossing Drive,Irvine,California
889,Natalina,Meriot,Female,679-62-1029,nmeriotoo@google.com,2 Miller Circle,San Diego,California
890,Karon,Reid,Female,164-65-5172,kreidop@webs.com,5063 Hintze Road,Spring,Texas
891,Thia,Gowdie,Female,722-35-7614,tgowdieoq@mozilla.org,940 Straubel Alley,Fargo,North Dakota
892,Elisha,Gaddas,Female,894-14-1656,egaddasor@feedburner.com,064 Clove Plaza,Minneapolis,Minnesota
893,Arnie,Ramsell,Non-binary,898-03-3410,aramsellos@craigslist.org,17 Acker Place,Minneapolis,Minnesota
894,Margie,Backshall,Female,717-49-4229,mbackshallot@seesaa.net,24 Randy Alley,Lubbock,Texas
895,Morten,Kusick,Polygender,323-25-3342,mkusickou@360.cn,44 Karstens Hill,Spokane,Washington
896,Fredric,Dobrovolny,Male,562-94-5577,fdobrovolnyov@yale.edu,87 Southridge Road,Baton Rouge,Louisiana
897,Nat,Thornton-Dewhirst,Female,193-92-3924,nthorntondewhirstow@craigslist.org,6 Del Sol Pass,Cleveland,Ohio
898,Hort,Pittet,Male,706-29-6318,hpittetox@furl.net,5 Sugar Center,Colorado Springs,Colorado
899,Phillida,Rivaland,Female,455-27-0587,privalandoy@eventbrite.com,9428 Laurel Point,Pueblo,Colorado
900,Ollie,Borgne,Male,735-78-2636,oborgneoz@wsj.com,74758 Dexter Street,Portland,Oregon
901,Regine,Netley,Female,165-43-0677,rnetleyp0@google.co.jp,5724 Rusk Junction,San Diego,California
902,Say,Finnigan,Male,368-48-2954,sfinniganp1@purevolume.com,274 Hovde Center,Oklahoma City,Oklahoma
903,Towney,Anersen,Male,120-50-3314,tanersenp2@elegantthemes.com,435 Harper Alley,Birmingham,Alabama
904,Leonard,Cartan,Male,516-96-8614,lcartanp3@sina.com.cn,7 Coleman Lane,Baton Rouge,Louisiana
905,Fancy,Samudio,Female,218-78-1103,fsamudiop4@archive.org,4 Cody Parkway,Oklahoma City,Oklahoma
906,Pancho,Pehrsson,Male,294-81-9088,ppehrssonp5@wikispaces.com,209 Rieder Alley,Anderson,Indiana
907,Cornall,Morkham,Male,148-24-7915,cmorkhamp6@jiathis.com,0 Michigan Pass,New York City,New York
908,Darnell,Stonall,Male,214-02-1954,dstonallp7@nationalgeographic.com,33769 Armistice Center,Salt Lake City,Utah
909,Bendicty,Senton,Non-binary,200-50-0584,bsentonp8@sbwire.com,13 3rd Parkway,Houston,Texas
910,Lissa,Blackbrough,Female,690-24-4071,lblackbroughp9@angelfire.com,36878 Rutledge Park,Huntsville,Alabama
911,Errick,Foker,Agender,548-21-1169,efokerpa@un.org,08734 Farragut Plaza,Hamilton,Ohio
912,Franny,Febre,Female,364-86-3287,ffebrepb@spotify.com,192 Holy Cross Terrace,Charleston,South Carolina
913,Victoria,Inder,Female,601-99-0067,vinderpc@weebly.com,6577 Westport Alley,Columbia,South Carolina
914,Jannelle,Kleinbaum,Female,621-42-4464,jkleinbaumpd@abc.net.au,18512 Prentice Parkway,Dallas,Texas
915,Brandon,Boustred,Male,360-49-9073,bboustredpe@xrea.com,91 Esch Alley,Macon,Georgia
916,Sigismundo,Eskell,Male,868-37-0620,seskellpf@usnews.com,450 Carey Trail,Pueblo,Colorado
917,Mozes,Lie,Male,380-24-3544,mliepg@yelp.com,7 Oneill Lane,Anchorage,Alaska
918,Emmanuel,Gerrit,Male,582-64-1595,egerritph@indiatimes.com,97592 Monterey Trail,Dallas,Texas
919,Riley,Vedenyakin,Male,321-45-5561,rvedenyakinpi@state.tx.us,06709 Colorado Road,Saint Paul,Minnesota
920,Blakeley,Prandin,Female,878-86-5180,bprandinpj@mail.ru,67 Banding Trail,Philadelphia,Pennsylvania
921,Jacques,MacDermid,Male,463-30-3731,jmacdermidpk@amazon.co.jp,4781 Hovde Terrace,Miami,Florida
922,Purcell,Lusted,Male,693-97-9432,plustedpl@berkeley.edu,34967 Sauthoff Circle,Minneapolis,Minnesota
923,Holly,Feare,Male,527-37-8509,hfearepm@sitemeter.com,86199 Straubel Lane,Charlotte,North Carolina
924,Benjie,Brittle,Male,849-95-9021,bbrittlepn@blinklist.com,5 Surrey Trail,Denver,Colorado
925,Weylin,Beaman,Male,721-62-9192,wbeamanpo@i2i.jp,47 2nd Alley,Gary,Indiana
926,Krista,Darling,Female,432-42-1087,kdarlingpp@techcrunch.com,958 North Alley,Providence,Rhode Island
927,Ossie,Gavrieli,Male,497-83-4874,ogavrielipq@bizjournals.com,958 Kropf Junction,South Bend,Indiana
928,Sharon,Shillito,Female,453-86-3153,sshillitopr@opensource.org,8469 Norway Maple Parkway,Raleigh,North Carolina
929,Margarette,Gourdon,Female,498-18-1398,mgourdonps@apache.org,8831 Bunker Hill Parkway,Santa Monica,California
930,Alla,Rabidge,Female,339-93-6416,arabidgept@state.gov,21 Weeping Birch Lane,Wilmington,North Carolina
931,Burlie,Wennington,Male,367-88-6083,bwenningtonpu@jugem.jp,46 Petterle Drive,Los Angeles,California
932,Delbert,Clarey,Male,883-94-0478,dclareypv@microsoft.com,592 Ilene Lane,Columbus,Ohio
933,Georgie,Harkus,Male,796-85-6510,gharkuspw@clickbank.net,5 Morning Way,Portland,Maine
934,Gideon,Casterot,Non-binary,317-49-4520,gcasterotpx@dmoz.org,603 Loftsgordon Hill,Lansing,Michigan
935,Alexandre,Talby,Male,713-03-7482,atalbypy@businessinsider.com,41 Fuller Road,Shreveport,Louisiana
936,Kingsley,Faustian,Male,768-85-0046,kfaustianpz@oracle.com,6 Oneill Hill,Helena,Montana
937,Orazio,Lillico,Male,590-22-3161,olillicoq0@feedburner.com,3380 Tennyson Trail,Amarillo,Texas
938,Halsy,Twitching,Genderqueer,180-77-8843,htwitchingq1@businessweek.com,5 Lakewood Gardens Avenue,Greensboro,North Carolina
939,Leroy,Cammoile,Male,158-78-3890,lcammoileq2@google.ca,57501 Fairfield Avenue,San Jose,California
940,Der,Scay,Male,822-67-9978,dscayq3@apple.com,7 Petterle Lane,Joliet,Illinois
941,Fredric,Macallam,Male,136-56-2394,fmacallamq4@woothemes.com,508 Holmberg Park,San Diego,California
942,Wilmer,Castellan,Male,768-27-4734,wcastellanq5@moonfruit.com,48 Eastwood Plaza,El Paso,Texas
943,Daren,Panton,Male,254-60-7840,dpantonq6@dailymail.co.uk,12 5th Avenue,Miami,Florida
944,Roi,Semechik,Male,479-62-1563,rsemechikq7@netlog.com,80 Green Drive,Montgomery,Alabama
945,Townsend,Linford,Male,800-28-8296,tlinfordq8@tumblr.com,70 Marcy Way,Richmond,Virginia
946,Toddie,Vauter,Male,600-59-5706,tvauterq9@amazon.de,46337 Anthes Plaza,Santa Clara,California
947,Darlene,Dunmore,Female,101-33-6156,ddunmoreqa@house.gov,13 Melody Park,Fresno,California
948,Jemmy,Aberdeen,Female,171-18-7481,jaberdeenqb@globo.com,0 Northland Drive,Little Rock,Arkansas
949,Rachelle,Liversley,Female,769-34-2336,rliversleyqc@google.cn,667 Doe Crossing Court,Dallas,Texas
950,Christabella,Caird,Female,419-16-5664,ccairdqd@angelfire.com,162 Valley Edge Point,Florence,South Carolina
951,Alexio,McGuinness,Male,694-39-0335,amcguinnessqe@whitehouse.gov,6 Marcy Junction,Washington,District of Columbia
952,Myles,Custy,Male,248-79-7604,mcustyqf@trellian.com,188 Graedel Court,Baltimore,Maryland
953,Luciano,Clemenceau,Male,368-83-3699,lclemenceauqg@ocn.ne.jp,6264 Mifflin Way,Austin,Texas
954,Tull,Chisolm,Male,509-80-6282,tchisolmqh@shop-pro.jp,7 Marcy Plaza,Fairbanks,Alaska
955,Cordelie,Copp,Female,368-10-7501,ccoppqi@yale.edu,0287 Buhler Court,Washington,District of Columbia
956,Kimmie,Jirick,Female,278-88-7815,kjirickqj@cnet.com,963 Shasta Plaza,Dallas,Texas
957,Thorny,Mertgen,Male,569-80-0544,tmertgenqk@mashable.com,47 Grim Center,Shawnee Mission,Kansas
958,Bev,Rudledge,Female,359-47-1978,brudledgeql@auda.org.au,2082 Eliot Road,Columbus,Mississippi
959,Scarlet,Danielsen,Female,685-88-7207,sdanielsenqm@accuweather.com,123 Gerald Center,Honolulu,Hawaii
960,Dawn,Danielsohn,Female,552-02-8714,ddanielsohnqn@printfriendly.com,78701 Straubel Road,Atlanta,Georgia
961,Charmion,Mowles,Female,397-56-5549,cmowlesqo@tripadvisor.com,7 Knutson Point,Dayton,Ohio
962,Steven,MacNeish,Male,311-10-9647,smacneishqp@cmu.edu,6852 Parkside Terrace,Austin,Texas
963,Norris,Rankling,Male,658-30-3101,nranklingqq@seesaa.net,75 Susan Parkway,Fort Myers,Florida
964,Larry,Cracknall,Male,842-66-3384,lcracknallqr@amazon.co.jp,2127 Sheridan Hill,Akron,Ohio
965,Kingsly,Logan,Male,895-16-0289,kloganqs@omniture.com,0074 Transport Place,Oklahoma City,Oklahoma
966,Rustie,Yeandel,Male,651-19-1308,ryeandelqt@marketwatch.com,487 Sunbrook Court,Wilkes Barre,Pennsylvania
967,Melvin,O'Kane,Male,542-07-8628,mokanequ@goo.gl,7501 Jay Crossing,Hartford,Connecticut
968,Trefor,Biddy,Male,196-43-0295,tbiddyqv@bandcamp.com,9989 Straubel Point,San Francisco,California
969,Aubrie,Wraight,Female,531-23-5324,awraightqw@xrea.com,47 Rieder Avenue,Columbia,South Carolina
970,Skip,Burford,Male,201-17-6100,sburfordqx@sogou.com,689 Karstens Junction,Vancouver,Washington
971,Valry,Mowen,Female,365-85-5587,vmowenqy@hhs.gov,87 Hallows Street,Newport News,Virginia
972,Abbie,Abramino,Male,292-18-3159,aabraminoqz@foxnews.com,8675 Lakewood Alley,Des Moines,Iowa
973,Jerald,Sorel,Male,147-93-9164,jsorelr0@cpanel.net,15051 Macpherson Pass,Los Angeles,California
974,Mervin,Tesdale,Male,575-96-5207,mtesdaler1@google.ru,27103 Stephen Circle,Richmond,California
975,Madel,Alphege,Genderqueer,606-52-8858,malpheger2@yandex.ru,648 Artisan Place,Charleston,West Virginia
976,Roanne,Le Sieur,Female,797-73-9340,rlesieurr3@shop-pro.jp,40836 Packers Crossing,Tuscaloosa,Alabama
977,Jennie,Twinn,Female,660-53-5542,jtwinnr4@booking.com,78 Dennis Park,Loretto,Minnesota
978,Verney,Patey,Male,714-75-3602,vpateyr5@goo.ne.jp,06 Morrow Road,South Bend,Indiana
979,Karlyn,Walkinshaw,Female,291-94-3487,kwalkinshawr6@domainmarket.com,77928 Arrowood Circle,Allentown,Pennsylvania
980,Earvin,Bricknall,Male,706-61-7464,ebricknallr7@bandcamp.com,43970 Calypso Road,El Paso,Texas
981,Hubey,Bullar,Non-binary,440-67-1889,hbullarr8@patch.com,3208 Sunbrook Plaza,Dallas,Texas
982,Pippo,McBain,Male,106-88-9410,pmcbainr9@cdbaby.com,6870 Grasskamp Plaza,Tuscaloosa,Alabama
983,Camilla,Carlos,Female,623-09-2117,ccarlosra@cloudflare.com,7 Mariners Cove Trail,Tampa,Florida
984,Cristal,Nunan,Female,620-37-2806,cnunanrb@cnbc.com,7 Hoffman Terrace,Bradenton,Florida
985,Avie,Scroxton,Female,332-24-4136,ascroxtonrc@indiegogo.com,940 Northwestern Plaza,Baltimore,Maryland
986,Penni,Arndell,Female,406-42-7160,parndellrd@tinyurl.com,347 Ludington Drive,Charlotte,North Carolina
987,Worthington,Pancast,Male,622-26-1857,wpancastre@4shared.com,8 Goodland Lane,Hampton,Virginia
988,Timothee,Anthonsen,Male,294-62-0818,tanthonsenrf@mayoclinic.com,353 Fulton Center,Los Angeles,California
989,Laurena,Andryushin,Female,659-40-9285,landryushinrg@mediafire.com,8 Westridge Court,Port Washington,New York
990,Gerek,Muzzollo,Male,146-31-4124,gmuzzollorh@wiley.com,9488 Butterfield Lane,Kansas City,Missouri
991,Hamilton,Warnes,Male,225-69-6934,hwarnesri@weibo.com,6601 Del Mar Drive,Bonita Springs,Florida
992,Analise,Taig,Female,213-63-1102,ataigrj@acquirethisname.com,92032 Russell Avenue,Hartford,Connecticut
993,Caesar,Nehlsen,Male,121-25-2126,cnehlsenrk@google.com,3916 Sachs Trail,New Haven,Connecticut
994,Gerti,Blasdale,Female,544-44-4590,gblasdalerl@mysql.com,8015 Hauk Hill,Rochester,New York
995,Amberly,Huyghe,Female,537-30-1223,ahuygherm@mashable.com,40581 Superior Trail,Las Vegas,Nevada
996,Geri,Pert,Female,254-35-2499,gpertrn@networksolutions.com,9 Gulseth Junction,San Antonio,Texas
997,Marge,Radage,Female,282-49-4219,mradagero@nih.gov,94846 Fieldstone Junction,Houston,Texas
998,Yurik,Jendrusch,Male,715-71-7618,yjendruschrp@shareasale.com,1 Corry Way,Oklahoma City,Oklahoma
999,Sawyere,Devoy,Agender,392-78-5663,sdevoyrq@jigsy.com,08740 Karstens Terrace,Dallas,Texas
1000,Trixi,Dulake,Female,709-10-5639,tdulakerr@slideshare.net,65226 Garrison Hill,South Lake Tahoe,California
