id,first_name,last_name,gender,ssn,email,billing_street,billing_city,billing_state,billing_zip
1,Emmery,Hethron,M,139-72-0776,ehethron0@nps.gov,5152 Ridgeview Circle,New York City,New York,10060
2,Laurens,Riddall,M,444-21-4823,lriddall1@baidu.com,0 Utah Street,Honolulu,Hawaii,96815
3,Malena,Fortescue,F,801-42-7194,mfortescue2@cmu.edu,275 Walton Park,Indianapolis,Indiana,46221
4,Jennee,Betun,F,100-90-4693,jbetun3@nature.com,93 Summer Ridge Hill,Charlottesville,Virginia,22908
5,Beverly,Jeanes,F,360-37-2479,bjeanes4@imgur.com,1 Saint Paul Avenue,Dallas,Texas,75210
6,Belita,Viccary,F,130-73-1462,bviccary5@sourceforge.net,6 Meadow Vale Parkway,Jackson,Mississippi,39204
7,Bari,Moncaster,F,146-07-4334,bmoncaster6@foxnews.com,42693 Spenser Point,Minneapolis,Minnesota,55480
8,Avis,Ffoulkes,F,382-99-1270,affoulkes7@earthlink.net,67 Glendale Center,Washington,District of Columbia,20205
9,Hyacinthia,Philipeau,F,313-33-9306,hphilipeau8@slate.com,54028 Parkside Circle,New Haven,Connecticut,06538
10,Jaymee,Reide,F,863-91-0052,jreide9@mlb.com,125 Debra Pass,Plano,Texas,75074
11,Gerek,Gall,M,312-66-7794,ggalla@webnode.com,49967 Dakota Road,Houston,Texas,77040
12,Annelise,Trethowan,F,233-16-0741,atrethowanb@cloudflare.com,8151 Erie Junction,Dayton,Ohio,45408
13,Bartholemy,Goldie,M,560-64-6603,bgoldiec@youtu.be,,Delray Beach,Florida,33448
14,Mitch,Varley,M,515-73-5748,mvarleyd@parallels.com,3977 Kedzie Court,Miami,Florida,33180
15,Garnette,Hurst,F,874-26-6924,ghurste@discuz.net,41 Ryan Point,Denver,Colorado,80249
16,Silvano,Eyckel,M,409-20-7995,seyckelf@jimdo.com,,Miami,Florida,33245
17,Jess,Lukovic,M,581-37-6243,jlukovicg@archive.org,69 Calypso Drive,Stamford,Connecticut,06905
18,Gwenore,Sayle,F,651-33-6714,gsayleh@amazon.de,37 Algoma Park,Salt Lake City,Utah,84199
19,Jodi,Bloore,M,151-20-1791,jbloorei@disqus.com,625 Valley Edge Crossing,Cambridge,Massachusetts,02142
20,Franz,Daykin,M,589-71-6019,fdaykinj@kickstarter.com,880 Shelley Trail,Lincoln,Nebraska,68583
21,Bancroft,Willbraham,M,465-55-1629,bwillbrahamk@acquirethisname.com,,Los Angeles,California,90081
22,Britteny,Oram,F,149-35-0576,boraml@sina.com.cn,5 Tony Lane,Watertown,Massachusetts,02472
23,Iseabal,Dungey,F,589-08-6853,idungeym@hibu.com,,Atlanta,Georgia,30358
24,Alphonso,Burgwin,M,809-66-8035,aburgwinn@tinyurl.com,54 Carpenter Junction,Orlando,Florida,32868
25,Inglis,Tungate,M,425-36-1107,itungateo@reference.com,41005 Hanson Street,Hollywood,Florida,33023
26,Tyrus,Patkin,M,646-81-4055,tpatkinp@tripadvisor.com,1888 Pepper Wood Court,Toledo,Ohio,43666
27,Farris,Duffy,M,862-25-9473,fduffyq@ihg.com,2370 Havey Pass,Fort Myers,Florida,33913
28,Aldrich,Iacovuzzi,M,783-05-5265,aiacovuzzir@furl.net,082 Hollow Ridge Place,Atlanta,Georgia,31132
29,Andrea,Lawry,F,499-72-0749,alawrys@ehow.com,38 Eggendart Junction,Columbus,Ohio,43220
30,Goldina,Deeves,F,513-88-6791,gdeevest@nbcnews.com,63053 Derek Center,Arlington,Virginia,22205
31,Ned,Lincke,M,112-95-6411,nlinckeu@cornell.edu,62065 Caliangt Street,Bronx,New York,10454
32,Nero,Rykert,M,659-69-1781,nrykertv@tinypic.com,0493 Superior Lane,Cincinnati,Ohio,45213
33,Ceciley,Harber,F,525-73-3048,charberw@economist.com,,Sarasota,Florida,34276
34,Duky,Klimmek,M,742-11-6617,dklimmekx@addthis.com,693 Melvin Court,Syracuse,New York,13210
35,Garek,Phibb,M,777-18-4965,gphibby@mapquest.com,8 Springs Road,Scottsdale,Arizona,85271
36,Aeriela,Honnicott,F,285-60-9807,ahonnicottz@springer.com,5 Sunnyside Street,Young America,Minnesota,55564
37,Christophe,Everingham,M,324-44-2925,ceveringham10@lycos.com,46428 Fairfield Pass,Cleveland,Ohio,44191
38,Marcile,Ridler,F,435-51-6966,mridler11@google.ca,38842 Clemons Street,Gilbert,Arizona,85297
39,Romona,Ching,F,591-20-1417,rching12@ucsd.edu,146 Reindahl Center,Dearborn,Michigan,48126
40,Conney,Drinkel,M,201-44-9295,cdrinkel13@unc.edu,5670 Butterfield Hill,Orlando,Florida,32885
41,Penelope,Glozman,F,154-96-3655,pglozman14@themeforest.net,95 Sutherland Street,Minneapolis,Minnesota,55428
42,Isak,Hillam,M,764-38-6986,ihillam15@1und1.de,9 School Alley,Kansas City,Missouri,64160
43,Jacquelyn,Scholer,F,634-65-0060,jscholer16@gmpg.org,0374 Hauk Park,Philadelphia,Pennsylvania,19120
44,Packston,Mac Giany,M,210-14-0756,pmacgiany17@yahoo.co.jp,1 Lillian Point,San Jose,California,95194
45,Randi,Bowfin,F,604-47-4149,rbowfin18@walmart.com,6558 Mesta Terrace,Jacksonville,Florida,32215
46,Garrek,Bonnick,M,670-08-9909,gbonnick19@loc.gov,00 American Ash Drive,Fresno,California,93704
47,Matt,Eastment,M,298-07-1642,meastment1a@dailymotion.com,58 Porter Parkway,Valdosta,Georgia,31605
48,Philis,Ochterlony,F,667-57-5281,pochterlony1b@gnu.org,74 Springview Circle,Portland,Oregon,97255
49,Erin,Kneaphsey,M,412-16-4576,ekneaphsey1c@google.ca,33226 International Park,Los Angeles,California,90020
50,Berk,Beranek,M,457-46-0759,bberanek1d@indiegogo.com,7 American Center,Miami,Florida,33124
51,Carlye,Lardez,F,475-94-4176,clardez1e@tripadvisor.com,041 Pearson Terrace,Washington,District of Columbia,20566
52,Jodi,Peplow,M,830-74-8587,jpeplow1f@woothemes.com,79515 Holy Cross Way,Lexington,Kentucky,40505
53,Effie,Dudding,F,651-63-1817,edudding1g@ehow.com,59 Sauthoff Hill,Brooklyn,New York,11236
54,Alair,Gretton,M,304-75-2415,agretton1h@yolasite.com,7 Swallow Pass,Irving,Texas,75037
55,Marmaduke,Teaze,M,773-05-4253,mteaze1i@businessinsider.com,6628 Rowland Point,Sacramento,California,95818
56,Thoma,Hilliam,M,220-89-9524,thilliam1j@ihg.com,0889 Northridge Way,Chicago,Illinois,60636
57,Talyah,Inder,F,284-69-0674,tinder1k@apache.org,21 Almo Road,Sacramento,California,94291
58,Kelci,Berks,F,417-78-2250,kberks1l@scribd.com,,Wilmington,North Carolina,28405
59,Carmelia,Coolican,F,280-61-5030,ccoolican1m@php.net,,Hicksville,New York,11854
60,Juliana,Dufall,F,761-03-6947,jdufall1n@ucla.edu,99 Blaine Lane,Charleston,South Carolina,29416
61,Moishe,California,M,413-72-5917,mcalifornia1o@is.gd,2 Almo Circle,Baton Rouge,Louisiana,70826
62,Konrad,Swateridge,M,292-76-1157,kswateridge1p@dagondesign.com,17 Hanson Avenue,Oakland,California,94605
63,Isabeau,Lumsdall,F,148-32-0806,ilumsdall1q@pinterest.com,9068 North Avenue,Waterbury,Connecticut,06726
64,Ewan,Lownie,M,288-85-6409,elownie1r@auda.org.au,01 Dahle Park,Houston,Texas,77299
65,Ives,Cullon,M,746-25-5125,icullon1s@nsw.gov.au,5 Oak Valley Hill,Farmington,Michigan,48335
66,Noak,Grunder,M,381-53-4328,ngrunder1t@huffingtonpost.com,,San Antonio,Texas,78205
67,Marmaduke,McTrustam,M,521-09-0275,mmctrustam1u@miitbeian.gov.cn,43 Northwestern Point,Young America,Minnesota,55573
68,Delmar,Takle,M,624-89-1205,dtakle1v@apache.org,0451 Di Loreto Place,Jacksonville,Florida,32225
69,Elfrida,Smorthit,F,414-41-0206,esmorthit1w@elegantthemes.com,9224 Gale Point,Salt Lake City,Utah,84189
70,Ryon,Priest,M,332-20-2713,rpriest1x@cisco.com,940 Burrows Circle,Pasadena,California,91109
71,Nicolai,Tidcomb,M,471-98-3191,ntidcomb1y@phpbb.com,9984 Gerald Drive,Paterson,New Jersey,07505
72,Rozalin,Malafe,F,276-66-5919,rmalafe1z@berkeley.edu,066 Westerfield Drive,Erie,Pennsylvania,16510
73,Igor,Sparrow,M,206-62-3650,isparrow20@businesswire.com,2 Bultman Road,Charlotte,North Carolina,28256
74,Camella,Hector,F,522-90-9730,chector21@paginegialle.it,81 7th Plaza,Dayton,Ohio,45403
75,Laurie,Johnstone,F,508-81-3452,ljohnstone22@opensource.org,27 Vidon Trail,Washington,District of Columbia,20057
76,Martainn,O'Cannan,M,254-79-0614,mocannan23@lulu.com,2978 Clemons Junction,Minneapolis,Minnesota,55441
77,Kellby,Kidney,M,311-74-2127,kkidney24@plala.or.jp,,Saint Paul,Minnesota,55103
78,Diane-marie,Kilcoyne,F,553-72-9359,dkilcoyne25@macromedia.com,0760 East Place,Austin,Texas,78754
79,Marchall,Cordeiro,M,380-07-0265,mcordeiro26@zdnet.com,3 Kim Crossing,Denver,Colorado,80228
80,Sandye,Dorrian,F,376-86-8611,sdorrian27@redcross.org,47 Hallows Avenue,Charlotte,North Carolina,28247
81,Manfred,Bonfield,M,376-39-5976,mbonfield28@mozilla.org,,Springfield,Massachusetts,01114
82,Cedric,Cordero,M,705-13-4678,ccordero29@a8.net,46772 Darwin Court,Brockton,Massachusetts,02405
83,Jemmy,Pumphrey,F,141-97-2789,jpumphrey2a@boston.com,64261 Bashford Center,Tampa,Florida,33620
84,Chadd,Wilsone,M,163-61-2027,cwilsone2b@statcounter.com,48899 Sunnyside Avenue,Portland,Oregon,97229
85,Conny,Covell,F,485-54-4167,ccovell2c@google.com.hk,426 Myrtle Way,Fort Lauderdale,Florida,33315
86,Ethelind,Prettyman,F,508-72-1924,eprettyman2d@google.it,88 Golf View Point,San Jose,California,95173
87,Mychal,Poplee,M,809-69-4831,mpoplee2e@i2i.jp,839 Elka Circle,San Mateo,California,94405
88,Lyndel,Oakden,F,624-13-1021,loakden2f@constantcontact.com,46916 Harper Point,Lexington,Kentucky,40546
89,Matti,Virgo,F,874-91-4384,mvirgo2g@vinaora.com,52569 Blackbird Plaza,Torrance,California,90505
90,Brigitte,Sawney,F,461-82-5436,bsawney2h@hexun.com,9217 Carberry Avenue,Washington,District of Columbia,20231
91,Des,Collocott,M,614-38-7156,dcollocott2i@cdc.gov,1674 Delladonna Court,Reno,Nevada,89505
92,Rodger,Lorenzini,M,319-93-1521,rlorenzini2j@reverbnation.com,4 Haas Park,Lake Worth,Florida,33462
93,Madlin,De Lisle,F,203-09-4460,mdelisle2k@redcross.org,919 Emmet Point,Brockton,Massachusetts,02405
94,Ebony,Mogg,F,133-85-7706,emogg2l@yellowbook.com,60724 Straubel Plaza,Portland,Oregon,97221
95,Sharl,Hellard,F,567-49-0568,shellard2m@1688.com,6294 Macpherson Trail,London,Kentucky,40745
96,Gradey,Derbyshire,M,476-22-6250,gderbyshire2n@ft.com,37 Myrtle Hill,Sacramento,California,94280
97,Gael,Guly,F,181-99-3349,gguly2o@nationalgeographic.com,3 Anhalt Lane,Albany,New York,12237
98,Ruthie,Cage,F,488-56-6286,rcage2p@ucoz.com,98 Wayridge Crossing,New York City,New York,10260
99,Rowen,Harrismith,M,183-81-8951,rharrismith2q@webnode.com,48 Gina Center,Lexington,Kentucky,40515
100,Huntley,Maudlin,M,259-42-7259,hmaudlin2r@usnews.com,13 Corry Circle,Clearwater,Florida,34620
101,Colette,Laing,F,430-83-3808,claing2s@businessinsider.com,58 Rowland Avenue,Fort Worth,Texas,76134
102,Barnabas,Thorowgood,M,705-29-5248,bthorowgood2t@dedecms.com,56 Straubel Parkway,Toledo,Ohio,43699
103,Enoch,Mackstead,M,211-52-9375,emackstead2u@sciencedirect.com,5 Paget Pass,Atlanta,Georgia,30356
104,Gelya,Scruton,F,691-85-3116,gscruton2v@mashable.com,15 Messerschmidt Plaza,Washington,District of Columbia,20551
105,Konrad,Hinsche,M,325-79-3225,khinsche2w@msu.edu,20 Summer Ridge Drive,Houston,Texas,77035
106,Lidia,Hanne,F,373-04-0807,lhanne2x@apache.org,3 Sherman Court,Evanston,Illinois,60208
107,Constantine,Carme,M,298-69-4010,ccarme2y@vk.com,60666 South Hill,Columbia,South Carolina,29215
108,Wilton,Batkin,M,101-72-9170,wbatkin2z@seattletimes.com,1 Sutherland Circle,Ogden,Utah,84409
109,Babette,Huddle,F,814-33-2590,bhuddle30@chron.com,89 Gina Terrace,Fort Lauderdale,Florida,33315
110,Florry,Siccombe,F,296-80-1850,fsiccombe31@smh.com.au,1985 Holy Cross Trail,Decatur,Georgia,30089
111,Manon,Ralph,F,771-09-5389,mralph32@lycos.com,5564 Dexter Terrace,Saint Petersburg,Florida,33715
112,Rufus,Salisbury,M,511-44-2208,rsalisbury33@youtu.be,86 Burrows Circle,Saint Petersburg,Florida,33742
113,Oswell,Futter,M,265-11-8963,ofutter34@dedecms.com,9025 Dixon Pass,New York City,New York,10160
114,Ode,Greyes,M,111-66-0983,ogreyes35@cnn.com,00036 Hanson Circle,Washington,District of Columbia,56944
115,Craggy,Syms,M,763-83-7213,csyms36@icio.us,83 Westport Street,Roanoke,Virginia,24009
116,Verile,Kiddle,F,544-82-8553,vkiddle37@ihg.com,913 Wayridge Crossing,Baltimore,Maryland,21275
117,Allister,Lamblin,M,730-67-7340,alamblin38@disqus.com,82900 Glendale Road,Huntington Beach,California,92648
118,Sherry,Macro,F,216-38-9926,smacro39@yahoo.co.jp,85 Bowman Lane,Fresno,California,93794
119,Udall,Robecon,M,837-68-9098,urobecon3a@surveymonkey.com,545 Delladonna Point,Columbus,Georgia,31914
120,Sherwin,Mundow,M,271-15-8539,smundow3b@cisco.com,7778 Westerfield Alley,Detroit,Michigan,48211
121,Fay,St Ledger,F,330-24-5351,fstledger3c@de.vu,60 Gina Point,Anchorage,Alaska,99522
122,Leslie,Hintzer,F,699-14-2900,lhintzer3d@flickr.com,309 Lindbergh Way,Hartford,Connecticut,06145
123,Vivian,Peggram,F,429-57-6621,vpeggram3e@shutterfly.com,7 Forest Run Circle,Houston,Texas,77005
124,Brianne,Juschke,F,566-77-8070,bjuschke3f@ox.ac.uk,26897 Golf View Way,Staten Island,New York,10305
125,Pearl,Calabry,F,158-99-6132,pcalabry3g@guardian.co.uk,292 Bultman Plaza,San Jose,California,95108
126,Herminia,Kinchin,F,283-66-4000,hkinchin3h@wsj.com,56223 Fair Oaks Alley,Jackson,Mississippi,39204
127,Karisa,Shillabear,F,224-29-8575,kshillabear3i@yale.edu,8039 Heffernan Pass,Denver,Colorado,80255
128,Rosana,Goult,F,754-24-0309,rgoult3j@joomla.org,732 Artisan Park,San Francisco,California,94159
129,Leslie,Dziwisz,M,226-79-0091,ldziwisz3k@cbslocal.com,06 Russell Way,Dallas,Texas,75246
130,Gabi,Greensted,M,532-18-7263,ggreensted3l@t.co,511 Anzinger Park,Tallahassee,Florida,32309
131,Ruprecht,Bruggen,M,184-18-2834,rbruggen3m@yahoo.com,7210 Oak Valley Trail,Memphis,Tennessee,38119
132,Amy,Hutt,F,649-62-3704,ahutt3n@homestead.com,2 Armistice Crossing,Des Moines,Iowa,50362
133,Tod,Gilfillan,M,308-68-2354,tgilfillan3o@fotki.com,162 Mariners Cove Place,Washington,District of Columbia,20503
134,Ric,Neward,M,236-42-6603,rneward3p@latimes.com,4 Boyd Plaza,Billings,Montana,59105
135,Lamont,Poleye,M,645-05-2491,lpoleye3q@networksolutions.com,0908 Marquette Avenue,Topeka,Kansas,66642
136,Laura,Peer,F,353-20-3288,lpeer3r@posterous.com,60678 Graceland Plaza,Gary,Indiana,46406
137,Ermin,Piotrkowski,M,502-30-1971,epiotrkowski3s@artisteer.com,95373 Clemons Plaza,Dallas,Texas,75342
138,Carina,Andretti,F,269-64-5645,candretti3t@plala.or.jp,5522 Fordem Road,Stamford,Connecticut,06912
139,Mimi,Marcroft,F,884-55-1752,mmarcroft3u@exblog.jp,20663 Amoth Street,Raleigh,North Carolina,27610
140,Aristotle,Tetlow,M,715-44-5675,atetlow3v@homestead.com,891 Scofield Way,Louisville,Kentucky,40215
141,Alfonso,Edge,M,557-74-4352,aedge3w@virginia.edu,,Henderson,Nevada,89012
142,Diandra,Skaif,F,351-02-0755,dskaif3x@aol.com,91 Pierstorff Lane,Lexington,Kentucky,40586
143,Dinnie,Webermann,F,460-96-1225,dwebermann3y@blogtalkradio.com,86 Pine View Court,Saint Petersburg,Florida,33710
144,Sibel,Lawty,F,336-66-6614,slawty3z@cornell.edu,29 Green Drive,Woburn,Massachusetts,01813
145,Kennie,Warton,M,796-83-8269,kwarton40@sourceforge.net,6 Fordem Lane,Fort Pierce,Florida,34981
146,Alina,Visco,F,346-05-4484,avisco41@technorati.com,,San Jose,California,95138
147,Otto,Yabsley,M,682-84-4489,oyabsley42@economist.com,47309 Moland Drive,Springfield,Virginia,22156
148,Gaby,Boatwright,F,800-85-8995,gboatwright43@phpbb.com,24 Carioca Place,Pueblo,Colorado,81015
149,Burton,Brewett,M,541-08-0908,bbrewett44@i2i.jp,1 Nova Point,Baltimore,Maryland,21216
150,Dacia,Esch,F,695-53-4187,desch45@youtu.be,67590 Columbus Avenue,San Antonio,Texas,78245
151,Helga,Blakesley,F,354-61-1873,hblakesley46@senate.gov,93 Nobel Alley,Billings,Montana,59105
152,Ros,Strickler,F,653-95-4173,rstrickler47@skyrock.com,574 Oxford Place,Jacksonville,Florida,32215
153,Thurstan,Coucher,M,819-94-9305,tcoucher48@imageshack.us,3 Clove Terrace,Columbia,South Carolina,29220
154,Brandice,Densey,F,499-71-8891,bdensey49@e-recht24.de,96 Fieldstone Street,Dayton,Ohio,45490
155,Odey,Silverthorn,M,534-55-2976,osilverthorn4a@wp.com,2008 Buhler Drive,Panama City,Florida,32412
156,Selie,Brammall,F,429-70-7153,sbrammall4b@networkadvertising.org,,Memphis,Tennessee,38150
157,Brande,Wyke,F,263-22-5954,bwyke4c@arizona.edu,0277 Bellgrove Circle,Honolulu,Hawaii,96810
158,Cissiee,Giovannoni,F,593-93-1041,cgiovannoni4d@foxnews.com,,Miami,Florida,33233
159,Elena,McCanny,F,584-89-3636,emccanny4e@princeton.edu,35 Northwestern Way,Brockton,Massachusetts,02405
160,Mariejeanne,Neagle,F,664-68-1230,mneagle4f@bluehost.com,7 Gulseth Road,Riverside,California,92505
161,Stevy,Nielson,M,549-22-6183,snielson4g@ox.ac.uk,2 Mayer Parkway,Des Moines,Iowa,50320
162,Lorrie,Mounter,M,549-76-4006,lmounter4h@psu.edu,06 Schlimgen Way,Canton,Ohio,44720
163,Joelynn,Daniellot,F,732-27-6609,jdaniellot4i@storify.com,27 Troy Parkway,Richmond,Virginia,23260
164,Urbain,Langan,M,259-72-8941,ulangan4j@ameblo.jp,63 Mccormick Point,Philadelphia,Pennsylvania,19141
165,Angeline,Myrick,F,112-65-7687,amyrick4k@uiuc.edu,2 Dunning Center,Tyler,Texas,75799
166,Perl,Tabrett,F,899-71-7529,ptabrett4l@ebay.co.uk,18 Washington Circle,Bridgeport,Connecticut,06606
167,Bourke,Hounsham,M,115-84-1255,bhounsham4m@etsy.com,15548 Arrowood Trail,Kansas City,Missouri,64109
168,Kippy,Measham,M,204-62-2322,kmeasham4n@ask.com,56936 West Hill,Greeley,Colorado,80638
169,Gerhardt,Conant,M,667-37-4732,gconant4o@example.com,34291 Sunbrook Avenue,Springfield,Missouri,65810
170,Jacquie,Flanner,F,775-43-1238,jflanner4p@si.edu,6461 Stone Corner Junction,Colorado Springs,Colorado,80905
171,Truman,Elman,M,640-36-9536,telman4q@blogtalkradio.com,,Indianapolis,Indiana,46266
172,Sigmund,Rowsell,M,790-44-6608,srowsell4r@baidu.com,088 Kings Parkway,Port Charlotte,Florida,33954
173,Britt,Yvon,M,848-80-9583,byvon4s@newyorker.com,55 Oriole Way,Hampton,Virginia,23663
174,Valli,Gilhouley,F,815-21-3359,vgilhouley4t@twitter.com,,Louisville,Kentucky,40256
175,Ogdon,Hambrook,M,586-46-7722,ohambrook4u@wufoo.com,0 Larry Crossing,Dayton,Ohio,45408
176,Esteban,Gerrard,M,692-48-2191,egerrard4v@microsoft.com,59413 Prentice Court,Austin,Texas,78759
177,Marylinda,Patchett,F,107-97-4644,mpatchett4w@economist.com,21488 Vidon Circle,Pittsburgh,Pennsylvania,15261
178,Ewart,Tallant,M,244-15-0029,etallant4x@blogs.com,8 1st Alley,Washington,District of Columbia,20046
179,Rhody,De Domenicis,F,548-86-7209,rdedomenicis4y@state.gov,78724 Brentwood Plaza,Louisville,Kentucky,40205
180,Bobby,Kibbye,F,727-89-0159,bkibbye4z@who.int,0 Corry Avenue,San Bernardino,California,92405
181,Gabrila,Britten,F,433-36-1172,gbritten50@illinois.edu,48082 Warrior Park,Houston,Texas,77281
182,Karin,Klasen,F,537-22-0462,kklasen51@smh.com.au,69329 Victoria Trail,Escondido,California,92030
183,Fitzgerald,Tosspell,M,372-01-3237,ftosspell52@bizjournals.com,,Jamaica,New York,11499
184,Reade,Hoyland,M,318-33-7721,rhoyland53@nasa.gov,8 Brickson Park Road,Newton,Massachusetts,02162
185,Rowena,Reany,F,822-02-0283,rreany54@baidu.com,8351 Schurz Road,Littleton,Colorado,80161
186,Bayard,Demelt,M,763-39-1061,bdemelt55@webs.com,8033 Fieldstone Crossing,Tuscaloosa,Alabama,35487
187,Webster,Vella,M,228-83-0854,wvella56@imgur.com,582 Northfield Junction,Oklahoma City,Oklahoma,73142
188,Ellie,Hills,F,511-84-7597,ehills57@jalbum.net,0 Riverside Center,Greenville,South Carolina,29610
189,Roman,Latore,M,814-81-3698,rlatore58@canalblog.com,19 Sunbrook Crossing,Dallas,Texas,75236
190,Amity,Plunkett,F,898-83-5734,aplunkett59@instagram.com,95756 Bultman Court,Miami Beach,Florida,33141
191,Maighdiln,Hellmore,F,328-38-3258,mhellmore5a@nih.gov,96244 Reindahl Trail,Miami,Florida,33233
192,Eli,Blinco,M,129-82-4717,eblinco5b@theglobeandmail.com,0 Carpenter Avenue,Knoxville,Tennessee,37919
193,Hamel,Palffy,M,105-59-6815,hpalffy5c@census.gov,99 Sullivan Court,Washington,District of Columbia,20005
194,Hermann,Kernell,M,582-94-6901,hkernell5d@google.com.br,,Houston,Texas,77299
195,Theodora,Darton,F,876-85-6760,tdarton5e@statcounter.com,4 Corscot Center,Conroe,Texas,77305
196,Nata,Grills,F,150-14-4716,ngrills5f@people.com.cn,48613 Algoma Way,West Palm Beach,Florida,33405
197,Lurette,Howles,F,723-65-1659,lhowles5g@sun.com,1238 Manitowish Avenue,New York City,New York,10090
198,Ephraim,Fritche,M,743-02-8634,efritche5h@simplemachines.org,5744 Stone Corner Hill,San Antonio,Texas,78285
199,Simonne,Dalligan,F,385-50-6106,sdalligan5i@zimbio.com,9 High Crossing Point,Dallas,Texas,75310
200,Bette,Lindelof,F,280-26-3297,blindelof5j@fotki.com,4 Brown Junction,Saint Paul,Minnesota,55114
201,Boycey,Wedlock,M,243-20-5510,bwedlock5k@freewebs.com,82 Brown Court,Louisville,Kentucky,40298
202,Fiann,Dotterill,F,706-51-3694,fdotterill5l@chicagotribune.com,7 Ryan Drive,Lansing,Michigan,48930
203,Waldon,Robeiro,M,102-18-1492,wrobeiro5m@eepurl.com,1479 Crownhardt Alley,Irvine,California,92717
204,Pattie,Beecheno,M,621-75-9665,pbeecheno5n@wired.com,75 Jenifer Court,San Diego,California,92145
205,Fannie,Schreiner,F,573-64-6088,fschreiner5o@springer.com,050 Browning Drive,Milwaukee,Wisconsin,53234
206,Rochella,Fedynski,F,521-64-3688,rfedynski5p@independent.co.uk,879 Stuart Center,Austin,Texas,78721
207,Ferd,Mattaus,M,329-71-7746,fmattaus5q@devhub.com,79 Dakota Drive,Port Washington,New York,11054
208,Jim,Alessandone,M,596-74-9593,jalessandone5r@soup.io,730 Talisman Alley,Washington,District of Columbia,20029
209,Robbi,Nester,F,145-69-4316,rnester5s@msu.edu,3 Bluejay Park,Lansing,Michigan,48930
210,Vin,Salla,F,485-13-7179,vsalla5t@nifty.com,16 Darwin Court,Fort Worth,Texas,76110
211,Ephrayim,Quarrington,M,533-22-4420,equarrington5u@shop-pro.jp,709 Maryland Avenue,Arlington,Virginia,22234
212,Rickey,Skillett,M,665-06-0514,rskillett5v@imageshack.us,9662 Hallows Court,Macon,Georgia,31210
213,Tatum,Glenwright,F,119-53-6279,tglenwright5w@creativecommons.org,99029 Iowa Court,Miami,Florida,33164
214,Regen,Olexa,M,555-98-1219,rolexa5x@bandcamp.com,236 Basil Road,Newark,New Jersey,07195
215,Ryon,Hedman,M,148-51-1046,rhedman5y@dailymotion.com,4608 Moose Street,Sacramento,California,95818
216,Eveline,Leake,F,798-44-1425,eleake5z@ovh.net,8151 Golden Leaf Drive,Newark,New Jersey,07112
217,Bartolemo,Topham,M,123-69-4045,btopham60@drupal.org,652 Sugar Place,Chicago,Illinois,60646
218,Dory,Hamer,F,510-59-9534,dhamer61@prweb.com,1 Declaration Lane,Portland,Oregon,97286
219,Marten,Jull,M,617-02-4994,mjull62@ustream.tv,7199 Sommers Lane,Denver,Colorado,80209
220,Pearline,Giblin,F,161-97-4393,pgiblin63@ovh.net,10 Reindahl Parkway,Birmingham,Alabama,35215
221,Skipton,Saylor,M,638-39-7748,ssaylor64@barnesandnoble.com,,Cleveland,Ohio,44197
222,Deny,Jaycox,F,400-41-9684,djaycox65@berkeley.edu,363 Toban Center,Chicago,Illinois,60669
223,Holmes,Maseres,M,424-59-4981,hmaseres66@icio.us,4 Arkansas Pass,Des Moines,Iowa,50981
224,Lanie,Winscomb,M,557-99-3514,lwinscomb67@macromedia.com,01 Grasskamp Hill,Seattle,Washington,98166
225,Dareen,Berre,F,682-04-0408,dberre68@aboutads.info,78769 Twin Pines Crossing,West Palm Beach,Florida,33421
226,Kerrin,Dallin,F,489-86-6193,kdallin69@livejournal.com,,New Orleans,Louisiana,70160
227,Randie,Foote,M,182-96-2085,rfoote6a@virginia.edu,62337 Graedel Alley,Des Moines,Iowa,50305
228,Matthew,Yeatman,M,819-68-6321,myeatman6b@pinterest.com,856 2nd Parkway,Jamaica,New York,11499
229,Fredi,Crinidge,F,809-23-5768,fcrinidge6c@squarespace.com,575 Loomis Hill,Austin,Texas,78783
230,Samuele,Blazi,M,479-12-7062,sblazi6d@soup.io,82850 Dawn Park,Saint Petersburg,Florida,33737
231,Goldarina,Cordie,F,240-78-1115,gcordie6e@ehow.com,64709 Laurel Pass,Indianapolis,Indiana,46295
232,Sandie,Rishman,F,486-57-6793,srishman6f@harvard.edu,446 Mayer Alley,Phoenix,Arizona,85025
233,Bernardine,Allner,F,422-65-0045,ballner6g@nytimes.com,02292 Sundown Avenue,Washington,District of Columbia,20380
234,Calhoun,Astley,M,703-89-5403,castley6h@hao123.com,850 Novick Drive,Frederick,Maryland,21705
235,Carmine,Braund,F,372-19-0864,cbraund6i@unc.edu,981 Kedzie Drive,Columbus,Georgia,31998
236,Ladonna,Kilgallen,F,419-36-6225,lkilgallen6j@usgs.gov,7484 Hovde Way,Orlando,Florida,32813
237,Trish,Dullaghan,F,892-32-8303,tdullaghan6k@lycos.com,491 Twin Pines Court,Jacksonville,Florida,32255
238,Frederic,Munkley,M,150-54-9453,fmunkley6l@epa.gov,10092 Oneill Plaza,Miami,Florida,33245
239,Caesar,Caisley,M,248-79-8211,ccaisley6m@ameblo.jp,70 Farwell Park,Washington,District of Columbia,20051
240,Bree,Williscroft,F,401-68-9576,bwilliscroft6n@wikipedia.org,0852 Homewood Center,Washington,District of Columbia,20530
241,Johnathon,Keefe,M,786-41-9873,jkeefe6o@sciencedaily.com,81426 La Follette Park,Pensacola,Florida,32520
242,Irwinn,Parkeson,M,606-64-4130,iparkeson6p@go.com,030 Northview Parkway,Palo Alto,California,94302
243,Maxwell,Dolligon,M,519-62-1350,mdolligon6q@cbslocal.com,190 Oakridge Avenue,Denver,Colorado,80299
244,Rickey,Fullard,M,688-85-9055,rfullard6r@yahoo.co.jp,02 Loeprich Lane,Columbus,Georgia,31914
245,Peter,Dunbar,M,604-74-1669,pdunbar6s@technorati.com,05 Debs Lane,Vancouver,Washington,98664
246,Morry,Beddingham,M,725-40-1768,mbeddingham6t@ezinearticles.com,770 Packers Pass,Odessa,Texas,79769
247,Darcy,Selliman,F,570-46-6221,dselliman6u@oaic.gov.au,503 Sherman Point,Spartanburg,South Carolina,29305
248,Kelbee,Somes,M,535-33-6430,ksomes6v@elpais.com,2184 Redwing Street,Macon,Georgia,31217
249,Brandise,Naulls,F,350-74-8539,bnaulls6w@about.com,58 Hooker Junction,San Antonio,Texas,78265
250,Gery,Cruickshanks,M,756-10-8435,gcruickshanks6x@mozilla.com,6993 Victoria Park,Omaha,Nebraska,68124
251,Meredeth,Fitzroy,M,446-99-1018,mfitzroy6y@comsenz.com,8156 Hauk Plaza,Indianapolis,Indiana,46254
252,Natividad,Merricks,F,104-43-9160,nmerricks6z@miitbeian.gov.cn,34 Mccormick Avenue,Hicksville,New York,11854
253,Morissa,Damato,F,160-53-0815,mdamato70@discovery.com,371 Kedzie Way,Denver,Colorado,80209
254,Barrie,Maith,M,692-29-2511,bmaith71@bluehost.com,24365 Crest Line Junction,Jeffersonville,Indiana,47134
255,Georgie,Snepp,M,868-37-6327,gsnepp72@sphinn.com,610 Stang Alley,Louisville,Kentucky,40256
256,Letty,Millom,F,608-06-3350,lmillom73@ucoz.ru,52 Utah Alley,San Francisco,California,94121
257,Donnie,Espinho,F,302-11-5417,despinho74@arstechnica.com,04 Golf Alley,Pasadena,California,91125
258,Daveen,Oris,F,177-67-9493,doris75@hibu.com,587 Magdeline Point,Bryan,Texas,77806
259,Della,Guerola,F,206-44-8087,dguerola76@wp.com,425 Hauk Point,San Antonio,Texas,78260
260,Lorita,Fronsek,F,759-63-0495,lfronsek77@opera.com,170 Cardinal Way,Oklahoma City,Oklahoma,73142
261,Stearn,Gormley,M,378-25-1732,sgormley78@miitbeian.gov.cn,767 Luster Trail,Akron,Ohio,44329
262,Christalle,Foresight,F,221-88-4599,cforesight79@wsj.com,,Stockton,California,95205
263,Iver,Satford,M,304-66-9833,isatford7a@deliciousdays.com,2507 Golf View Place,Kalamazoo,Michigan,49006
264,Massimiliano,Leatherland,M,136-55-9195,mleatherland7b@shutterfly.com,762 Hintze Lane,Port Charlotte,Florida,33954
265,Obadias,Jelley,M,311-05-4778,ojelley7c@engadget.com,91 Mitchell Place,Raleigh,North Carolina,27658
266,Reinhold,Mack,M,237-35-5904,rmack7d@washington.edu,,Canton,Ohio,44710
267,Cecilius,Millthorpe,M,674-15-3508,cmillthorpe7e@youtu.be,55 Gateway Pass,Memphis,Tennessee,38136
268,Sheryl,Puttick,F,869-54-3988,sputtick7f@uol.com.br,450 Lillian Point,Philadelphia,Pennsylvania,19136
269,Julian,Sharrier,M,251-27-9338,jsharrier7g@state.tx.us,211 Tennyson Court,New Haven,Connecticut,06538
270,Elnar,Taunton.,M,608-83-3860,etaunton7h@bluehost.com,8 North Junction,Fresno,California,93762
271,Howie,Noen,M,315-68-8954,hnoen7i@usda.gov,3 Jenifer Drive,Carol Stream,Illinois,60351
272,Sheff,Castelli,M,303-61-4000,scastelli7j@purevolume.com,5927 Spaight Road,Anchorage,Alaska,99507
273,Jessika,Newburn,F,470-44-0692,jnewburn7k@nba.com,1351 Tony Drive,Pasadena,Texas,77505
274,Fidelio,Prando,M,408-98-8734,fprando7l@imgur.com,,Washington,District of Columbia,20566
275,Vilhelmina,Edds,F,557-39-8659,vedds7m@earthlink.net,251 Barnett Point,Worcester,Massachusetts,01605
276,Sabine,Comins,F,619-39-5353,scomins7n@scribd.com,18384 Nancy Court,Sacramento,California,95813
277,Giorgi,Mullin,M,855-75-5157,gmullin7o@unc.edu,62426 Mariners Cove Crossing,Winston Salem,North Carolina,27116
278,Thom,Bonnesen,M,223-90-3157,tbonnesen7p@a8.net,8 6th Center,Sacramento,California,94291
279,Nye,Giamitti,M,640-23-8080,ngiamitti7q@nymag.com,19 Duke Drive,Akron,Ohio,44305
280,Bailie,Pisco,M,858-35-8532,bpisco7r@elegantthemes.com,336 Eggendart Parkway,Maple Plain,Minnesota,55579
281,Staford,Clapham,M,604-11-4206,sclapham7s@sourceforge.net,2437 Superior Court,Baltimore,Maryland,21239
282,Barbabas,MacCauley,M,754-90-2691,bmaccauley7t@webeden.co.uk,60074 Heffernan Junction,Louisville,Kentucky,40287
283,Marianna,Crellin,F,422-52-2082,mcrellin7u@e-recht24.de,623 Manufacturers Plaza,Van Nuys,California,91406
284,Kimberley,Mackney,F,847-96-7688,kmackney7v@google.pl,1 Fair Oaks Road,Chicago,Illinois,60674
285,Vilma,Saunderson,F,190-35-5302,vsaunderson7w@state.tx.us,3 Karstens Lane,Mesa,Arizona,85210
286,Genvieve,Vasilmanov,F,464-70-0459,gvasilmanov7x@go.com,86390 Emmet Lane,New York City,New York,10170
287,Augustina,Matisoff,F,172-16-2261,amatisoff7y@salon.com,473 Twin Pines Lane,Concord,California,94522
288,Caryl,O'Cridigan,M,740-85-2701,cocridigan7z@oracle.com,5 Tomscot Center,Florence,South Carolina,29505
289,Terrijo,Cuardall,F,242-69-4557,tcuardall80@discuz.net,68 Nelson Park,Boston,Massachusetts,02119
290,Tarra,Buxsy,F,876-88-6147,tbuxsy81@goo.ne.jp,35566 Hagan Pass,Jackson,Mississippi,39296
291,Isacco,Kinvig,M,495-76-6375,ikinvig82@devhub.com,4976 Cardinal Point,Topeka,Kansas,66611
292,Druci,Sawter,F,413-47-1537,dsawter83@cpanel.net,13 Meadow Valley Way,Wichita,Kansas,67220
293,Sidonia,Kenshole,F,492-33-2647,skenshole84@apache.org,9 American Ash Point,Redwood City,California,94064
294,Drusie,Flieg,F,847-40-8455,dflieg85@jigsy.com,2730 Walton Plaza,Dallas,Texas,75379
295,Nicky,Poole,F,235-08-8734,npoole86@prlog.org,041 Texas Park,Cleveland,Ohio,44197
296,Kevin,Braun,M,856-60-5713,kbraun87@macromedia.com,07 Stang Court,Sioux Falls,South Dakota,57198
297,Devin,Tolputt,F,504-75-8165,dtolputt88@earthlink.net,9669 Hallows Road,Roanoke,Virginia,24009
298,Ted,Meynell,F,271-88-8058,tmeynell89@squidoo.com,46813 Forest Court,White Plains,New York,10633
299,Kalina,Currm,F,156-31-0565,kcurrm8a@ed.gov,703 Hermina Parkway,Miami,Florida,33175
300,Eadmund,Neiland,M,529-97-8451,eneiland8b@imageshack.us,157 Buhler Point,Washington,District of Columbia,20099
301,Jaquelyn,Shovelbottom,F,112-39-9815,jshovelbottom8c@privacy.gov.au,18 Westport Street,Los Angeles,California,90055
302,Dasie,Trattles,F,899-10-7743,dtrattles8d@fotki.com,11 South Place,Las Vegas,Nevada,89125
303,Elnore,Wyrill,F,510-46-5664,ewyrill8e@buzzfeed.com,6 Rigney Center,El Paso,Texas,79916
304,Amory,Fontin,M,700-25-4536,afontin8f@webs.com,45 Manitowish Road,Dayton,Ohio,45454
305,Tamqrah,Chippindall,F,707-29-9988,tchippindall8g@home.pl,5 Acker Way,Dallas,Texas,75323
306,Minerva,Mabon,F,470-03-1592,mmabon8h@tinyurl.com,45129 Ramsey Street,Arlington,Virginia,22225
307,Gardie,Puddle,M,690-10-9330,gpuddle8i@gizmodo.com,60491 Garrison Junction,Flint,Michigan,48555
308,Kenneth,Titcom,M,770-52-1272,ktitcom8j@dell.com,8 Independence Road,Houston,Texas,77255
309,Rorke,Crassweller,M,215-81-0752,rcrassweller8k@taobao.com,1242 Tennyson Plaza,Pensacola,Florida,32526
310,Calvin,Bolan,M,651-95-6991,cbolan8l@ehow.com,22788 Merry Plaza,Shawnee Mission,Kansas,66215
311,Jessamine,Belcher,F,463-86-4359,jbelcher8m@nifty.com,7374 Knutson Center,Milwaukee,Wisconsin,53215
312,Wolfie,Tuffin,M,655-27-4881,wtuffin8n@typepad.com,59 Susan Drive,Fort Lauderdale,Florida,33320
313,Romona,Mulliner,F,232-19-5422,rmulliner8o@tumblr.com,58 Badeau Way,Dallas,Texas,75372
314,Ramsay,Espinola,M,187-03-7463,respinola8p@so-net.ne.jp,375 Meadow Vale Alley,Mobile,Alabama,36622
315,Tatum,Tolworth,F,348-71-1742,ttolworth8q@stanford.edu,10 Kim Trail,New Orleans,Louisiana,70149
316,Angelle,Joinsey,F,280-79-5433,ajoinsey8r@thetimes.co.uk,71751 Michigan Avenue,Charlotte,North Carolina,28299
317,Ella,Eastam,F,137-53-4547,eeastam8s@cisco.com,725 Park Meadow Way,Reno,Nevada,89505
318,Eal,Dannehl,M,863-86-9344,edannehl8t@economist.com,46 Luster Crossing,Springfield,Illinois,62723
319,Milt,Favey,M,792-11-0424,mfavey8u@naver.com,2 Elka Court,Waltham,Massachusetts,02453
320,Clarine,Tremoille,F,197-25-6582,ctremoille8v@usatoday.com,5 American Hill,Philadelphia,Pennsylvania,19104
321,Haskell,Nuzzetti,M,158-57-9721,hnuzzetti8w@dailymotion.com,416 Goodland Point,Huntsville,Texas,77343
322,Jewel,Westphal,F,873-74-9805,jwestphal8x@jigsy.com,3 Elgar Terrace,Washington,District of Columbia,20215
323,Finn,Geke,M,656-71-5883,fgeke8y@bloglines.com,33011 Anhalt Trail,Worcester,Massachusetts,01654
324,Evvy,Plaster,F,717-55-8132,eplaster8z@oakley.com,190 Russell Center,Baton Rouge,Louisiana,70836
325,Cirillo,Folcarelli,M,881-03-6313,cfolcarelli90@who.int,18 Arrowood Crossing,Yakima,Washington,98907
326,Ailbert,Aves,M,175-35-6166,aaves91@oracle.com,7776 Northview Park,Seattle,Washington,98166
327,Ezechiel,Gilardone,M,606-87-1949,egilardone92@earthlink.net,0 Becker Drive,Fort Worth,Texas,76115
328,Courtnay,Vincent,M,199-12-0685,cvincent93@hibu.com,09792 Moose Parkway,Detroit,Michigan,48211
329,Cyndie,Veasey,F,895-40-7159,cveasey94@ibm.com,5 Hermina Junction,Houston,Texas,77055
330,Henryetta,McInteer,F,126-89-6768,hmcinteer95@paypal.com,5409 Charing Cross Point,Atlanta,Georgia,30351
331,Louisette,Schlagh,F,709-53-7683,lschlagh96@dropbox.com,7877 Sage Parkway,Sterling,Virginia,20167
332,Cirstoforo,Trenouth,M,511-12-0192,ctrenouth97@shop-pro.jp,41622 Bultman Hill,Cincinnati,Ohio,45249
333,Marianne,Laneham,F,519-78-9936,mlaneham98@wisc.edu,52867 Rockefeller Terrace,Carol Stream,Illinois,60158
334,Erasmus,Vedyashkin,M,514-97-3731,evedyashkin99@hubpages.com,58496 Sloan Street,Baltimore,Maryland,21281
335,Koenraad,Olyfant,M,162-14-5857,kolyfant9a@cmu.edu,2 Riverside Place,Lakeland,Florida,33811
336,Cordy,Andriessen,F,165-89-3080,candriessen9b@chron.com,,Reno,Nevada,89550
337,Patty,Chater,M,202-68-2576,pchater9c@sina.com.cn,57620 Onsgard Court,Washington,District of Columbia,20575
338,Ola,Tomaszczyk,F,740-69-2024,otomaszczyk9d@discovery.com,393 Anhalt Junction,Fort Worth,Texas,76121
339,Cissiee,Boldra,F,510-85-9280,cboldra9e@skype.com,34990 Darwin Court,Kansas City,Missouri,64160
340,Kristal,Mocher,F,417-32-5204,kmocher9f@weather.com,3532 Grasskamp Pass,Phoenix,Arizona,85020
341,Wood,Blandamere,M,621-41-5100,wblandamere9g@reuters.com,00237 Sugar Terrace,Louisville,Kentucky,40280
342,Barb,Krauze,F,570-08-1831,bkrauze9h@youku.com,693 Westend Terrace,Grand Rapids,Michigan,49560
343,Alie,Rodolf,F,233-22-1808,arodolf9i@spotify.com,04747 Vernon Avenue,Albany,New York,12237
344,Tootsie,Kidd,F,871-03-3726,tkidd9j@uol.com.br,4 Dixon Pass,Staten Island,New York,10305
345,Karissa,Buttrum,F,899-26-8161,kbuttrum9k@hubpages.com,96 Pleasure Circle,Spokane,Washington,99252
346,Sheffy,Walsom,M,318-52-0018,swalsom9l@mozilla.com,78 Washington Place,Oklahoma City,Oklahoma,73167
347,Elsy,Bloom,F,686-10-5152,ebloom9m@blinklist.com,80700 Hallows Center,Memphis,Tennessee,38168
348,Corbin,Garrity,M,368-91-0311,cgarrity9n@nymag.com,0 Cherokee Pass,Seattle,Washington,98104
349,Timmie,Eddicott,M,413-44-2994,teddicott9o@washington.edu,28 Hintze Plaza,Zephyrhills,Florida,33543
350,Allan,Chyuerton,M,803-27-7761,achyuerton9p@angelfire.com,8914 Sommers Parkway,Valley Forge,Pennsylvania,19495
351,Kiel,Esland,M,334-48-5538,kesland9q@usgs.gov,8528 Packers Crossing,Tyler,Texas,75799
352,Ester,Cluff,F,885-14-3700,ecluff9r@cocolog-nifty.com,854 Monument Road,Inglewood,California,90398
353,Kariotta,Callingham,F,449-54-6688,kcallingham9s@deviantart.com,70 Beilfuss Drive,Oklahoma City,Oklahoma,73135
354,Britt,Degoe,M,743-61-1050,bdegoe9t@last.fm,621 Commercial Way,Portland,Maine,04109
355,Luciana,Babidge,F,163-09-1328,lbabidge9u@hexun.com,820 Park Meadow Lane,Fullerton,California,92640
356,Arlie,Honeyghan,F,254-46-2734,ahoneyghan9v@ft.com,022 Golden Leaf Alley,Saint Louis,Missouri,63167
357,Forster,Habbes,M,356-72-7337,fhabbes9w@tripadvisor.com,0789 Forest Run Street,Baton Rouge,Louisiana,70815
358,Dalila,Acome,F,443-15-7130,dacome9x@newsvine.com,38 Toban Lane,Des Moines,Iowa,50393
359,Alberta,Latta,F,354-70-2791,alatta9y@quantcast.com,47 Holy Cross Way,San Antonio,Texas,78255
360,Dodie,Rentoll,F,331-84-7908,drentoll9z@networkadvertising.org,9 Lakewood Gardens Lane,Naples,Florida,33963
361,Bryon,Sant,M,304-64-7710,bsanta0@livejournal.com,2 Warrior Plaza,Galveston,Texas,77554
362,Eba,Stennine,F,745-95-3048,estenninea1@engadget.com,449 Hagan Lane,Nashville,Tennessee,37220
363,Jaquenette,Dyerson,F,483-72-7892,jdyersona2@utexas.edu,0841 Kensington Hill,Louisville,Kentucky,40266
364,Hector,Floris,M,277-61-5186,hflorisa3@ihg.com,5 Carberry Avenue,Louisville,Kentucky,40215
365,Winthrop,Sells,M,700-81-6549,wsellsa4@odnoklassniki.ru,75645 Main Junction,East Saint Louis,Illinois,62205
366,Harman,Silverlock,M,719-25-7678,hsilverlocka5@homestead.com,1118 Mccormick Center,Newark,New Jersey,07195
367,Bea,Olivia,F,651-29-2225,boliviaa6@ehow.com,2183 Mandrake Pass,Syracuse,New York,13217
368,Philomena,Dearsley,F,171-94-4877,pdearsleya7@sphinn.com,6 Norway Maple Center,Las Vegas,Nevada,89110
369,Corinna,Clemits,F,523-45-0531,cclemitsa8@nationalgeographic.com,3018 Fordem Pass,Fort Wayne,Indiana,46825
370,Xenos,Luciano,M,746-06-8725,xlucianoa9@tinypic.com,1445 Dovetail Circle,Jefferson City,Missouri,65110
371,Chad,Shorey,M,832-33-3191,cshoreyaa@mayoclinic.com,60399 Bultman Junction,Los Angeles,California,90101
372,Putnem,Loder,M,275-35-3495,ploderab@mlb.com,00106 Crowley Parkway,Houston,Texas,77223
373,Bobette,Dory,F,717-22-2415,bdoryac@washington.edu,66 Anthes Plaza,Inglewood,California,90398
374,Ettie,Gilbank,F,702-98-9253,egilbankad@cdbaby.com,,Lexington,Kentucky,40515
375,Barrett,Soppit,M,394-16-3410,bsoppitae@lulu.com,2269 Forster Hill,Colorado Springs,Colorado,80951
376,Elwyn,Hargreves,M,430-87-7659,ehargrevesaf@oakley.com,277 John Wall Pass,Memphis,Tennessee,38197
377,Susanetta,Horburgh,F,419-61-7394,shorburghag@cnbc.com,80602 Nevada Crossing,Lansing,Michigan,48919
378,Taffy,Bartlomiejczyk,F,318-39-4884,tbartlomiejczykah@java.com,0 Norway Maple Alley,Tacoma,Washington,98481
379,Fabien,Hollyer,M,369-74-8481,fhollyerai@yahoo.co.jp,20384 Reindahl Street,Pittsburgh,Pennsylvania,15235
380,Brandon,Buckberry,M,622-10-1882,bbuckberryaj@parallels.com,8132 Hoard Park,El Paso,Texas,88546
381,Bryanty,Radbourne,M,336-12-6471,bradbourneak@phoca.cz,55 Lunder Park,Metairie,Louisiana,70033
382,Hollyanne,Cunradi,F,135-56-6467,hcunradial@printfriendly.com,02 Myrtle Junction,San Antonio,Texas,78245
383,Nicolis,Unwins,M,881-93-8320,nunwinsam@jalbum.net,6812 4th Parkway,Abilene,Texas,79699
384,De witt,Colwill,M,270-01-6252,dcolwillan@photobucket.com,33249 Esker Way,Ogden,Utah,84403
385,Berkeley,Cracknall,M,343-20-8620,bcracknallao@constantcontact.com,32 Bultman Alley,Paterson,New Jersey,07522
386,Ludvig,Rollett,M,319-17-9598,lrollettap@ucoz.com,9133 Commercial Park,Little Rock,Arkansas,72231
387,Fabio,Shepton,M,614-32-1241,fsheptonaq@theatlantic.com,7791 Nova Terrace,Danbury,Connecticut,06816
388,Adina,Fagence,F,108-63-6013,afagencear@huffingtonpost.com,555 Clove Trail,Saint Petersburg,Florida,33715
389,Floyd,Venturoli,M,129-59-1011,fventurolias@creativecommons.org,215 Comanche Junction,Chula Vista,California,91913
390,Silvano,Hankey,M,654-34-1831,shankeyat@cnet.com,49593 Northland Road,Philadelphia,Pennsylvania,19136
391,Charis,Alcalde,F,561-94-5811,calcaldeau@comcast.net,9746 Buhler Center,Naples,Florida,34108
392,Sterne,Blaker,M,687-76-3100,sblakerav@ebay.co.uk,9827 Loeprich Crossing,Springfield,Massachusetts,01105
393,Fabian,Rabb,M,326-52-1008,frabbaw@thetimes.co.uk,0106 Laurel Trail,Charlotte,North Carolina,28284
394,Ewen,Westwater,M,251-25-7945,ewestwaterax@usda.gov,5071 Rieder Point,Amarillo,Texas,79105
395,Calley,Pauls,F,567-73-0061,cpaulsay@deliciousdays.com,90 Farwell Place,New Haven,Connecticut,06520
396,Adora,Ormshaw,F,453-59-8646,aormshawaz@eventbrite.com,,Honolulu,Hawaii,96835
397,Opalina,Boshell,F,280-46-2093,oboshellb0@chicagotribune.com,630 Paget Crossing,Oklahoma City,Oklahoma,73124
398,Reynold,Cavendish,M,436-18-3406,rcavendishb1@newyorker.com,84 Sunfield Circle,Brooklyn,New York,11220
399,Pryce,Hawgood,M,329-05-5492,phawgoodb2@feedburner.com,2488 Northland Pass,Anchorage,Alaska,99512
400,Kayla,Escale,F,556-57-3630,kescaleb3@rediff.com,8574 Stoughton Point,Detroit,Michigan,48211
401,Adela,Spiteri,F,509-92-3452,aspiterib4@forbes.com,14540 Stone Corner Pass,Terre Haute,Indiana,47805
402,Sergei,Tebbitt,M,779-61-6041,stebbittb5@cdbaby.com,0 Veith Terrace,Jacksonville,Florida,32215
403,Dorene,Maevela,F,308-81-1788,dmaevelab6@goo.gl,273 Farwell Road,Austin,Texas,78721
404,Charlot,Disney,F,135-05-7847,cdisneyb7@harvard.edu,,Toledo,Ohio,43666
405,Calypso,Brabon,F,325-47-5294,cbrabonb8@unesco.org,86782 Mcbride Street,Naples,Florida,34102
406,Brnaba,Halwell,M,439-32-0057,bhalwellb9@dmoz.org,08 Dakota Place,Columbus,Ohio,43226
407,Chen,Janek,M,753-88-6642,cjanekba@ftc.gov,8027 Manufacturers Drive,Buffalo,New York,14210
408,Etienne,Snozzwell,M,866-12-0082,esnozzwellbb@illinois.edu,4 Mifflin Alley,New York City,New York,10045
409,Salvatore,Klosterman,M,283-64-7013,sklostermanbc@google.pl,8879 Forest Dale Street,Missoula,Montana,59806
410,Barnie,Joscelin,M,197-99-7952,bjoscelinbd@reddit.com,9 Parkside Junction,Moreno Valley,California,92555
411,Ermin,Campion,M,139-06-6352,ecampionbe@netvibes.com,13 Shasta Trail,Honolulu,Hawaii,96850
412,Philbert,Bettam,M,641-14-2780,pbettambf@wunderground.com,0 Sachtjen Trail,Washington,District of Columbia,20535
413,Fan,Bussel,F,265-58-4524,fbusselbg@dell.com,2 Westridge Hill,Mobile,Alabama,36610
414,Rhett,Pressland,M,283-35-0547,rpresslandbh@google.it,69431 Messerschmidt Pass,Corpus Christi,Texas,78426
415,Dolph,Wheway,M,162-46-7747,dwhewaybi@wordpress.com,9560 Darwin Circle,Portland,Oregon,97271
416,Tamra,Cockrill,F,351-10-8198,tcockrillbj@cnbc.com,16 Anniversary Junction,West Palm Beach,Florida,33416
417,Sadella,Morford,F,216-97-1441,smorfordbk@twitter.com,05841 Kennedy Lane,Glendale,Arizona,85305
418,Patience,Choake,F,362-06-7368,pchoakebl@is.gd,,Dallas,Texas,75265
419,Sammy,Danzelman,M,500-68-6217,sdanzelmanbm@unblog.fr,32871 Drewry Hill,Monticello,Minnesota,55565
420,Arny,Girard,M,632-43-3201,agirardbn@latimes.com,8226 Waxwing Alley,Littleton,Colorado,80126
421,Verine,Bannon,F,685-62-3611,vbannonbo@msu.edu,57178 Toban Plaza,Las Cruces,New Mexico,88006
422,Johanna,McInnerny,F,530-73-1914,jmcinnernybp@unesco.org,5 Westerfield Court,Jacksonville,Florida,32220
423,Lesley,Keaton,M,762-87-1877,lkeatonbq@cloudflare.com,80843 Sherman Avenue,Abilene,Texas,79605
424,Gilberte,Franzolini,F,452-42-8929,gfranzolinibr@de.vu,03473 Scoville Junction,Duluth,Minnesota,55811
425,Waneta,Merrell,F,187-90-1200,wmerrellbs@hatena.ne.jp,9 Springs Trail,Des Moines,Iowa,50393
426,Chad,McKeller,M,252-44-9818,cmckellerbt@4shared.com,6 Moland Point,Tacoma,Washington,98442
427,Cass,Goshawk,M,656-58-1619,cgoshawkbu@smh.com.au,01 Petterle Pass,Des Moines,Iowa,50981
428,Wendell,Hurtado,M,858-34-3815,whurtadobv@unicef.org,7 Montana Terrace,San Francisco,California,94116
429,Prinz,Ayris,M,309-11-0576,payrisbw@feedburner.com,13364 Holmberg Avenue,Minneapolis,Minnesota,55446
430,Rayshell,Vivyan,F,178-24-7521,rvivyanbx@fc2.com,94 Colorado Center,Delray Beach,Florida,33448
431,Darn,Klejna,M,750-52-7960,dklejnaby@imdb.com,8 Sheridan Court,Cincinnati,Ohio,45249
432,Berkeley,Nollet,M,277-26-7374,bnolletbz@1688.com,3628 Bartelt Drive,Irving,Texas,75037
433,Ettore,Buntin,M,286-92-8573,ebuntinc0@wufoo.com,7 Evergreen Junction,Washington,District of Columbia,20226
434,Marga,Popland,F,785-58-3262,mpoplandc1@yahoo.co.jp,96637 Anhalt Street,Shawnee Mission,Kansas,66215
435,Lurline,Gaunson,F,599-80-5537,lgaunsonc2@slate.com,9344 Superior Park,Charleston,West Virginia,25305
436,Rolph,Castelyn,M,313-52-5785,rcastelync3@moonfruit.com,,Brooklyn,New York,11231
437,Dominick,Dunrige,M,839-93-2117,ddunrigec4@abc.net.au,7 American Ash Plaza,Peoria,Illinois,61605
438,Dorthy,Capener,F,329-23-3719,dcapenerc5@nymag.com,442 Northfield Plaza,Riverside,California,92513
439,Petronilla,Corhard,F,695-49-6361,pcorhardc6@amazon.de,21570 Blaine Parkway,El Paso,Texas,88569
440,Ewart,Pyke,M,675-38-5475,epykec7@fema.gov,04 Talisman Court,Knoxville,Tennessee,37914
441,Solomon,Skate,M,657-26-6236,sskatec8@gov.uk,09287 Carberry Court,Salinas,California,93907
442,Chaunce,Satterfitt,M,476-06-2027,csatterfittc9@scientificamerican.com,34725 Pond Trail,Lawrenceville,Georgia,30045
443,Arlena,Bassano,F,789-87-8954,abassanoca@sogou.com,453 Bartelt Junction,Pittsburgh,Pennsylvania,15225
444,Chad,Trahearn,M,199-27-7373,ctrahearncb@imageshack.us,3581 Village Green Road,Waterbury,Connecticut,06721
445,Eugen,Wandrach,M,570-13-7457,ewandrachcc@washingtonpost.com,,Las Vegas,Nevada,89160
446,Caddric,Dickin,M,650-31-9555,cdickincd@irs.gov,69 Starling Plaza,Pittsburgh,Pennsylvania,15220
447,Harris,Songhurst,M,516-94-4451,hsonghurstce@elpais.com,18 Nova Hill,New Orleans,Louisiana,70174
448,Barthel,Stoffel,M,254-08-8424,bstoffelcf@cisco.com,5010 Bashford Point,Roanoke,Virginia,24048
449,Jarrett,Greson,M,559-58-1660,jgresoncg@addthis.com,164 Spohn Road,Norwalk,Connecticut,06859
450,Ailey,Horrod,F,101-28-9815,ahorrodch@apple.com,485 Merry Alley,San Jose,California,95138
451,Gus,Thominga,F,507-72-4394,gthomingaci@merriam-webster.com,0 Dayton Circle,Philadelphia,Pennsylvania,19151
452,Hakim,Robrow,M,120-91-9486,hrobrowcj@sphinn.com,2 Homewood Terrace,Columbia,Missouri,65211
453,Cody,Bartolomeu,F,429-75-8219,cbartolomeuck@phoca.cz,906 Fieldstone Crossing,Hialeah,Florida,33013
454,Sheilakathryn,Solleme,F,887-50-5284,ssollemecl@arstechnica.com,83 Schiller Park,New Orleans,Louisiana,70179
455,Dulce,Wasselin,F,237-68-7164,dwasselincm@bizjournals.com,314 Old Shore Place,Louisville,Kentucky,40256
456,Jasen,Bottini,M,355-39-0041,jbottinicn@uol.com.br,9 David Place,Houston,Texas,77095
457,Catlee,Sarvar,F,483-59-0866,csarvarco@ow.ly,4536 Sundown Parkway,Anchorage,Alaska,99512
458,Eugenie,Siberry,F,333-46-9410,esiberrycp@sitemeter.com,0 Grasskamp Crossing,Tucson,Arizona,85705
459,Abigael,Barehead,F,276-18-0247,abareheadcq@home.pl,4484 Old Gate Plaza,Houston,Texas,77090
460,Rube,Gwyer,M,470-86-2655,rgwyercr@dagondesign.com,,New Orleans,Louisiana,70165
461,Shaun,Keat,M,271-04-0079,skeatcs@blogspot.com,2 Mandrake Plaza,Albuquerque,New Mexico,87201
462,Adolph,Foale,M,371-97-8169,afoalect@bloglovin.com,,Augusta,Georgia,30911
463,Maia,Ackeroyd,F,523-59-7675,mackeroydcu@ebay.co.uk,42279 Delladonna Center,Seattle,Washington,98121
464,Liam,Edelheid,M,528-70-9563,ledelheidcv@reddit.com,8216 Crownhardt Way,Portland,Oregon,97201
465,Billi,Ubee,F,485-59-3384,bubeecw@nps.gov,7800 Springview Street,Denver,Colorado,80243
466,Pierre,McGrotty,M,559-46-4734,pmcgrottycx@huffingtonpost.com,0 Michigan Pass,Corpus Christi,Texas,78426
467,Sig,Steenson,M,511-85-3724,ssteensoncy@123-reg.co.uk,85 Fairview Trail,Sacramento,California,94297
468,Pippa,Marlor,F,414-56-2931,pmarlorcz@bing.com,1197 Fair Oaks Lane,Galveston,Texas,77554
469,Filippa,Doldon,F,748-42-5721,fdoldond0@geocities.com,476 Lotheville Hill,Louisville,Kentucky,40210
470,Garvey,Penhaleurack,M,105-37-6754,gpenhaleurackd1@edublogs.org,4411 Ramsey Crossing,El Paso,Texas,88558
471,Bond,Shave,M,377-80-9782,bshaved2@ovh.net,18 Ryan Parkway,Youngstown,Ohio,44555
472,Godfry,Butcher,M,545-28-6643,gbutcherd3@chronoengine.com,59 Sutteridge Drive,Annapolis,Maryland,21405
473,Ivonne,Buxsy,F,247-06-5126,ibuxsyd4@delicious.com,4849 Beilfuss Way,Pittsburgh,Pennsylvania,15286
474,Gianna,Bladon,F,297-70-8056,gbladond5@fc2.com,28 Anzinger Park,Ridgely,Maryland,21684
475,Xylina,Cudby,F,565-94-7541,xcudbyd6@soundcloud.com,292 Armistice Court,Atlanta,Georgia,30328
476,Virginia,Bertolin,F,694-83-8873,vbertolind7@goodreads.com,252 Pearson Place,Trenton,New Jersey,08619
477,Jillie,McGrudder,F,852-96-6483,jmcgrudderd8@wordpress.org,04936 Nevada Place,Stockton,California,95219
478,Beniamino,Merkel,M,308-32-0328,bmerkeld9@mtv.com,585 Miller Drive,Saint Louis,Missouri,63143
479,Paxton,Talks,M,789-56-0699,ptalksda@nature.com,65 Schurz Place,Chicago,Illinois,60604
480,Deck,Darnody,M,881-12-4746,ddarnodydb@state.gov,7495 Holy Cross Plaza,Pomona,California,91797
481,Gilberte,Hasloch,F,658-23-4929,ghaslochdc@wikipedia.org,59306 Dovetail Circle,Alexandria,Virginia,22313
482,Jsandye,Emerton,F,735-71-2224,jemertondd@rakuten.co.jp,,Memphis,Tennessee,38150
483,Herbie,Gilkes,M,768-82-4572,hgilkesde@gravatar.com,514 Summit Trail,Tucson,Arizona,85725
484,Desiree,Ickovic,F,810-06-4373,dickovicdf@bizjournals.com,34 4th Pass,Bronx,New York,10469
485,Timothea,Oswick,F,441-41-7946,toswickdg@webs.com,27970 Golf Course Road,Houston,Texas,77250
486,Leone,Whitelock,F,822-46-7737,lwhitelockdh@paypal.com,0151 Badeau Parkway,Charlottesville,Virginia,22903
487,Kristel,Thurlborn,F,475-65-8671,kthurlborndi@mozilla.com,0 Oak Terrace,Atlanta,Georgia,30311
488,Loni,McAlpin,F,454-81-6549,lmcalpindj@tiny.cc,3203 Golf Course Way,Sacramento,California,94230
489,Barrie,Luberti,F,833-91-3473,blubertidk@ocn.ne.jp,443 Columbus Way,Washington,District of Columbia,20530
490,Pat,Mahedy,M,574-79-5545,pmahedydl@howstuffworks.com,38 Mallard Alley,Bronx,New York,10459
491,Faith,Gurden,F,672-11-8649,fgurdendm@illinois.edu,68 Hazelcrest Lane,Roanoke,Virginia,24024
492,Granville,Tomkies,M,301-18-4129,gtomkiesdn@ustream.tv,96 Briar Crest Terrace,Portland,Oregon,97221
493,Barde,Petracco,M,724-06-9405,bpetraccodo@ow.ly,99324 Farwell Alley,Mobile,Alabama,36605
494,Anestassia,Rodden,F,620-66-4447,aroddendp@cdbaby.com,7 Almo Crossing,Boise,Idaho,83716
495,Leonhard,Rothery,M,776-48-7886,lrotherydq@mediafire.com,09 Arkansas Circle,Miami,Florida,33190
496,Chiarra,Hulles,F,170-82-5241,chullesdr@oaic.gov.au,39159 Scoville Drive,Fresno,California,93721
497,Norrie,Strover,F,382-68-8762,nstroverds@google.com.au,7 Talmadge Court,Saint Cloud,Minnesota,56372
498,Filide,Wadhams,F,396-12-5679,fwadhamsdt@geocities.com,44130 Commercial Court,Sioux Falls,South Dakota,57198
499,Nissie,Targe,F,534-67-8588,ntargedu@google.com,70 Golf Circle,Tucson,Arizona,85725
500,Virgil,Biaggiotti,M,777-74-7226,vbiaggiottidv@answers.com,95174 Bayside Center,Saint Joseph,Missouri,64504
501,Chandra,Cartmale,F,629-10-1681,ccartmaledw@usda.gov,1308 Bartelt Way,New York City,New York,10079
502,Kari,Criag,F,855-30-4991,kcriagdx@weebly.com,0052 Shopko Court,Savannah,Georgia,31405
503,Mimi,Bart,F,458-73-4946,mbartdy@shareasale.com,8 Laurel Park,Birmingham,Alabama,35225
504,Rosalinda,Gibberd,F,621-20-5932,rgibberddz@tumblr.com,6 Del Mar Avenue,Grand Forks,North Dakota,58207
505,Zechariah,Layson,M,230-07-9371,zlaysone0@woothemes.com,6887 Mockingbird Hill,Albuquerque,New Mexico,87201
506,Christoph,Jonah,M,348-89-5695,cjonahe1@dyndns.org,3 Buell Pass,Toledo,Ohio,43605
507,Cad,Greendale,M,824-66-8751,cgreendalee2@sakura.ne.jp,21 Village Alley,Carson City,Nevada,89706
508,Lettie,Blew,F,822-53-9658,lblewe3@bbc.co.uk,3 Macpherson Pass,Springfield,Ohio,45505
509,Jacinta,Kitman,F,255-36-1729,jkitmane4@tinyurl.com,5 Muir Alley,Philadelphia,Pennsylvania,19115
510,Yank,Spatarul,M,353-87-0212,yspatarule5@goodreads.com,31 Ridgeway Pass,Albany,New York,12232
511,Bert,Clackson,F,426-70-9513,bclacksone6@usda.gov,42976 Swallow Crossing,Irving,Texas,75062
512,Killian,Penas,M,777-94-0007,kpenase7@shutterfly.com,1731 Hooker Court,Albuquerque,New Mexico,87195
513,Dorette,Rieme,F,713-38-7323,driemee8@elegantthemes.com,6305 Swallow Place,Chandler,Arizona,85246
514,Cooper,Wike,M,316-72-0231,cwikee9@statcounter.com,66 Hagan Road,Raleigh,North Carolina,27626
515,Lion,Simeoni,M,691-64-3161,lsimeoniea@ucla.edu,8 Surrey Plaza,Oklahoma City,Oklahoma,73142
516,Guinevere,Gabb,F,654-79-5900,ggabbeb@sphinn.com,,New York City,New York,10004
517,Afton,Petris,F,273-08-6218,apetrisec@redcross.org,7 Vidon Terrace,Alexandria,Louisiana,71307
518,Billye,MacNess,F,373-75-5333,bmacnessed@economist.com,9 Nancy Parkway,Milwaukee,Wisconsin,53234
519,Bobina,Hankinson,F,201-72-4692,bhankinsonee@yandex.ru,41 Tennessee Pass,Brea,California,92822
520,Cookie,Jackman,F,856-40-7453,cjackmanef@yandex.ru,6195 Briar Crest Point,Lynchburg,Virginia,24503
521,Delphinia,Jelliman,F,369-65-7886,djellimaneg@ucoz.ru,865 South Crossing,Mesquite,Texas,75185
522,Gerome,Blaber,M,876-30-0836,gblabereh@opera.com,449 Eggendart Hill,Atlanta,Georgia,30311
523,Iorgos,Capeloff,M,770-69-0171,icapeloffei@ft.com,81 Farwell Point,Los Angeles,California,90087
524,Merilyn,McNabb,F,190-94-0607,mmcnabbej@soundcloud.com,3181 Menomonie Terrace,Fort Lauderdale,Florida,33315
525,Anallese,Poletto,F,627-27-5356,apolettoek@youtube.com,173 Prentice Drive,Seattle,Washington,98185
526,Marley,Mellmoth,F,877-19-9353,mmellmothel@harvard.edu,477 Gulseth Pass,Hattiesburg,Mississippi,39404
527,Elaina,Eilles,F,263-42-1955,eeillesem@e-recht24.de,2 Killdeer Place,Fort Worth,Texas,76198
528,Elly,Dalman,F,519-16-7723,edalmanen@usa.gov,64 Toban Street,Washington,District of Columbia,20073
529,Cordey,Simonite,F,544-92-8189,csimoniteeo@ed.gov,292 Buena Vista Parkway,Young America,Minnesota,55564
530,Terence,Idel,M,679-99-7097,tidelep@census.gov,285 Dahle Trail,Orlando,Florida,32891
531,Caz,McKeurton,M,538-88-4444,cmckeurtoneq@behance.net,04389 Gale Drive,San Diego,California,92132
532,Ephrayim,Di Franceshci,M,364-48-2379,edifranceshcier@is.gd,231 Onsgard Terrace,Fort Lauderdale,Florida,33310
533,Binni,Walrond,F,891-41-4438,bwalrondes@bluehost.com,375 Sachtjen Drive,Hayward,California,94544
534,Yank,Vinton,M,226-15-7401,yvintonet@oakley.com,21476 Lawn Park,Montgomery,Alabama,36109
535,Lina,Ackland,F,454-27-4505,lacklandeu@list-manage.com,15 Utah Junction,Nashville,Tennessee,37205
536,Linn,McMurthy,M,182-69-1552,lmcmurthyev@nhs.uk,2 Mcguire Park,Oklahoma City,Oklahoma,73104
537,Yankee,Dreng,M,642-50-0756,ydrengew@unesco.org,6059 Bashford Point,Roanoke,Virginia,24009
538,Cybill,Montez,F,101-49-0395,cmontezex@google.it,35913 Northridge Place,San Francisco,California,94159
539,Murvyn,Kull,M,769-28-9266,mkulley@hexun.com,96236 Grasskamp Plaza,West Palm Beach,Florida,33421
540,Beverlie,Scaife,F,477-84-2711,bscaifeez@blogtalkradio.com,2 Packers Park,New York City,New York,10150
541,Mose,Wyre,M,258-31-0022,mwyref0@jugem.jp,654 Stone Corner Drive,Washington,District of Columbia,20392
542,Deane,Lorenzini,M,890-65-0868,dlorenzinif1@spotify.com,1 Schlimgen Court,Kalamazoo,Michigan,49006
543,Loreen,Scanlan,F,517-04-0492,lscanlanf2@nyu.edu,6667 7th Parkway,Salt Lake City,Utah,84152
544,Angel,Camblin,M,643-88-5591,acamblinf3@facebook.com,82287 Kim Terrace,Pasadena,California,91199
545,Radcliffe,Hollidge,M,352-85-2238,rhollidgef4@jugem.jp,50 Jackson Court,New York City,New York,10175
546,Jojo,Snaddon,F,192-77-6135,jsnaddonf5@fc2.com,317 Moland Alley,Waterbury,Connecticut,06726
547,Garvey,Tinline,M,490-99-4478,gtinlinef6@samsung.com,28985 Oriole Crossing,Miami,Florida,33283
548,Rey,Fensome,F,176-09-6662,rfensomef7@utexas.edu,39165 Alpine Place,Fort Wayne,Indiana,46857
549,Brittani,Humbell,F,327-87-5328,bhumbellf8@parallels.com,,Washington,District of Columbia,20299
550,Herbert,Burvill,M,466-74-9311,hburvillf9@booking.com,12 Aberg Point,San Francisco,California,94142
551,Emmeline,Minmagh,F,534-29-9696,eminmaghfa@artisteer.com,4 6th Parkway,Milwaukee,Wisconsin,53234
552,Perkin,Littlechild,M,456-80-0749,plittlechildfb@seesaa.net,69857 Lillian Place,Pensacola,Florida,32505
553,Hermie,Borthe,M,861-13-0571,hborthefc@t-online.de,17033 Sachtjen Drive,Newport News,Virginia,23612
554,Pieter,Coomes,M,683-95-1769,pcoomesfd@imdb.com,92 Roxbury Court,Indianapolis,Indiana,46231
555,Leena,Coddrington,F,166-72-7427,lcoddringtonfe@stumbleupon.com,9380 Dovetail Point,Montgomery,Alabama,36114
556,Shay,Gairdner,F,388-79-8379,sgairdnerff@alexa.com,,Woburn,Massachusetts,01813
557,Shanda,Stagge,F,504-01-1391,sstaggefg@cyberchimps.com,75910 Waubesa Plaza,Round Rock,Texas,78682
558,Traver,Tremblay,M,329-10-3434,ttremblayfh@studiopress.com,55 Fairview Place,Pasadena,California,91186
559,Brade,Kohrsen,M,857-21-4731,bkohrsenfi@dailymotion.com,5 Eastwood Way,Aurora,Colorado,80044
560,Julius,Studdard,M,834-80-3471,jstuddardfj@infoseek.co.jp,96536 Hauk Plaza,Santa Ana,California,92705
561,Julietta,Ivanyushkin,F,108-55-0425,jivanyushkinfk@yandex.ru,843 Pankratz Place,San Francisco,California,94169
562,Woodie,Medlicott,M,571-16-0130,wmedlicottfl@prnewswire.com,70710 Sunnyside Pass,Long Beach,California,90840
563,Billye,Ragdale,F,692-36-2225,bragdalefm@mapy.cz,33478 Butternut Street,Rockville,Maryland,20851
564,Chery,Upchurch,F,451-24-6449,cupchurchfn@csmonitor.com,10 Eagle Crest Terrace,Pittsburgh,Pennsylvania,15279
565,Brinn,Temlett,F,528-56-2760,btemlettfo@webnode.com,9 Springs Circle,Salt Lake City,Utah,84135
566,Harriette,Ganford,F,100-05-3481,hganfordfp@wunderground.com,266 Brickson Park Street,Lexington,Kentucky,40505
567,Lannie,Guyers,M,134-28-2324,lguyersfq@facebook.com,9 Bultman Pass,Fresno,California,93726
568,Pavia,Boxhill,F,892-17-6225,pboxhillfr@nps.gov,,Fresno,California,93740
569,Hedvig,Banat,F,203-48-4181,hbanatfs@csmonitor.com,70531 Monterey Trail,Washington,District of Columbia,20268
570,Wren,Midgley,F,868-41-0928,wmidgleyft@seattletimes.com,76 Thierer Lane,San Francisco,California,94110
571,Julietta,Bailess,F,665-85-3143,jbailessfu@is.gd,1820 Eliot Road,Sacramento,California,94291
572,Nita,Sloss,F,613-67-1098,nslossfv@howstuffworks.com,7 Arkansas Place,Columbus,Ohio,43215
573,Vitia,Spere,F,773-51-4642,vsperefw@theglobeandmail.com,9529 Stuart Point,Washington,District of Columbia,20029
574,Pearce,Benedicto,M,440-27-2235,pbenedictofx@springer.com,258 Butterfield Road,Richmond,Virginia,23293
575,Verine,Caldwall,F,893-87-0297,vcaldwallfy@kickstarter.com,30 Kipling Way,Dallas,Texas,75379
576,Lura,Roderham,F,548-31-1873,lroderhamfz@discuz.net,5 Summer Ridge Crossing,Syracuse,New York,13205
577,Philis,Gierok,F,388-01-6631,pgierokg0@topsy.com,6 Erie Plaza,Punta Gorda,Florida,33982
578,Quincy,Bendall,M,292-05-8891,qbendallg1@businessinsider.com,61 Tomscot Parkway,Washington,District of Columbia,20041
579,Roselle,Capey,F,112-01-1867,rcapeyg2@gmpg.org,41 Park Meadow Plaza,Flint,Michigan,48555
580,Kary,Ogelbe,F,538-80-9261,kogelbeg3@mysql.com,11248 Service Circle,Rockford,Illinois,61105
581,Reynolds,Topping,M,706-01-8160,rtoppingg4@ameblo.jp,5957 Brentwood Crossing,Rochester,New York,14652
582,Marcello,Dat,M,840-60-3240,mdatg5@ask.com,19386 Birchwood Hill,Orange,California,92862
583,Pierette,Van der Son,F,478-22-2896,pvandersong6@theguardian.com,3313 Gina Junction,Lubbock,Texas,79491
584,Christiano,Yakobovitz,M,651-21-7688,cyakobovitzg7@redcross.org,42 Jackson Trail,Boston,Massachusetts,02163
585,Darice,Keitley,F,692-67-8332,dkeitleyg8@usatoday.com,2 Jay Hill,Miami,Florida,33169
586,Minne,Gutowska,F,516-66-6919,mgutowskag9@adobe.com,9 Sommers Plaza,San Antonio,Texas,78240
587,Karena,Tofanini,F,673-82-8199,ktofaniniga@independent.co.uk,972 La Follette Parkway,Columbia,South Carolina,29220
588,Saba,Cammomile,F,600-73-7562,scammomilegb@ft.com,632 Blackbird Crossing,Miami,Florida,33180
589,Frasier,Umney,M,298-10-6780,fumneygc@google.com.au,6 Merry Court,Sacramento,California,94250
590,Caitlin,Boyce,F,305-14-2729,cboycegd@t.co,450 Tomscot Center,Las Vegas,Nevada,89178
591,Orion,Roo,M,757-59-3626,orooge@uol.com.br,0086 Forest Dale Street,Milwaukee,Wisconsin,53234
592,Rog,Doret,M,246-15-8841,rdoretgf@myspace.com,22073 Parkside Street,Rochester,New York,14652
593,Guss,Statton,M,264-87-9276,gstattongg@amazon.de,50950 Lyons Avenue,Baton Rouge,Louisiana,70883
594,Morty,Cotelard,M,446-77-4898,mcotelardgh@tripod.com,70 Tony Street,Omaha,Nebraska,68164
595,Cesar,Mallia,M,406-52-7674,cmalliagi@wisc.edu,81769 Londonderry Way,Atlanta,Georgia,30343
596,Joelle,Simister,F,173-50-0767,jsimistergj@macromedia.com,144 Waywood Circle,Oakland,California,94616
597,Chilton,Cleen,M,651-17-4352,ccleengk@hatena.ne.jp,23395 Farwell Crossing,San Antonio,Texas,78260
598,Alejandro,Yankin,M,644-36-6459,ayankingl@csmonitor.com,8261 Commercial Road,Decatur,Illinois,62525
599,Beniamino,Waryk,M,145-04-1081,bwarykgm@lycos.com,29 Jenifer Court,Indianapolis,Indiana,46247
600,Jerrilee,McGeoch,F,397-14-3088,jmcgeochgn@ucla.edu,785 Cascade Junction,Savannah,Georgia,31416
601,Ignazio,Kiraly,M,131-84-4777,ikiralygo@webnode.com,7 Crescent Oaks Hill,Spokane,Washington,99252
602,Vernor,Bonde,M,175-96-3474,vbondegp@livejournal.com,024 Meadow Ridge Point,Wichita Falls,Texas,76310
603,Wat,Lansdale,M,442-90-2109,wlansdalegq@unesco.org,28662 Clemons Road,Chico,California,95973
604,Brenda,Tuffs,F,535-44-3767,btuffsgr@ocn.ne.jp,338 Hanover Street,Huntington,West Virginia,25711
605,Guilbert,Bishop,M,626-78-2292,gbishopgs@senate.gov,236 Eagan Drive,Columbus,Georgia,31904
606,Bradney,Blanckley,M,824-42-0780,bblanckleygt@cnbc.com,5 Moulton Circle,Salt Lake City,Utah,84115
607,Hadrian,Leman,M,743-52-9972,hlemangu@amazon.com,83 Golden Leaf Park,Madison,Wisconsin,53785
608,Randell,Searchfield,M,708-16-2079,rsearchfieldgv@uiuc.edu,76312 Stoughton Center,Oakland,California,94660
609,Brent,Brim,M,164-67-8902,bbrimgw@domainmarket.com,83801 Rockefeller Drive,Detroit,Michigan,48242
610,Major,Baude,M,325-53-5683,mbaudegx@delicious.com,47737 Maple Wood Plaza,Worcester,Massachusetts,01610
611,Titos,Bech,M,809-20-5839,tbechgy@photobucket.com,20233 Oriole Street,Miami,Florida,33169
612,Corabelle,Thurber,F,405-92-5685,cthurbergz@si.edu,2 Waxwing Avenue,New York City,New York,10131
613,Hannah,Cottam,F,855-70-0690,hcottamh0@soundcloud.com,9977 Hazelcrest Avenue,Salt Lake City,Utah,84115
614,Haroun,Strover,M,419-95-4507,hstroverh1@artisteer.com,693 Waxwing Crossing,Akron,Ohio,44305
615,Emmanuel,Stave,M,286-36-3494,estaveh2@salon.com,12702 Messerschmidt Junction,Laredo,Texas,78044
616,Matilda,Frank,F,188-36-5426,mfrankh3@google.com.au,74 Donald Center,Jefferson City,Missouri,65110
617,Christopher,Whyard,M,222-11-3863,cwhyardh4@homestead.com,1 Anthes Place,Vancouver,Washington,98664
618,Manda,Lafee,F,324-44-0725,mlafeeh5@ihg.com,,Baltimore,Maryland,21290
619,Ange,Russon,M,158-04-9731,arussonh6@opera.com,37 Memorial Junction,Waco,Texas,76796
620,Jarad,Peepall,M,886-56-7623,jpeepallh7@reuters.com,4954 Helena Court,Sparks,Nevada,89436
621,Jerrilee,Wolfenden,F,773-63-7858,jwolfendenh8@scribd.com,48 Corscot Park,Eugene,Oregon,97405
622,Keith,Wesley,M,824-56-7209,kwesleyh9@yahoo.co.jp,3870 Jay Place,Washington,District of Columbia,20503
623,Morganne,Shirley,F,310-40-8044,mshirleyha@yelp.com,9 Dorton Circle,Ventura,California,93005
624,Danyelle,Hallam,F,642-35-9898,dhallamhb@mozilla.com,098 Everett Hill,Galveston,Texas,77554
625,Candida,Sumpter,F,895-24-7726,csumpterhc@bigcartel.com,419 4th Way,Everett,Washington,98206
626,Aldis,Degli Abbati,M,150-93-5867,adegliabbatihd@blinklist.com,0921 Vahlen Place,Bradenton,Florida,34205
627,Dory,Broadstock,M,738-85-2952,dbroadstockhe@hc360.com,45 School Circle,Oklahoma City,Oklahoma,73119
628,Desmond,Czaple,M,736-16-5667,dczaplehf@about.com,7 Garrison Trail,Cleveland,Ohio,44105
629,Nelly,Cantwell,F,228-55-0268,ncantwellhg@ft.com,626 Summerview Trail,Peoria,Illinois,61640
630,Janina,Ivett,F,877-56-5947,jivetthh@jalbum.net,003 Golden Leaf Plaza,El Paso,Texas,88589
631,Deborah,Gwatkin,F,640-80-2182,dgwatkinhi@ucoz.com,253 Oakridge Hill,Bloomington,Indiana,47405
632,Bryon,Rooper,M,473-97-5710,brooperhj@europa.eu,81 Sutteridge Lane,Atlanta,Georgia,30343
633,Fran,Bowle,M,156-52-3137,fbowlehk@purevolume.com,12 Carioca Place,Petaluma,California,94975
634,Angeli,Chatwood,M,640-60-4260,achatwoodhl@soup.io,27 Bunting Drive,Clearwater,Florida,33763
635,Catarina,Tedder,F,700-84-5351,ctedderhm@dyndns.org,26 Stephen Circle,Columbus,Georgia,31998
636,Giulia,Cleator,F,757-83-5626,gcleatorhn@com.com,885 Ridge Oak Hill,Washington,District of Columbia,20016
637,Odelle,Herrieven,F,586-75-8940,oherrievenho@netvibes.com,1 Rockefeller Junction,Greenville,South Carolina,29610
638,Costa,Roseby,M,766-85-9650,crosebyhp@nba.com,1 Helena Center,Madison,Wisconsin,53785
639,Rosamund,Jahan,F,239-96-4554,rjahanhq@java.com,131 Kenwood Lane,Austin,Texas,78703
640,Kaye,Kinnar,F,334-69-8970,kkinnarhr@dion.ne.jp,2 Rigney Avenue,Littleton,Colorado,80126
641,Nicolai,Fridd,M,892-93-9578,nfriddhs@amazon.com,55 Knutson Drive,Fort Lauderdale,Florida,33320
642,Gabbie,Duthie,M,158-79-4774,gduthieht@google.it,238 Hayes Terrace,Wilkes Barre,Pennsylvania,18763
643,Nada,Kaufman,F,467-59-8369,nkaufmanhu@dailymotion.com,95 Sutherland Road,Tulsa,Oklahoma,74103
644,Vaughn,Worviell,M,506-48-0159,vworviellhv@prlog.org,24 Dapin Road,Seminole,Florida,34642
645,Pooh,Elies,F,711-56-4384,pelieshw@businessweek.com,4 Beilfuss Trail,El Paso,Texas,79945
646,Anthe,Tipens,F,678-28-2544,atipenshx@army.mil,91835 Village Alley,Springfield,Illinois,62776
647,Lewes,Tolomelli,M,817-06-2832,ltolomellihy@xing.com,,Roanoke,Virginia,24020
648,Jacobo,Geipel,M,283-15-4413,jgeipelhz@weebly.com,815 Ridgeway Court,Denver,Colorado,80249
649,Nettie,Blesdill,F,167-58-0405,nblesdilli0@bandcamp.com,48 Pearson Point,Erie,Pennsylvania,16522
650,Rana,Doran,F,352-29-2927,rdorani1@ebay.co.uk,085 Texas Court,Englewood,Colorado,80150
651,Sula,Ollin,F,227-17-2452,sollini2@comcast.net,,Anchorage,Alaska,99517
652,Sally,Meins,F,116-40-6350,smeinsi3@jimdo.com,75313 Maple Wood Park,Ogden,Utah,84409
653,Shurlock,Durning,M,399-96-4177,sdurningi4@mit.edu,21520 Sheridan Center,Harrisburg,Pennsylvania,17140
654,Gretel,Victory,F,291-12-6110,gvictoryi5@gmpg.org,4 Arizona Junction,Salt Lake City,Utah,84120
655,Gipsy,Ruoff,F,615-19-2010,gruoffi6@printfriendly.com,9583 Derek Center,Stockton,California,95205
656,Nelly,Shovlin,F,111-19-0649,nshovlini7@constantcontact.com,05 Atwood Avenue,Miami,Florida,33147
657,Lorrie,Raywood,F,177-35-3497,lraywoodi8@google.com.au,26050 Schlimgen Park,Saint Paul,Minnesota,55146
658,Allina,Maren,F,772-98-8382,amareni9@hhs.gov,53 Dahle Park,Huntsville,Alabama,35805
659,Helen,Liell,F,203-11-9850,hliellia@salon.com,8255 Huxley Lane,Rochester,New York,14624
660,Carla,Jane,F,858-38-6833,cjaneib@parallels.com,63338 Pankratz Way,Los Angeles,California,90030
661,Case,Turfes,M,898-57-8236,cturfesic@goo.ne.jp,71035 Petterle Center,New York City,New York,10009
662,Berrie,Badger,F,448-58-3410,bbadgerid@huffingtonpost.com,79054 Loftsgordon Drive,Tuscaloosa,Alabama,35405
663,Perrine,Tollemache,F,509-19-3286,ptollemacheie@bravesites.com,3 Di Loreto Drive,Kent,Washington,98042
664,Barnabas,Minchell,M,509-08-3491,bminchellif@zdnet.com,6 Green Ridge Hill,Bridgeport,Connecticut,06673
665,Tillie,Duns,F,410-65-1172,tdunsig@a8.net,07150 5th Terrace,Lansing,Michigan,48901
666,Winna,Carter,F,257-57-4897,wcarterih@bizjournals.com,70 Ridgeway Plaza,Oklahoma City,Oklahoma,73157
667,Chryste,Inkster,F,295-10-3776,cinksterii@spiegel.de,70898 Merrick Court,Los Angeles,California,90005
668,Alejandro,Swarbrick,M,119-55-6203,aswarbrickij@patch.com,82 Bayside Parkway,Salem,Oregon,97306
669,Gertie,Maxweell,F,295-34-6777,gmaxweellik@businessinsider.com,820 Kropf Junction,San Antonio,Texas,78260
670,Winny,Ghent,M,270-81-0197,wghentil@devhub.com,,Washington,District of Columbia,20380
671,Natala,Whitta,F,606-63-2040,nwhittaim@naver.com,09964 Toban Point,Peoria,Illinois,61629
672,Ximenez,Soff,M,218-81-7263,xsoffin@skyrock.com,48 Kennedy Hill,El Paso,Texas,88546
673,Bertha,Suffield,F,274-91-6594,bsuffieldio@zimbio.com,1345 Hanson Drive,New York City,New York,10155
674,Louisette,Condy,F,818-50-2662,lcondyip@wordpress.com,995 Esker Way,Philadelphia,Pennsylvania,19125
675,Edgardo,MacKeever,M,529-07-5436,emackeeveriq@w3.org,42 Oxford Drive,Kansas City,Missouri,64101
676,Wandis,Fallawe,F,517-68-9855,wfallaweir@feedburner.com,13964 Ridgeway Alley,Santa Barbara,California,93150
677,Brynne,Kidstoun,F,815-09-1685,bkidstounis@examiner.com,6 Barby Junction,Philadelphia,Pennsylvania,19120
678,Orsola,Donoghue,F,385-72-0308,odonoghueit@jimdo.com,53 Truax Crossing,Winston Salem,North Carolina,27105
679,Renard,Treadgear,M,408-53-1055,rtreadgeariu@sakura.ne.jp,1 Pond Pass,Charlotte,North Carolina,28205
680,Giustino,Fabbri,M,822-08-7104,gfabbriiv@chicagotribune.com,70909 Kedzie Plaza,Houston,Texas,77299
681,Umeko,Davidowich,F,178-99-6533,udavidowichiw@spotify.com,,Arlington,Texas,76016
682,Lucio,Camilleri,M,489-73-3613,lcamilleriix@wordpress.org,353 2nd Court,Shreveport,Louisiana,71130
683,Linell,Penkethman,F,512-82-8557,lpenkethmaniy@wufoo.com,56 Loeprich Plaza,Knoxville,Tennessee,37995
684,Heath,Chittie,M,260-79-9623,hchittieiz@technorati.com,00260 Comanche Crossing,Memphis,Tennessee,38119
685,Susie,Brothwell,F,501-20-5377,sbrothwellj0@huffingtonpost.com,58 Marquette Road,El Paso,Texas,88579
686,Stesha,Atcheson,F,820-46-6854,satchesonj1@privacy.gov.au,21 Susan Road,Saint Paul,Minnesota,55166
687,Clary,Beert,F,690-50-1165,cbeertj2@dot.gov,1337 Schiller Hill,El Paso,Texas,88514
688,Brett,Hargraves,F,549-02-1114,bhargravesj3@youku.com,5 Gale Drive,Miami,Florida,33196
689,Inigo,Barraclough,M,159-12-2107,ibarracloughj4@bandcamp.com,2141 Acker Trail,Athens,Georgia,30610
690,Caddric,Traice,M,853-55-1227,ctraicej5@google.co.jp,8 Washington Center,Aurora,Colorado,80044
691,Arlyn,Maffioletti,F,637-66-3343,amaffiolettij6@rakuten.co.jp,,New Orleans,Louisiana,70187
692,Aviva,Moss,F,771-44-2758,amossj7@studiopress.com,761 Esker Avenue,Washington,District of Columbia,20244
693,Dasha,Reide,F,305-57-8418,dreidej8@wired.com,9 Lyons Center,Worcester,Massachusetts,01605
694,Winny,Schwerin,M,728-21-7295,wschwerinj9@amazon.co.uk,38349 Hanson Road,Jersey City,New Jersey,07310
695,Abramo,Gregore,M,104-52-6274,agregoreja@example.com,82005 Lakeland Terrace,Brooklyn,New York,11215
696,Bridget,Dewis,F,301-79-5879,bdewisjb@technorati.com,88 Briar Crest Junction,Philadelphia,Pennsylvania,19196
697,Meghan,Dell Casa,F,357-95-6151,mdellcasajc@geocities.com,73626 Debs Place,Phoenix,Arizona,85067
698,Whit,Watson,M,242-63-2889,wwatsonjd@amazon.co.uk,2 Sutteridge Place,Boulder,Colorado,80310
699,Boyce,Hollebon,M,137-62-6778,bhollebonje@jiathis.com,7 Autumn Leaf Lane,Lexington,Kentucky,40505
700,Batsheva,Gosford,F,858-58-5459,bgosfordjf@dyndns.org,6 Colorado Terrace,Wichita,Kansas,67210
701,Sollie,Simonitto,M,750-66-4870,ssimonittojg@mapy.cz,0 Clarendon Alley,Norcross,Georgia,30092
702,Chaim,Close,M,562-74-3557,cclosejh@skype.com,209 International Alley,New York City,New York,10292
703,Adeline,Steutly,F,347-91-3679,asteutlyji@oaic.gov.au,93 Claremont Alley,Tampa,Florida,33686
704,Brett,Ruecastle,F,804-96-0704,bruecastlejj@mlb.com,179 Mayfield Street,El Paso,Texas,88584
705,Brewer,Cheverell,M,637-61-2595,bcheverelljk@webmd.com,40554 Brown Pass,Galveston,Texas,77554
706,Inglis,Nealand,M,825-75-0402,inealandjl@columbia.edu,65 Kenwood Drive,San Francisco,California,94121
707,Orren,Thornber,M,107-50-8818,othornberjm@mail.ru,0 Ronald Regan Junction,Fresno,California,93721
708,Stephannie,Spilsbury,F,511-68-9164,sspilsburyjn@163.com,181 Westport Junction,Denver,Colorado,80235
709,Keri,Frantzen,F,747-59-9370,kfrantzenjo@unblog.fr,,Seattle,Washington,98121
710,Lindsay,Vaun,M,755-24-3989,lvaunjp@deviantart.com,45 Reindahl Trail,Lexington,Kentucky,40510
711,Issiah,McLoney,M,678-29-8912,imcloneyjq@gov.uk,13 Gulseth Road,Santa Monica,California,90405
712,Winifield,Wadman,M,134-45-5075,wwadmanjr@latimes.com,88 Becker Park,Santa Rosa,California,95405
713,Carole,Michelmore,F,681-71-1777,cmichelmorejs@statcounter.com,433 Welch Crossing,Baton Rouge,Louisiana,70815
714,Bridget,Petruska,F,777-65-2961,bpetruskajt@odnoklassniki.ru,9 Mandrake Drive,West Hartford,Connecticut,06127
715,Jenna,Eckly,F,813-47-6470,jecklyju@google.es,9 Forest Run Park,Washington,District of Columbia,20010
716,Hilliary,Cayton,F,659-25-2242,hcaytonjv@constantcontact.com,,Boston,Massachusetts,02109
717,Tiler,Sultana,M,463-65-1440,tsultanajw@house.gov,188 Bunker Hill Junction,Henderson,Nevada,89074
718,Bree,Domnick,F,465-72-0206,bdomnickjx@storify.com,234 Westerfield Plaza,Grand Rapids,Michigan,49544
719,Bella,Krystof,F,675-99-0323,bkrystofjy@sina.com.cn,100 Arrowood Plaza,New Orleans,Louisiana,70154
720,Kathryn,Hempshall,F,635-09-5547,khempshalljz@whitehouse.gov,185 Aberg Way,Raleigh,North Carolina,27610
721,Roshelle,Whereat,F,334-13-1771,rwhereatk0@flavors.me,12 Grim Circle,Richmond,Virginia,23242
722,Webb,Winborn,M,173-81-9789,wwinbornk1@oakley.com,61966 Holmberg Road,El Paso,Texas,88569
723,Tamarra,Igoe,F,847-95-0718,tigoek2@macromedia.com,165 Main Hill,Sioux Falls,South Dakota,57110
724,Rupert,Wratten,M,230-84-2270,rwrattenk3@1und1.de,1520 Boyd Park,Austin,Texas,78754
725,Antonin,Jerche,M,590-38-9508,ajerchek4@so-net.ne.jp,8 Hagan Terrace,Houston,Texas,77045
726,Worth,Hurndall,M,333-92-1184,whurndallk5@who.int,1802 Bashford Way,Columbia,Missouri,65211
727,Esme,Larway,M,684-01-4746,elarwayk6@ed.gov,12 Anzinger Avenue,Santa Ana,California,92725
728,Stanly,Francomb,M,180-71-5302,sfrancombk7@tinypic.com,83 Thackeray Circle,Virginia Beach,Virginia,23464
729,Miltie,Toleman,M,547-48-0411,mtolemank8@si.edu,477 Debs Plaza,San Diego,California,92127
730,Aron,Rowan,M,408-62-3273,arowank9@topsy.com,0636 Knutson Street,Johnstown,Pennsylvania,15906
731,Wanids,Longmead,F,107-19-5525,wlongmeadka@ustream.tv,,Houston,Texas,77288
732,Clay,Jay,M,540-84-7545,cjaykb@blinklist.com,13 Summit Place,Fresno,California,93778
733,Cory,Stannus,M,696-77-2676,cstannuskc@smugmug.com,61342 Bunting Center,Wichita,Kansas,67220
734,Tedi,Braunstein,F,246-16-1681,tbraunsteinkd@twitter.com,113 Emmet Lane,Portsmouth,Virginia,23705
735,Thomasina,Kaas,F,805-25-7490,tkaaske@about.com,62759 Union Street,Dallas,Texas,75226
736,Cart,Dinsey,M,714-86-9720,cdinseykf@cpanel.net,75 3rd Point,Jamaica,New York,11407
737,Corine,Diano,F,878-80-9062,cdianokg@tiny.cc,67 Stoughton Park,Dallas,Texas,75392
738,Timmie,Scorton,M,167-05-7985,tscortonkh@shareasale.com,53 Lotheville Way,Virginia Beach,Virginia,23459
739,Early,Olin,M,274-35-4353,eolinki@cmu.edu,76 American Point,Clearwater,Florida,34620
740,Leslie,Grinikhinov,M,751-94-2672,lgrinikhinovkj@samsung.com,8 Forest Lane,Greensboro,North Carolina,27415
741,Wittie,Frosch,M,828-26-7633,wfroschkk@mail.ru,98987 Crest Line Point,Spartanburg,South Carolina,29305
742,Vickie,Rikkard,F,808-63-0325,vrikkardkl@washingtonpost.com,0 Larry Parkway,Bakersfield,California,93399
743,Archibaldo,Flanaghan,M,853-45-2243,aflanaghankm@webs.com,559 Gerald Terrace,Greenville,South Carolina,29610
744,Kip,Savile,F,630-95-9208,ksavilekn@walmart.com,345 Gerald Circle,Pittsburgh,Pennsylvania,15250
745,Dietrich,Olin,M,164-01-7373,dolinko@cloudflare.com,7182 Eastwood Center,Tacoma,Washington,98405
746,Angelia,Sitlinton,F,880-95-7341,asitlintonkp@nymag.com,11408 Comanche Crossing,Tulsa,Oklahoma,74133
747,Cindelyn,Garnsey,F,279-41-1983,cgarnseykq@ezinearticles.com,1379 Shelley Junction,Fort Myers,Florida,33913
748,Sabra,Pittem,F,676-35-3934,spittemkr@goodreads.com,00 Sauthoff Park,Green Bay,Wisconsin,54305
749,Obediah,Grinaway,M,633-86-6426,ogrinawayks@apple.com,247 Donald Hill,Austin,Texas,78744
750,Thoma,Stinchcombe,M,234-78-6154,tstinchcombekt@liveinternet.ru,3089 Transport Crossing,Sarasota,Florida,34276
751,Joycelin,Kristof,F,628-82-6416,jkristofku@angelfire.com,982 Buena Vista Center,Seattle,Washington,98121
752,Herbert,Hartle,M,534-73-3580,hhartlekv@godaddy.com,91153 Pond Avenue,Sacramento,California,95894
753,Tybalt,Goublier,M,670-25-4932,tgoublierkw@last.fm,0 Mifflin Way,Helena,Montana,59623
754,Shawna,Tagg,F,519-52-5565,staggkx@pcworld.com,568 Beilfuss Pass,Las Vegas,Nevada,89135
755,Twila,Thew,F,672-92-8621,tthewky@wiley.com,,Roanoke,Virginia,24048
756,Edvard,Sarvar,M,565-48-8965,esarvarkz@aboutads.info,8 Nova Way,Shawnee Mission,Kansas,66210
757,Bastien,Lakeland,M,472-31-2513,blakelandl0@newsvine.com,91542 Sutteridge Drive,Cumming,Georgia,30130
758,Ericha,Norris,F,777-47-8775,enorrisl1@cmu.edu,5033 Boyd Lane,Houston,Texas,77223
759,Maible,McGall,F,270-54-7616,mmcgalll2@nhs.uk,24 Porter Parkway,Spokane,Washington,99260
760,Consuela,Samuel,F,715-97-9011,csamuell3@is.gd,27 Susan Point,Tallahassee,Florida,32314
761,Vanni,Braybrooke,F,130-79-0078,vbraybrookel4@slate.com,963 Buell Drive,Glendale,Arizona,85311
762,Sarine,Choppin,F,371-30-4382,schoppinl5@networkadvertising.org,931 Lerdahl Junction,Richmond,Virginia,23277
763,Towny,Andrat,M,616-48-7463,tandratl6@google.co.uk,,Rochester,New York,14639
764,Ginelle,Thirlaway,F,158-89-3821,gthirlawayl7@globo.com,8246 South Hill,Miami,Florida,33164
765,Patricio,Oleshunin,M,630-68-3991,poleshuninl8@who.int,97 Express Circle,Cincinnati,Ohio,45213
766,Cammi,Moles,F,451-51-0548,cmolesl9@instagram.com,11 Trailsway Trail,Houston,Texas,77090
767,Rolfe,Gristock,M,196-88-7845,rgristockla@princeton.edu,38 Scott Point,Indianapolis,Indiana,46231
768,Nariko,Marjanovic,F,855-90-3673,nmarjanoviclb@globo.com,884 Logan Plaza,Jefferson City,Missouri,65105
769,Deva,Seiffert,F,138-64-3674,dseiffertlc@fotki.com,5 Eagan Place,Washington,District of Columbia,20046
770,Chiarra,Perigoe,F,564-28-6064,cperigoeld@dot.gov,25 Holmberg Street,Tampa,Florida,33633
771,Kamilah,Marvin,F,701-22-4568,kmarvinle@cnet.com,08248 Thompson Avenue,Allentown,Pennsylvania,18105
772,Ferdinanda,Grace,F,511-19-1171,fgracelf@scientificamerican.com,5125 Roxbury Circle,Houston,Texas,77212
773,Julina,Lapthorne,F,168-01-0413,jlapthornelg@accuweather.com,43 Anzinger Place,Los Angeles,California,90081
774,Horace,Jurkowski,M,870-34-7661,hjurkowskilh@ask.com,70 Surrey Park,San Antonio,Texas,78285
775,Stefano,Kahen,M,897-86-5505,skahenli@eepurl.com,8 Nevada Pass,Madison,Wisconsin,53785
776,Terza,Rowell,F,238-09-4739,trowelllj@zimbio.com,,Las Vegas,Nevada,89155
777,Harrison,Fairpo,M,566-52-7637,hfairpolk@pagesperso-orange.fr,3439 Carioca Parkway,Bronx,New York,10464
778,Kare,Briggs,F,394-37-7014,kbriggsll@google.ru,3866 Bunker Hill Crossing,Oakland,California,94611
779,Randell,Wackly,M,266-89-0955,rwacklylm@usnews.com,4 Browning Crossing,Garden Grove,California,92844
780,Adan,Kellog,F,688-51-3328,akellogln@issuu.com,60 Longview Avenue,San Francisco,California,94164
781,Barbi,Lyle,F,254-41-9245,blylelo@jiathis.com,44766 Maple Wood Street,Harrisburg,Pennsylvania,17126
782,Moreen,Manna,F,687-37-4226,mmannalp@parallels.com,81 Kim Court,Colorado Springs,Colorado,80995
783,Sheelah,Sturdgess,F,371-04-3766,ssturdgesslq@google.fr,7548 Miller Lane,Virginia Beach,Virginia,23464
784,Gerianne,Rubenczyk,F,850-74-2586,grubenczyklr@ocn.ne.jp,6780 Maywood Way,Chicago,Illinois,60669
785,Immanuel,Haylor,M,510-33-2788,ihaylorls@utexas.edu,1 Morningstar Center,Seattle,Washington,98175
786,Reamonn,MacParland,M,191-80-9343,rmacparlandlt@prweb.com,6 Carey Junction,Cedar Rapids,Iowa,52405
787,Brande,Pretor,F,223-88-1978,bpretorlu@theglobeandmail.com,815 Sachtjen Road,New York City,New York,10275
788,Terese,Dewer,F,389-31-8381,tdewerlv@webnode.com,3 Iowa Road,Evansville,Indiana,47705
789,Philbert,Jordon,M,472-29-9365,pjordonlw@omniture.com,70 Florence Terrace,Boston,Massachusetts,02216
790,Siffre,Beart,M,727-85-9625,sbeartlx@usda.gov,8295 Union Junction,Sacramento,California,95894
791,Garrott,Prew,M,398-19-6167,gprewly@cafepress.com,91201 David Point,Nashville,Tennessee,37240
792,Miguel,Wyvill,M,238-84-6217,mwyvilllz@squidoo.com,4 Blue Bill Park Terrace,Washington,District of Columbia,20470
793,Phyllis,Langley,F,701-69-1270,plangleym0@prweb.com,85 Coolidge Junction,Houston,Texas,77260
794,L;urette,De Fries,F,161-05-1936,ldefriesm1@about.me,86200 Atwood Plaza,Charlottesville,Virginia,22903
795,Alexandr,Newsome,M,722-73-8194,anewsomem2@wordpress.org,06796 Mcguire Trail,San Francisco,California,94105
796,Zia,Galiford,F,528-77-9473,zgalifordm3@shop-pro.jp,,South Bend,Indiana,46620
797,Therine,Cornill,F,450-14-2921,tcornillm4@phpbb.com,959 Hazelcrest Court,Tacoma,Washington,98417
798,Darnell,Worgan,M,262-45-6478,dworganm5@dedecms.com,151 Summit Court,Houston,Texas,77260
799,Ilysa,Shortcliffe,F,801-17-0931,ishortcliffem6@cbsnews.com,,Arlington,Virginia,22234
800,Rog,Plank,M,513-97-9171,rplankm7@wikia.com,040 Shasta Junction,Fullerton,California,92835
801,Wes,Cridland,M,725-89-6966,wcridlandm8@umich.edu,8331 Vernon Lane,Philadelphia,Pennsylvania,19146
802,Lionello,Beddie,M,231-77-0341,lbeddiem9@miitbeian.gov.cn,0304 Golf View Trail,Baltimore,Maryland,21203
803,Bevon,Ainsworth,M,451-25-3278,bainsworthma@huffingtonpost.com,41 Schlimgen Lane,Carlsbad,California,92013
804,Carmon,Tale,F,538-55-8702,ctalemb@mapy.cz,39 Sycamore Alley,Cleveland,Ohio,44197
805,Elijah,Crannage,M,126-36-2733,ecrannagemc@google.nl,918 Utah Terrace,Dayton,Ohio,45426
806,Raynor,Vedmore,M,225-82-4503,rvedmoremd@edublogs.org,538 Myrtle Terrace,Bakersfield,California,93399
807,Jephthah,Schankel,M,273-89-0572,jschankelme@earthlink.net,9992 Loomis Lane,Nashville,Tennessee,37235
808,Jeanna,Eaddy,F,134-21-8591,jeaddymf@google.it,86 Spenser Crossing,Saint Paul,Minnesota,55127
809,Britney,Josilowski,F,191-07-0188,bjosilowskimg@yandex.ru,95 Russell Pass,Pasadena,California,91117
810,Lynnelle,Symons,F,502-86-8067,lsymonsmh@webmd.com,4 Vernon Plaza,San Jose,California,95194
811,Devin,Bickers,M,573-40-0125,dbickersmi@wufoo.com,43970 Memorial Way,Columbus,Georgia,31998
812,Hanni,Forsbey,F,668-41-1541,hforsbeymj@huffingtonpost.com,41 School Avenue,Huntington,West Virginia,25705
813,Waiter,Giacopello,M,254-98-2360,wgiacopellomk@bravesites.com,11578 Ohio Way,Newark,Delaware,19725
814,Jock,Keeley,M,631-01-8668,jkeeleyml@cbc.ca,59 6th Trail,Saint Louis,Missouri,63110
815,Adam,Rook,M,276-39-1579,arookmm@de.vu,708 Surrey Point,Falls Church,Virginia,22047
816,Berty,Huyche,M,280-33-5553,bhuychemn@alibaba.com,67852 Declaration Hill,San Diego,California,92127
817,Dorine,Derl,F,858-53-5260,dderlmo@howstuffworks.com,90 Atwood Court,Reno,Nevada,89550
818,Grove,Mangenet,M,294-22-9289,gmangenetmp@dyndns.org,05 Valley Edge Trail,Richmond,Virginia,23260
819,Hodge,McVane,M,862-24-8530,hmcvanemq@google.co.jp,661 Dayton Road,Sacramento,California,94257
820,Minor,Parradine,M,874-91-7112,mparradinemr@wordpress.org,3 Erie Alley,Columbus,Ohio,43204
821,Say,Elphee,M,268-47-1861,selpheems@discuz.net,,Lafayette,Louisiana,70593
822,Theodosia,Dwire,F,528-94-6674,tdwiremt@boston.com,47 Bay Crossing,Minneapolis,Minnesota,55423
823,Chic,McNysche,M,376-38-9082,cmcnyschemu@symantec.com,0722 Moland Pass,Columbus,Georgia,31998
824,Andris,Chyuerton,M,186-35-1323,achyuertonmv@china.com.cn,93724 Algoma Alley,Richmond,Virginia,23203
825,Conrad,Capponeer,M,391-04-4749,ccapponeermw@economist.com,05747 Meadow Vale Avenue,New Orleans,Louisiana,70183
826,Abey,Geare,M,688-65-9796,agearemx@amazon.de,61 Superior Road,Pueblo,Colorado,81010
827,Marietta,Dansie,M,615-05-4923,mdansiemy@t-online.de,98657 Gulseth Crossing,Tacoma,Washington,98411
828,Marjie,Barzen,F,217-08-1481,mbarzenmz@shutterfly.com,21 Starling Crossing,Saint Paul,Minnesota,55166
829,Andrew,Dupre,M,304-39-7331,adupren0@rambler.ru,3681 Schlimgen Park,Houston,Texas,77201
830,Linc,Humfrey,M,284-66-5949,lhumfreyn1@zdnet.com,9 Schmedeman Road,Dallas,Texas,75287
831,Flossi,Berrecloth,F,537-36-5000,fberreclothn2@lycos.com,1168 Northwestern Way,Yonkers,New York,10705
832,Fredia,Fradgley,F,173-51-0152,ffradgleyn3@scribd.com,8 Dawn Pass,Denver,Colorado,80291
833,Mickey,Pinks,M,267-52-2390,mpinksn4@nymag.com,6742 La Follette Point,Huntsville,Alabama,35815
834,Granny,Kleisel,M,275-07-2475,gkleiseln5@blogspot.com,307 Monterey Terrace,San Antonio,Texas,78215
835,Vida,Izon,F,664-17-2908,vizonn6@disqus.com,2022 Brown Pass,Washington,District of Columbia,20535
836,Lamond,Clifford,M,509-18-8767,lcliffordn7@google.de,4 Brentwood Way,Palm Bay,Florida,32909
837,Monique,Gligori,F,306-73-0376,mgligorin8@uiuc.edu,87629 Sunfield Parkway,Hartford,Connecticut,06140
838,Eddie,Lode,M,893-92-8857,eloden9@businessinsider.com,5911 Hanover Place,Vero Beach,Florida,32964
839,Veronica,Burnep,F,230-91-6180,vburnepna@globo.com,7 Lindbergh Terrace,Littleton,Colorado,80126
840,Gustavus,Tigner,M,193-56-9557,gtignernb@zdnet.com,23 Blaine Hill,Ann Arbor,Michigan,48107
841,Maurise,Boykett,M,272-10-5385,mboykettnc@amazon.de,86 Grover Pass,Louisville,Kentucky,40256
842,Cinderella,Glaze,F,671-60-7327,cglazend@ovh.net,44 Elmside Road,Washington,District of Columbia,20566
843,Eduardo,Hatton,M,299-10-0744,ehattonne@feedburner.com,11 Sullivan Drive,Fayetteville,North Carolina,28314
844,Abagail,Puxley,F,572-87-1944,apuxleynf@pcworld.com,222 Mcbride Park,Seattle,Washington,98148
845,Libbey,Cammacke,F,201-75-0282,lcammackeng@mozilla.com,,Kansas City,Missouri,64153
846,Richardo,Yeiles,M,381-49-3593,ryeilesnh@amazon.de,4 Onsgard Place,Austin,Texas,78759
847,Rustie,Starmont,M,551-67-8179,rstarmontni@army.mil,12 Cascade Park,Albany,Georgia,31704
848,Aidan,Beard,F,586-38-9233,abeardnj@mlb.com,609 Oneill Park,Lawrenceville,Georgia,30045
849,Orion,Stirman,M,337-61-3958,ostirmannk@statcounter.com,4 Pennsylvania Avenue,New Orleans,Louisiana,70183
850,Mabelle,Langcastle,F,111-68-0646,mlangcastlenl@blinklist.com,08867 South Lane,Miami,Florida,33245
851,Garnet,Melesk,F,699-57-5671,gmelesknm@discovery.com,,Colorado Springs,Colorado,80935
852,Carmon,Olver,F,663-66-3970,colvernn@imageshack.us,2228 Blue Bill Park Lane,Naperville,Illinois,60567
853,Leanor,Weetch,F,374-22-3381,lweetchno@weebly.com,9128 Jana Alley,Tuscaloosa,Alabama,35487
854,Fabio,Elders,M,523-77-3267,feldersnp@barnesandnoble.com,20 Mariners Cove Street,New Haven,Connecticut,06520
855,Fernando,Renac,M,679-08-5355,frenacnq@apache.org,5 Westport Point,Albany,New York,12227
856,Lu,Paffley,F,503-26-3444,lpaffleynr@twitpic.com,180 Ohio Junction,Erie,Pennsylvania,16510
857,Padget,Spitaro,M,339-96-4356,pspitarons@sphinn.com,87506 Chive Trail,Levittown,Pennsylvania,19058
858,Patti,Lenton,F,219-16-5320,plentonnt@mayoclinic.com,5129 Doe Crossing Street,Arlington,Texas,76096
859,Roderigo,Redmain,M,479-19-9783,rredmainnu@epa.gov,92 Old Gate Pass,Flushing,New York,11355
860,Justino,Pauling,M,850-48-4082,jpaulingnv@mapy.cz,05 Schmedeman Avenue,New York City,New York,10110
861,Benedict,Stede,M,873-94-1369,bstedenw@geocities.jp,343 Corscot Pass,Memphis,Tennessee,38188
862,Tiler,Boyet,M,477-47-5612,tboyetnx@ycombinator.com,380 Ronald Regan Place,Cincinnati,Ohio,45213
863,Kathrine,Chart,F,651-65-1653,kchartny@networkadvertising.org,7922 Birchwood Lane,New Orleans,Louisiana,70129
864,Bernard,Dewi,M,764-11-9735,bdewinz@ibm.com,21 Mesta Court,Houston,Texas,77070
865,Magnum,Alderman,M,475-35-9450,maldermano0@archive.org,15 Loeprich Junction,New Orleans,Louisiana,70129
866,Kermit,Durrett,M,643-15-8183,kdurretto1@mapy.cz,21 Elgar Avenue,San Antonio,Texas,78265
867,Isak,Laffan,M,243-37-7589,ilaffano2@nature.com,38549 Reindahl Hill,Fort Smith,Arkansas,72905
868,Willette,Shrubsall,F,422-65-6435,wshrubsallo3@tumblr.com,391 Porter Terrace,Racine,Wisconsin,53405
869,Brendon,De Blasio,M,323-56-7316,bdeblasioo4@de.vu,42 Arrowood Avenue,Washington,District of Columbia,20231
870,Rod,Leyman,M,569-18-2163,rleymano5@1und1.de,08846 Donald Junction,Cleveland,Ohio,44185
871,Bertie,Chace,M,498-01-4478,bchaceo6@wiley.com,96 Londonderry Hill,New York City,New York,10029
872,Ashlie,Ellin,F,145-47-9795,aellino7@nba.com,2036 Fremont Court,Philadelphia,Pennsylvania,19184
873,Doris,Eaklee,F,441-44-5197,deakleeo8@infoseek.co.jp,9024 Towne Lane,Saint Louis,Missouri,63116
874,Marylynne,Cussins,F,377-31-4185,mcussinso9@ezinearticles.com,605 Hoffman Crossing,Augusta,Georgia,30905
875,Belle,Ponde,F,489-06-5707,bpondeoa@intel.com,68079 Cherokee Road,Greensboro,North Carolina,27404
876,Adriano,Sleigh,M,120-31-5729,asleighob@washingtonpost.com,3876 Dottie Street,Peoria,Illinois,61651
877,Leonerd,Alonso,M,554-85-2177,lalonsooc@mapy.cz,0862 Elmside Parkway,Columbia,South Carolina,29225
878,Roxane,Guidotti,F,758-50-9948,rguidottiod@google.com.hk,1 Eggendart Terrace,Tulsa,Oklahoma,74141
879,Bryce,O'Dea,M,559-81-9790,bodeaoe@chicagotribune.com,272 Riverside Circle,Arlington,Virginia,22205
880,Darlene,Bitchener,F,342-78-6284,dbitchenerof@unicef.org,98 Bunker Hill Hill,Naples,Florida,33961
881,Terri,Dene,M,739-47-9006,tdeneog@constantcontact.com,40 Del Sol Avenue,Seattle,Washington,98166
882,Gamaliel,Caslake,M,245-37-3159,gcaslakeoh@nba.com,84 Everett Drive,Salt Lake City,Utah,84125
883,Charlene,Schops,F,546-31-4510,cschopsoi@linkedin.com,7 Laurel Terrace,El Paso,Texas,88525
884,Cher,Paulin,F,239-85-7324,cpaulinoj@spotify.com,2 Warbler Way,Stamford,Connecticut,06922
885,Evin,Bickley,M,214-47-1235,ebickleyok@princeton.edu,0 Badeau Point,Amarillo,Texas,79116
886,Ashlen,Wolfe,F,396-69-5591,awolfeol@goodreads.com,72 Waubesa Circle,Fort Worth,Texas,76115
887,Freddi,Heisham,F,505-53-2837,fheishamom@surveymonkey.com,5 Farwell Junction,Fort Wayne,Indiana,46814
888,Audi,Thurlborn,F,557-51-6626,athurlbornon@dell.com,539 Westridge Court,Wichita,Kansas,67230
889,Creigh,Vivash,M,368-75-7507,cvivashoo@w3.org,9 Blue Bill Park Road,Oakland,California,94622
890,Ewan,Antrum,M,231-08-2013,eantrumop@economist.com,7 Macpherson Way,Baton Rouge,Louisiana,70836
891,Dalston,Houlton,M,178-42-2968,dhoultonoq@csmonitor.com,4490 Fordem Drive,Minneapolis,Minnesota,55436
892,Valaria,Dallmann,F,171-35-4076,vdallmannor@jiathis.com,472 Vidon Pass,Prescott,Arizona,86305
893,Freeland,Valerius,M,304-61-9547,fvaleriusos@spotify.com,63 Cascade Point,Houston,Texas,77090
894,Sam,Rawcliffe,M,283-75-4912,srawcliffeot@timesonline.co.uk,68841 Pennsylvania Alley,Tampa,Florida,33633
895,Carissa,Carpe,F,878-14-8162,ccarpeou@pinterest.com,1134 High Crossing Park,Fort Worth,Texas,76192
896,Fleur,Hayman,F,797-32-9029,fhaymanov@accuweather.com,5 Bartillon Road,San Jose,California,95123
897,Corie,Lynthal,F,830-95-3620,clynthalow@parallels.com,101 Dexter Circle,New Hyde Park,New York,11044
898,Edmund,Osmond,M,472-81-8333,eosmondox@shop-pro.jp,1652 Oneill Drive,Tyler,Texas,75799
899,Mathe,Sollars,M,207-34-7067,msollarsoy@sitemeter.com,4 Westend Alley,Saint Petersburg,Florida,33731
900,Rhody,Gallelli,F,142-49-3390,rgallellioz@infoseek.co.jp,99 Hollow Ridge Point,Evansville,Indiana,47719
901,Delora,Kiehne,F,624-03-7067,dkiehnep0@hao123.com,5 Randy Circle,Fort Lauderdale,Florida,33305
902,Ximenez,Carse,M,264-09-9584,xcarsep1@sciencedaily.com,9 Daystar Park,Pompano Beach,Florida,33075
903,Heall,Robuchon,M,853-45-4069,hrobuchonp2@engadget.com,1521 Macpherson Street,Springfield,Illinois,62794
904,Ganny,Wisbey,M,401-74-5373,gwisbeyp3@dyndns.org,44223 Brickson Park Trail,Little Rock,Arkansas,72215
905,Pia,Dodsley,F,372-46-4162,pdodsleyp4@gnu.org,51 Lakeland Drive,Washington,District of Columbia,20430
906,Farris,Moubray,M,635-47-3764,fmoubrayp5@unblog.fr,1 Bellgrove Circle,Kansas City,Missouri,64149
907,Ruthanne,Allen,F,313-82-3910,rallenp6@xrea.com,0 Bayside Road,Port Charlotte,Florida,33954
908,Gilda,Thomassen,F,273-10-6508,gthomassenp7@live.com,2 Bultman Way,Saint Joseph,Missouri,64504
909,Fanchette,Gilogly,F,732-06-7283,fgiloglyp8@aboutads.info,95 Glendale Circle,Washington,District of Columbia,20057
910,Vinny,Hacking,F,431-31-0342,vhackingp9@simplemachines.org,2988 8th Crossing,Fargo,North Dakota,58122
911,Janelle,Iglesias,F,162-90-6205,jiglesiaspa@businessweek.com,360 Lukken Plaza,Washington,District of Columbia,20380
912,Donny,Thorogood,F,247-27-4711,dthorogoodpb@google.com,7 Dunning Park,Pasadena,California,91109
913,Husain,Claremont,M,749-85-7427,hclaremontpc@wikipedia.org,84148 Nelson Point,Wichita Falls,Texas,76310
914,Maryjo,Scarbarrow,F,548-33-6180,mscarbarrowpd@bloglines.com,4088 Graedel Alley,Gary,Indiana,46406
915,Renee,Ballay,F,867-04-8498,rballaype@wikispaces.com,44 Lillian Park,San Diego,California,92127
916,Izaak,Drioli,M,435-83-5708,idriolipf@cargocollective.com,98 Katie Center,Waterbury,Connecticut,06721
917,Kahlil,Patrick,M,309-14-4072,kpatrickpg@guardian.co.uk,2 Carioca Pass,Richmond,Virginia,23228
918,Elsie,Cavolini,F,303-82-7448,ecavoliniph@vistaprint.com,92866 Crest Line Drive,Austin,Texas,78710
919,Haskel,Hoult,M,832-88-8712,hhoultpi@tumblr.com,37181 Mcguire Place,Houston,Texas,77010
920,Kathi,Almak,F,189-44-5651,kalmakpj@devhub.com,122 Bayside Street,Lynn,Massachusetts,01905
921,Tammie,Becraft,M,611-47-9043,tbecraftpk@posterous.com,768 Bobwhite Point,Boise,Idaho,83757
922,Reiko,Drable,F,542-41-9138,rdrablepl@domainmarket.com,677 John Wall Court,Long Beach,California,90810
923,April,Goman,F,593-47-7717,agomanpm@who.int,1107 Monterey Place,San Diego,California,92105
924,Ikey,Cridlan,M,386-76-9173,icridlanpn@prweb.com,2176 Oxford Drive,Kansas City,Missouri,64179
925,Jacklin,Deverille,F,403-83-1933,jdeverillepo@e-recht24.de,,New York City,New York,10029
926,Keenan,Spreckley,M,515-18-1676,kspreckleypp@is.gd,33121 Huxley Park,Washington,District of Columbia,20557
927,Gavin,MacCallam,M,151-78-1437,gmaccallampq@jiathis.com,99433 Ridgeview Junction,Madison,Wisconsin,53726
928,Nicky,Beards,F,385-05-6274,nbeardspr@soup.io,98641 Karstens Point,Washington,District of Columbia,20088
929,Somerset,Boggon,M,702-58-8803,sboggonps@forbes.com,7259 Trailsway Way,Biloxi,Mississippi,39534
930,Betsy,Domenge,F,750-10-1034,bdomengept@cafepress.com,036 Basil Center,Falls Church,Virginia,22047
931,Ichabod,Frensche,M,518-88-2786,ifrenschepu@census.gov,83 Tennyson Place,Roanoke,Virginia,24029
932,Poppy,Farnsworth,F,717-91-1510,pfarnsworthpv@eventbrite.com,56379 Autumn Leaf Court,Nashville,Tennessee,37250
933,Ringo,Suggate,M,239-25-4528,rsuggatepw@studiopress.com,19 Jay Way,Atlanta,Georgia,30380
934,Gerladina,Flieger,F,310-46-1425,gfliegerpx@paginegialle.it,62 Morrow Place,Atlanta,Georgia,30392
935,Jamesy,Weall,M,116-45-2803,jweallpy@cbsnews.com,0 Novick Court,Youngstown,Ohio,44505
936,Gram,Blight,M,208-20-5439,gblightpz@hatena.ne.jp,74 Truax Place,Seattle,Washington,98115
937,Bron,Killiner,M,315-31-4228,bkillinerq0@simplemachines.org,21886 8th Hill,Chicago,Illinois,60614
938,Weylin,Rourke,M,718-74-6378,wrourkeq1@is.gd,97 Maywood Road,Charlotte,North Carolina,28272
939,Aland,Slesser,M,680-22-3788,aslesserq2@craigslist.org,0530 Ramsey Crossing,Corona,California,92883
940,Jennee,Pudney,F,138-41-9030,jpudneyq3@google.pl,73 Merry Parkway,Wilkes Barre,Pennsylvania,18706
941,Morly,Mostin,M,618-93-3545,mmostinq4@blog.com,1116 Carberry Circle,Minneapolis,Minnesota,55407
942,Emlynn,Ind,F,499-27-7219,eindq5@jalbum.net,02 Londonderry Plaza,Washington,District of Columbia,20540
943,Gradeigh,Erett,M,222-07-0017,gerettq6@etsy.com,18725 Ridge Oak Drive,Greensboro,North Carolina,27425
944,Orelia,Woffenden,F,115-32-7644,owoffendenq7@google.co.uk,0 Northview Junction,Salt Lake City,Utah,84115
945,Cathe,Maxfield,F,722-38-3574,cmaxfieldq8@state.gov,906 Londonderry Alley,Bronx,New York,10454
946,Nicoli,Huikerby,F,118-12-8496,nhuikerbyq9@hexun.com,2884 Mallory Avenue,Miami,Florida,33233
947,Denney,Gladdis,M,244-71-3428,dgladdisqa@toplist.cz,195 Browning Court,Spring,Texas,77388
948,Hadrian,Mityushin,M,196-24-0047,hmityushinqb@amazon.co.jp,5952 Del Sol Terrace,New Castle,Pennsylvania,16107
949,Clint,Twamley,M,299-55-6349,ctwamleyqc@nbcnews.com,83754 Heath Crossing,Washington,District of Columbia,20299
950,Shannah,Pickerill,F,717-26-1409,spickerillqd@pbs.org,2964 Center Court,Columbus,Ohio,43240
951,Grantham,Trenam,M,565-70-3700,gtrenamqe@house.gov,17184 Hauk Terrace,Honolulu,Hawaii,96810
952,Sophie,Minnette,F,819-32-6382,sminnetteqf@histats.com,1117 Lighthouse Bay Center,Sacramento,California,94250
953,Fergus,Gartan,M,151-04-5553,fgartanqg@tumblr.com,6501 Knutson Center,Young America,Minnesota,55573
954,Octavius,Whitrod,M,722-34-8887,owhitrodqh@nytimes.com,2 Esker Road,Portland,Oregon,97240
955,Jess,McNysche,F,750-83-3590,jmcnyscheqi@amazonaws.com,,Bronx,New York,10454
956,Laverna,Carletti,F,863-72-4334,lcarlettiqj@unicef.org,846 Forster Road,New York City,New York,10249
957,Alf,Figger,M,405-98-5200,afiggerqk@wired.com,603 Boyd Circle,Brea,California,92822
958,Alex,Lyttle,M,326-33-9915,alyttleql@xrea.com,0093 Hoard Court,El Paso,Texas,88546
959,Rodney,Lyptrit,M,107-57-2461,rlyptritqm@disqus.com,8 Brentwood Place,Jackson,Mississippi,39210
960,Shari,Dubock,F,851-32-9319,sdubockqn@com.com,58 Canary Street,Harrisburg,Pennsylvania,17121
961,Nevile,Sheehan,M,664-95-1974,nsheehanqo@com.com,148 Katie Avenue,Phoenix,Arizona,85035
962,Thor,Sealey,M,792-10-4369,tsealeyqp@illinois.edu,51317 Old Shore Drive,San Francisco,California,94164
963,Polly,Pyner,F,844-16-9454,ppynerqq@sitemeter.com,5 Division Street,North Port,Florida,34290
964,Mitchael,Lundberg,M,367-40-0999,mlundbergqr@surveymonkey.com,7 Carey Avenue,Memphis,Tennessee,38188
965,Dmitri,Yantsev,M,626-70-2027,dyantsevqs@slashdot.org,153 Rockefeller Parkway,Fort Wayne,Indiana,46862
966,Sarah,Van Son,F,502-92-7915,svansonqt@youtu.be,01887 Dapin Hill,Charlotte,North Carolina,28210
967,Morganica,Caddie,F,501-70-8491,mcaddiequ@disqus.com,1 Debra Court,Arlington,Texas,76011
968,Niels,Shinfield,M,674-68-5641,nshinfieldqv@wix.com,219 Ludington Court,South Bend,Indiana,46699
969,Sukey,Boyen,F,290-72-5192,sboyenqw@google.es,20 Marcy Court,Louisville,Kentucky,40280
970,Andrey,Cowgill,M,580-57-5215,acowgillqx@hexun.com,2 Mesta Terrace,Grand Rapids,Michigan,49518
971,Olive,Bellay,F,438-80-5278,obellayqy@bloglines.com,04516 Acker Road,Columbia,South Carolina,29240
972,Rachele,Friskey,F,279-28-2315,rfriskeyqz@gov.uk,512 Westport Court,Minneapolis,Minnesota,55448
973,Harlin,Jindracek,M,474-06-7212,hjindracekr0@bluehost.com,4 Sutherland Place,Tallahassee,Florida,32399
974,Maddi,David,F,444-04-4926,mdavidr1@hc360.com,4388 Stone Corner Junction,New Hyde Park,New York,11044
975,Adiana,Grealey,F,413-73-8882,agrealeyr2@usnews.com,642 Golf View Trail,Murfreesboro,Tennessee,37131
976,Fleurette,Pitrelli,F,110-54-9356,fpitrellir3@engadget.com,38869 Schmedeman Terrace,El Paso,Texas,79984
977,Cally,Axby,F,629-04-3999,caxbyr4@gravatar.com,54 Barby Avenue,Salem,Oregon,97306
978,Farley,Shackelton,M,249-90-6235,fshackeltonr5@ted.com,0652 Dorton Alley,Pensacola,Florida,32511
979,Alick,Plane,M,861-03-5485,aplaner6@hhs.gov,50491 Morrow Pass,Gilbert,Arizona,85297
980,Birch,Sheldrake,M,323-79-9957,bsheldraker7@examiner.com,4 Artisan Hill,Fort Worth,Texas,76110
981,Augie,Doucette,M,466-11-7179,adoucetter8@moonfruit.com,,Kansas City,Missouri,64101
982,Jimmie,Reast,M,393-72-4249,jreastr9@sphinn.com,047 Porter Plaza,Boca Raton,Florida,33499
983,Ozzy,Tailby,M,540-37-6652,otailbyra@accuweather.com,3 Gulseth Center,Charleston,West Virginia,25336
984,Monty,Janiszewski,M,761-83-0366,mjaniszewskirb@microsoft.com,49956 Delladonna Plaza,Salt Lake City,Utah,84145
985,Belvia,Garthside,F,686-74-8136,bgarthsiderc@dell.com,1 Alpine Place,Myrtle Beach,South Carolina,29579
986,Germain,Bushell,M,253-20-4559,gbushellrd@icio.us,79 Service Court,Los Angeles,California,90081
987,Hymie,Corden,M,822-81-4985,hcordenre@uol.com.br,,Honolulu,Hawaii,96820
988,Ransom,Wheelwright,M,382-88-2432,rwheelwrightrf@issuu.com,286 Tennessee Alley,Los Angeles,California,90025
989,Natale,Dumper,M,151-16-0541,ndumperrg@whitehouse.gov,27896 Hagan Place,Amarillo,Texas,79188
990,Stanislaus,Giacomello,M,318-31-2419,sgiacomellorh@drupal.org,,Katy,Texas,77493
991,Innis,Lilley,M,838-10-2565,ililleyri@wikispaces.com,09 Onsgard Way,Charleston,West Virginia,25331
992,Annmarie,Rawle,F,259-36-1679,arawlerj@marriott.com,00 Cascade Terrace,Cleveland,Ohio,44197
993,Marcille,Warratt,F,524-91-2465,mwarrattrk@tmall.com,,Glendale,Arizona,85305
994,Lindsey,Butchers,F,180-48-9426,lbutchersrl@prlog.org,15835 Sullivan Street,Charlotte,North Carolina,28225
995,Burtie,Battin,M,164-11-4734,bbattinrm@spotify.com,0410 Laurel Drive,Columbia,Missouri,65218
996,Marsha,Penbarthy,F,695-95-2924,mpenbarthyrn@baidu.com,21 Kingsford Center,Saint Joseph,Missouri,64504
997,Rosina,Lodford,F,202-97-2036,rlodfordro@nps.gov,86796 Maryland Street,Salt Lake City,Utah,84110
998,Sib,Hallewell,F,551-43-2140,shallewellrp@yahoo.com,239 Mallory Terrace,Denver,Colorado,80209
999,Annalise,Viveash,F,231-76-2662,aviveashrq@dot.gov,2624 Red Cloud Junction,Little Rock,Arkansas,72204
1000,Delila,Duffree,F,564-66-7864,dduffreerr@rediff.com,67 Ryan Terrace,Birmingham,Alabama,35210
