first_name,last_name,email,gender,id
Shadow,Selman,sselman0@bravesites.com,Male,1
Randa,Geldert,rgeldert1@cmu.edu,Agender,2
Neil,Czajka,nczajka2@dion.ne.jp,Male,3
Rosaleen,Arnald,rarnald3@imdb.com,Female,4
Hieronymus,Treffrey,htreffrey4@youtu.be,Male,5
Viola,Dinse,vdinse5@amazon.com,Female,6
Gwenneth,Surcomb,gsurcomb6@msu.edu,Female,7
Emmeline,Gozzard,egozzard7@cloudflare.com,Female,8
Joey,Baudin,jbaudin8@bloglines.com,Agender,9
Marcille,Bernholt,mbernholt9@youtube.com,Female,10
Philly,Tellenbach,ptellenbacha@sina.com.cn,Female,11
Averil,Apfler,aapflerb@pagesperso-orange.fr,Female,12
Winny,Cullum,wcullumc@linkedin.com,Male,13
Kym,Ingleton,kingletond@un.org,Female,14
Farr,D'Oyley,fdoyleye@marriott.com,Male,15
Shaw,Skydall,sskydallf@jiathis.com,Male,16
Dale,Grose,dgroseg@facebook.com,Male,17
Trude,Phipson,tphipsonh@dedecms.com,Female,18
Aleta,Halliday,ahallidayi@blogger.com,Female,19
Ivory,Bocke,ibockej@wix.com,Bigender,20
Shurwood,Secretan,ssecretank@timesonline.co.uk,Male,21
Nate,Grinyov,ngrinyovl@toplist.cz,Male,22
Gallagher,Bolderoe,gbolderoem@abc.net.au,Male,23
Cobb,Altham,calthamn@163.com,Male,24
Boy,Holtham,bholthamo@yolasite.com,Male,25
Aila,Woolvett,awoolvettp@fc2.com,Female,26
Geno,Prazer,gprazerq@bandcamp.com,Male,27
Darelle,O'Cahill,docahillr@tmall.com,Female,28
Kizzie,Sinnie,ksinnies@businesswire.com,Female,29
Chance,Malinowski,cmalinowskit@latimes.com,Male,30
Ianthe,Lomas,ilomasu@privacy.gov.au,Female,31
Carissa,Camacke,ccamackev@nature.com,Bigender,32
Mattheus,Rudinger,mrudingerw@instagram.com,Male,33
Blondie,Waggatt,bwaggattx@theglobeandmail.com,Female,34
Dania,Letertre,dletertrey@digg.com,Female,35
Briggs,Chatelot,bchatelotz@networksolutions.com,Agender,36
Celeste,Goodfellowe,cgoodfellowe10@sfgate.com,Female,37
Dania,Stollhofer,dstollhofer11@smugmug.com,Female,38
Kahaleel,Rideout,krideout12@skype.com,Male,39
Frederica,Paffett,fpaffett13@slashdot.org,Female,40
Eimile,Parrish,eparrish14@de.vu,Female,41
Arielle,Hammatt,ahammatt15@google.com.br,Female,42
Sebastian,Liston,sliston16@mit.edu,Male,43
Maddalena,Lednor,mlednor17@hhs.gov,Female,44
Nanette,Ebunoluwa,nebunoluwa18@360.cn,Female,45
Wileen,Grigson,wgrigson19@amazon.co.jp,Female,46
Bridgette,Powlett,bpowlett1a@creativecommons.org,Female,47
Aymer,Boggs,aboggs1b@360.cn,Genderfluid,48
Caralie,Ethridge,cethridge1c@mac.com,Female,49
Benyamin,Gredden,bgredden1d@bloomberg.com,Male,50
Nowell,Andryszczak,nandryszczak1e@wired.com,Male,51
Durand,Kellitt,dkellitt1f@simplemachines.org,Male,52
Teddie,Byram,tbyram1g@nytimes.com,Male,53
Adah,Petrashkov,apetrashkov1h@about.me,Female,54
Arley,Stigger,astigger1i@last.fm,Male,55
Stephi,Letts,sletts1j@bloomberg.com,Female,56
Sam,Bartalini,sbartalini1k@51.la,Female,57
Maison,Leteurtre,mleteurtre1l@wp.com,Male,58
Sunshine,Jamison,sjamison1m@privacy.gov.au,Female,59
Garald,Seifenmacher,gseifenmacher1n@about.me,Male,60
Dyan,Nowell,dnowell1o@toplist.cz,Genderfluid,61
Diana,Camelin,dcamelin1p@virginia.edu,Female,62
Sandie,Jorgensen,sjorgensen1q@scribd.com,Non-binary,63
Hogan,Kivlehan,hkivlehan1r@merriam-webster.com,Male,64
Fan,Cowpland,fcowpland1s@wordpress.com,Female,65
Bari,Wisniewski,bwisniewski1t@elpais.com,Female,66
Nealy,Starie,nstarie1u@independent.co.uk,Male,67
Llewellyn,Shovell,lshovell1v@stumbleupon.com,Male,68
Huey,Rathborne,hrathborne1w@sun.com,Male,69
Thelma,Gilkes,tgilkes1x@over-blog.com,Female,70
Tab,Brasse,tbrasse1y@uol.com.br,Male,71
Mada,Jaine,mjaine1z@soup.io,Female,72
Gardy,McOwen,gmcowen20@nymag.com,Male,73
Ode,Pfeffer,opfeffer21@google.pl,Male,74
Carlen,Lockier,clockier22@xinhuanet.com,Female,75
Joline,Giovannetti,jgiovannetti23@wikispaces.com,Female,76
Jeanna,Fardy,jfardy24@csmonitor.com,Female,77
Pauli,Jeacocke,pjeacocke25@tmall.com,Female,78
Jeralee,Jeandet,jjeandet26@foxnews.com,Female,79
Maudie,Mitchely,mmitchely27@infoseek.co.jp,Female,80
Toby,Saltrese,tsaltrese28@addthis.com,Female,81
Haydon,Nobes,hnobes29@yelp.com,Male,82
Levey,Alabone,lalabone2a@cbc.ca,Male,83
Carce,Templman,ctemplman2b@flickr.com,Male,84
Rae,Critchlow,rcritchlow2c@nba.com,Female,85
Venita,Dumingos,vdumingos2d@ebay.co.uk,Female,86
Gayle,Tenby,gtenby2e@europa.eu,Male,87
Malanie,Wingeatt,mwingeatt2f@ucoz.ru,Non-binary,88
Rutter,Yarrington,ryarrington2g@t.co,Male,89
Sharline,Affuso,saffuso2h@domainmarket.com,Female,90
Frederica,Juliff,fjuliff2i@ebay.co.uk,Female,91
Lida,Eccles,leccles2j@qq.com,Female,92
Tucker,Jealous,tjealous2k@prnewswire.com,Male,93
Ulrica,Wane,uwane2l@dion.ne.jp,Female,94
Candace,Skitral,cskitral2m@paginegialle.it,Female,95
Giorgi,Jardein,gjardein2n@sciencedirect.com,Male,96
Pammie,Glasman,pglasman2o@yahoo.co.jp,Female,97
Paloma,Swadden,pswadden2p@t-online.de,Female,98
Merilyn,Mountjoy,mmountjoy2q@seesaa.net,Polygender,99
Eadie,O Mullen,eomullen2r@nationalgeographic.com,Female,100
Rouvin,Kalkhoven,rkalkhoven2s@geocities.jp,Male,101
Guilbert,Wallbridge,gwallbridge2t@sogou.com,Male,102
Ettie,Canet,ecanet2u@auda.org.au,Female,103
Hilly,Schapero,hschapero2v@paypal.com,Male,104
Walther,Huriche,whuriche2w@aboutads.info,Male,105
Leontyne,Sollis,lsollis2x@aboutads.info,Female,106
Keeley,Gabrieli,kgabrieli2y@cbc.ca,Female,107
Sly,Griswood,sgriswood2z@umich.edu,Male,108
Osborne,Coady,ocoady30@mysql.com,Male,109
Russell,Kerbler,rkerbler31@dailymotion.com,Male,110
Kit,Claesens,kclaesens32@last.fm,Bigender,111
Miran,Ayto,mayto33@twitter.com,Female,112
Elinor,Stentiford,estentiford34@xing.com,Female,113
Kincaid,Raiston,kraiston35@sbwire.com,Bigender,114
Gae,Worg,gworg36@twitter.com,Female,115
Berthe,Coldbathe,bcoldbathe37@wikia.com,Female,116
Simeon,Grimston,sgrimston38@seesaa.net,Male,117
Derrek,Narrie,dnarrie39@ca.gov,Bigender,118
Jere,Swadling,jswadling3a@senate.gov,Male,119
Griffin,Renol,grenol3b@columbia.edu,Male,120
Durward,Wrixon,dwrixon3c@ifeng.com,Male,121
Yolanthe,Normanville,ynormanville3d@histats.com,Female,122
Miles,Foulgham,mfoulgham3e@vk.com,Genderqueer,123
Mario,Connealy,mconnealy3f@gizmodo.com,Genderqueer,124
Angelia,Outhwaite,aouthwaite3g@skyrock.com,Female,125
Cynde,Ashpole,cashpole3h@constantcontact.com,Genderqueer,126
Rustie,Vasilenko,rvasilenko3i@sciencedaily.com,Male,127
Bathsheba,Marris,bmarris3j@netvibes.com,Genderfluid,128
Dominique,Secretan,dsecretan3k@npr.org,Female,129
Vernen,Franck,vfranck3l@hubpages.com,Male,130
Rogerio,Shrieve,rshrieve3m@blogspot.com,Male,131
Cinderella,Hilliam,chilliam3n@twitter.com,Female,132
Aimil,Whitlam,awhitlam3o@cafepress.com,Female,133
Grazia,Kirman,gkirman3p@yellowpages.com,Female,134
Antonietta,Sheepy,asheepy3q@vinaora.com,Female,135
Chastity,Ivory,civory3r@godaddy.com,Female,136
Gordie,Filmer,gfilmer3s@a8.net,Male,137
Casandra,Lowing,clowing3t@foxnews.com,Female,138
Deeyn,Worgan,dworgan3u@vkontakte.ru,Female,139
Harriott,Engley,hengley3v@constantcontact.com,Female,140
Sherwood,McCuis,smccuis3w@sogou.com,Male,141
Alanson,Thomazin,athomazin3x@dmoz.org,Male,142
Jemimah,Vossing,jvossing3y@people.com.cn,Female,143
Denna,Seedull,dseedull3z@redcross.org,Female,144
Jud,Keirle,jkeirle40@army.mil,Male,145
Corbet,Arrandale,carrandale41@com.com,Male,146
Alfonso,Tinghill,atinghill42@netscape.com,Male,147
Trude,Lippard,tlippard43@nih.gov,Female,148
Emmett,Cahey,ecahey44@amazon.de,Male,149
Aindrea,Saffill,asaffill45@bloglines.com,Female,150
Raff,Rosenwald,rrosenwald46@dion.ne.jp,Male,151
Roderigo,Peotz,rpeotz47@yellowpages.com,Genderqueer,152
Cirillo,Fobidge,cfobidge48@topsy.com,Male,153
Rina,Rubenczyk,rrubenczyk49@sourceforge.net,Female,154
Bidget,Mulmuray,bmulmuray4a@go.com,Female,155
Bjorn,Mitchenson,bmitchenson4b@bandcamp.com,Male,156
Gus,Sauven,gsauven4c@weather.com,Male,157
Rhody,Mc Elory,rmcelory4d@irs.gov,Female,158
Valentina,Cleary,vcleary4e@toplist.cz,Female,159
Vivianne,Richardes,vrichardes4f@163.com,Agender,160
Janek,Casella,jcasella4g@acquirethisname.com,Male,161
Ambrosius,Mosley,amosley4h@imdb.com,Male,162
Ianthe,Fayer,ifayer4i@va.gov,Female,163
Les,Cruddace,lcruddace4j@networksolutions.com,Non-binary,164
Gib,Andres,gandres4k@mysql.com,Male,165
Rutger,Robottom,rrobottom4l@prlog.org,Male,166
Eloise,Elvish,eelvish4m@uiuc.edu,Female,167
Heindrick,Dollar,hdollar4n@instagram.com,Male,168
Matthias,Garnham,mgarnham4o@yahoo.com,Male,169
Lorenza,Proback,lproback4p@yelp.com,Female,170
Giacinta,Trevain,gtrevain4q@forbes.com,Female,171
Carolann,Durran,cdurran4r@biglobe.ne.jp,Female,172
Marybeth,Braidman,mbraidman4s@sitemeter.com,Non-binary,173
Isis,Dank,idank4t@pcworld.com,Female,174
Van,Flowers,vflowers4u@unc.edu,Male,175
Veronika,Entwhistle,ventwhistle4v@foxnews.com,Female,176
Curcio,Hauxley,chauxley4w@phoca.cz,Male,177
Reine,McNeachtain,rmcneachtain4x@squarespace.com,Non-binary,178
Catherina,Fensome,cfensome4y@phoca.cz,Genderfluid,179
Rikki,Yendall,ryendall4z@wufoo.com,Male,180
Richardo,Frentz,rfrentz50@aol.com,Male,181
Ham,Trippitt,htrippitt51@ebay.com,Male,182
Gabriello,Mattiacci,gmattiacci52@jigsy.com,Male,183
Viole,Searjeant,vsearjeant53@squidoo.com,Female,184
Colver,Norvel,cnorvel54@springer.com,Male,185
Giffer,Pencot,gpencot55@theglobeandmail.com,Male,186
Coletta,Kleinsmuntz,ckleinsmuntz56@sfgate.com,Female,187
Billie,Fowlestone,bfowlestone57@clickbank.net,Agender,188
Nissa,Flageul,nflageul58@soundcloud.com,Female,189
Saleem,Bardell,sbardell59@baidu.com,Male,190
Frederich,Arnold,farnold5a@livejournal.com,Non-binary,191
Wit,Whetnell,wwhetnell5b@squidoo.com,Male,192
Dall,Camplen,dcamplen5c@delicious.com,Male,193
Angie,Purchall,apurchall5d@barnesandnoble.com,Male,194
Neysa,Stuckey,nstuckey5e@nature.com,Genderqueer,195
Antonin,Malsher,amalsher5f@japanpost.jp,Male,196
Claudius,Eliez,celiez5g@fda.gov,Male,197
Galvan,Kiss,gkiss5h@chron.com,Bigender,198
Timmie,Borg,tborg5i@nhs.uk,Genderqueer,199
Claiborne,Hayller,chayller5j@google.es,Male,200
Irena,Kira,ikira5k@1und1.de,Female,201
Sax,Charters,scharters5l@myspace.com,Male,202
Alfredo,Hadland,ahadland5m@shop-pro.jp,Male,203
Leslie,Nannetti,lnannetti5n@cyberchimps.com,Female,204
Harriett,Tennock,htennock5o@facebook.com,Female,205
Loren,Matijasevic,lmatijasevic5p@deliciousdays.com,Male,206
Corella,Footitt,cfootitt5q@go.com,Polygender,207
Elvis,Tandy,etandy5r@networkadvertising.org,Bigender,208
Carver,Fritche,cfritche5s@tripod.com,Male,209
Culver,Manilow,cmanilow5t@ucoz.ru,Male,210
Tailor,Fetherstan,tfetherstan5u@apple.com,Male,211
Verge,Youtead,vyoutead5v@yahoo.com,Male,212
Kassey,Beckson,kbeckson5w@senate.gov,Female,213
Annis,Gomer,agomer5x@trellian.com,Female,214
Fara,Cracoe,fcracoe5y@sogou.com,Female,215
Dinah,Terbruggen,dterbruggen5z@mit.edu,Female,216
Koralle,Cruikshank,kcruikshank60@tripod.com,Female,217
Clare,Aleixo,caleixo61@sakura.ne.jp,Female,218
Ephrem,Kittles,ekittles62@parallels.com,Male,219
Jamie,Doorly,jdoorly63@phoca.cz,Female,220
Cassandra,Fidian,cfidian64@instagram.com,Female,221
Flem,Curedell,fcuredell65@nifty.com,Male,222
Agnese,Cowderay,acowderay66@weather.com,Female,223
Algernon,Reinbeck,areinbeck67@geocities.jp,Male,224
Yuma,Featherstone,yfeatherstone68@canalblog.com,Male,225
Traver,Lyst,tlyst69@usnews.com,Male,226
Earlie,Meeron,emeeron6a@accuweather.com,Male,227
Milissent,Beavers,mbeavers6b@baidu.com,Female,228
Ruben,Sproule,rsproule6c@indiatimes.com,Male,229
Caryl,Mumm,cmumm6d@patch.com,Female,230
Maury,Kibby,mkibby6e@ed.gov,Male,231
Rogers,Ripping,rripping6f@networksolutions.com,Male,232
Wendie,Edgeon,wedgeon6g@gov.uk,Female,233
Amble,McMenamin,amcmenamin6h@mozilla.com,Male,234
Claudia,Skaife,cskaife6i@addthis.com,Female,235
Delora,Howick,dhowick6j@state.gov,Female,236
Karlen,Rosindill,krosindill6k@mediafire.com,Female,237
Humphrey,McCarney,hmccarney6l@dmoz.org,Male,238
Crissie,Peirson,cpeirson6m@opensource.org,Female,239
Stanislaw,Whyatt,swhyatt6n@123-reg.co.uk,Male,240
Mord,Ghiroldi,mghiroldi6o@aboutads.info,Male,241
Rozalin,Mulkerrins,rmulkerrins6p@printfriendly.com,Female,242
Maurise,Selly,mselly6q@irs.gov,Male,243
Carlin,Fenty,cfenty6r@umn.edu,Male,244
Genevieve,Mycock,gmycock6s@i2i.jp,Bigender,245
Kendra,Matuszinski,kmatuszinski6t@adobe.com,Female,246
Waneta,Canape,wcanape6u@adobe.com,Female,247
Consuela,Longbone,clongbone6v@macromedia.com,Female,248
Thomasina,Molohan,tmolohan6w@epa.gov,Female,249
Nickolas,Jacobsen,njacobsen6x@seesaa.net,Male,250
Goddart,Brawn,gbrawn6y@icio.us,Male,251
Merilee,Bartoshevich,mbartoshevich6z@europa.eu,Female,252
Ami,Peracco,aperacco70@clickbank.net,Female,253
Lexis,Roxby,lroxby71@chronoengine.com,Female,254
Fionnula,Wormell,fwormell72@studiopress.com,Female,255
Wiatt,Dashper,wdashper73@dailymail.co.uk,Polygender,256
Tailor,Candelin,tcandelin74@reddit.com,Male,257
Justina,Petrik,jpetrik75@gnu.org,Female,258
Angie,Oller,aoller76@va.gov,Male,259
Dulcia,Vanichkin,dvanichkin77@tuttocitta.it,Polygender,260
Urbano,Greetland,ugreetland78@surveymonkey.com,Male,261
Laurie,Bortoletti,lbortoletti79@constantcontact.com,Female,262
Christan,Guswell,cguswell7a@goo.gl,Female,263
Leif,Le Grand,llegrand7b@shareasale.com,Male,264
Marika,MacPeake,mmacpeake7c@pcworld.com,Female,265
Will,Bolstridge,wbolstridge7d@phpbb.com,Male,266
Noah,Chalfant,nchalfant7e@tripod.com,Agender,267
Jennifer,Rolland,jrolland7f@engadget.com,Female,268
Avram,Cridlin,acridlin7g@nps.gov,Male,269
Kippy,Eke,keke7h@google.es,Male,270
Marlin,Reeson,mreeson7i@omniture.com,Male,271
Eugine,Keel,ekeel7j@lycos.com,Female,272
Osbert,Eisak,oeisak7k@opensource.org,Male,273
Wyn,Ackenson,wackenson7l@privacy.gov.au,Male,274
Janeta,Chesnut,jchesnut7m@twitter.com,Female,275
Janaye,Drewet,jdrewet7n@ebay.com,Female,276
Layton,Stirrup,lstirrup7o@pcworld.com,Male,277
Wenda,Bendle,wbendle7p@domainmarket.com,Agender,278
Pete,Millgate,pmillgate7q@mit.edu,Male,279
Vivyanne,Scranedge,vscranedge7r@woothemes.com,Female,280
Berna,Goulstone,bgoulstone7s@hud.gov,Female,281
Anne,Fenix,afenix7t@gravatar.com,Female,282
Erick,Franz-Schoninger,efranzschoninger7u@slashdot.org,Male,283
Tootsie,Acott,tacott7v@gravatar.com,Agender,284
Harmonia,Thumnel,hthumnel7w@flavors.me,Female,285
Dorri,Tight,dtight7x@admin.ch,Polygender,286
Lock,Klainman,lklainman7y@google.pl,Male,287
Yehudit,Josiah,yjosiah7z@t.co,Polygender,288
Haroun,Gokes,hgokes80@sfgate.com,Male,289
Corella,Wildbore,cwildbore81@ning.com,Female,290
Gustavo,McLleese,gmclleese82@1und1.de,Male,291
Sheffie,Haggish,shaggish83@time.com,Male,292
Layne,Greguol,lgreguol84@sitemeter.com,Female,293
Reyna,Bagg,rbagg85@mlb.com,Female,294
Corbett,Praton,cpraton86@weather.com,Male,295
June,Oury,joury87@ezinearticles.com,Female,296
Sallyanne,Veljes,sveljes88@nytimes.com,Female,297
Duffie,Gulleford,dgulleford89@tripadvisor.com,Male,298
Maisey,Mabbot,mmabbot8a@chron.com,Female,299
Brant,Birdwhistle,bbirdwhistle8b@hc360.com,Male,300
Lynelle,Collough,lcollough8c@ovh.net,Female,301
Mariel,Ghelerdini,mghelerdini8d@google.nl,Female,302
Kerwin,Stonbridge,kstonbridge8e@sourceforge.net,Male,303
Oralla,Gamble,ogamble8f@wikia.com,Female,304
Jackson,Atwood,jatwood8g@chron.com,Male,305
Konstantin,Buckberry,kbuckberry8h@omniture.com,Male,306
Brien,Gaine,bgaine8i@engadget.com,Male,307
Kary,Crumly,kcrumly8j@nytimes.com,Female,308
Joseito,Merida,jmerida8k@npr.org,Male,309
Dalt,Kilmister,dkilmister8l@t.co,Male,310
Bennie,Campbell-Dunlop,bcampbelldunlop8m@dmoz.org,Female,311
Ewart,Haps,ehaps8n@goo.ne.jp,Male,312
Link,Turone,lturone8o@shinystat.com,Male,313
Reggy,Targett,rtargett8p@shinystat.com,Male,314
Jolee,McCrie,jmccrie8q@omniture.com,Female,315
Homerus,Skingley,hskingley8r@github.io,Male,316
Lovell,Demange,ldemange8s@illinois.edu,Male,317
Rosalind,Danilovich,rdanilovich8t@who.int,Female,318
Catherin,Ferns,cferns8u@surveymonkey.com,Female,319
Teressa,Cakes,tcakes8v@census.gov,Female,320
Son,Hedingham,shedingham8w@dmoz.org,Male,321
Margette,Maggi,mmaggi8x@vk.com,Female,322
Gwenni,Exposito,gexposito8y@typepad.com,Female,323
Alfi,Gash,agash8z@cornell.edu,Female,324
Baxie,Royall,broyall90@ox.ac.uk,Male,325
Feliza,Pailin,fpailin91@sakura.ne.jp,Genderqueer,326
Amelina,Urey,aurey92@nps.gov,Female,327
Ricoriki,Conquer,rconquer93@forbes.com,Male,328
Gray,Haps,ghaps94@aol.com,Bigender,329
Melesa,Dunbobin,mdunbobin95@sina.com.cn,Female,330
Brooks,Pedwell,bpedwell96@biglobe.ne.jp,Female,331
Timmy,Le Moucheux,tlemoucheux97@github.com,Female,332
Dalli,Schubert,dschubert98@wikipedia.org,Male,333
Zabrina,Steade,zsteade99@163.com,Female,334
Vaclav,Edinburough,vedinburough9a@weibo.com,Male,335
Laird,Massimo,lmassimo9b@scientificamerican.com,Male,336
Romain,McGonagle,rmcgonagle9c@ox.ac.uk,Male,337
Octavia,Stockford,ostockford9d@walmart.com,Female,338
Abby,Bauduccio,abauduccio9e@lulu.com,Male,339
Arvy,Pietzke,apietzke9f@google.de,Male,340
Riley,Chimes,rchimes9g@dot.gov,Male,341
Danie,Nowakowski,dnowakowski9h@paypal.com,Male,342
Fred,Crayk,fcrayk9i@digg.com,Male,343
Skelly,Josefsen,sjosefsen9j@imdb.com,Male,344
Stafford,Lardez,slardez9k@wikimedia.org,Male,345
Annmarie,Rawet,arawet9l@samsung.com,Agender,346
Kris,MacKeeg,kmackeeg9m@elpais.com,Female,347
Tammie,Skeffington,tskeffington9n@nifty.com,Male,348
Vernice,Fairpool,vfairpool9o@newsvine.com,Female,349
Onida,Stansby,ostansby9p@shareasale.com,Female,350
Arv,Chartres,achartres9q@hexun.com,Male,351
Humfrid,Alessandretti,halessandretti9r@imgur.com,Male,352
Chilton,Gleave,cgleave9s@patch.com,Male,353
Holly,Masterson,hmasterson9t@nsw.gov.au,Genderqueer,354
Dan,Meller,dmeller9u@baidu.com,Male,355
Matthias,Kingswold,mkingswold9v@infoseek.co.jp,Male,356
Blane,Taillant,btaillant9w@symantec.com,Male,357
Jeanelle,Krook,jkrook9x@is.gd,Female,358
Vernen,Cluatt,vcluatt9y@pen.io,Male,359
Walton,Staines,wstaines9z@shinystat.com,Male,360
Lavena,Planque,lplanquea0@cyberchimps.com,Female,361
Clifford,Cuddihy,ccuddihya1@dmoz.org,Male,362
Leigha,Cristofol,lcristofola2@whitehouse.gov,Bigender,363
Stephi,Rolse,srolsea3@bing.com,Female,364
Oren,Stidson,ostidsona4@springer.com,Male,365
Keefer,Kayne,kkaynea5@auda.org.au,Male,366
Syman,Durkin,sdurkina6@biglobe.ne.jp,Male,367
Ernie,Claypoole,eclaypoolea7@flickr.com,Polygender,368
Josiah,Yewdell,jyewdella8@narod.ru,Genderfluid,369
Xylina,Nevin,xnevina9@youtu.be,Female,370
Paige,Puleston,ppulestonaa@auda.org.au,Female,371
Jennilee,Shackleford,jshacklefordab@a8.net,Female,372
Michale,Astbury,mastburyac@who.int,Male,373
Aileen,Addenbrooke,aaddenbrookead@weibo.com,Female,374
Guy,Ferryman,gferrymanae@mashable.com,Genderfluid,375
Minnie,Maxweell,mmaxweellaf@cloudflare.com,Female,376
Karney,Enright,kenrightag@networkadvertising.org,Male,377
Cointon,Bull,cbullah@t-online.de,Male,378
Helen-elizabeth,Gosswell,hgosswellai@shutterfly.com,Genderfluid,379
Francois,Walding,fwaldingaj@w3.org,Male,380
Ed,Manson,emansonak@baidu.com,Male,381
Beniamino,Varns,bvarnsal@booking.com,Male,382
Ailyn,Bails,abailsam@g.co,Female,383
Kellyann,Bascomb,kbascomban@archive.org,Female,384
Dita,Huxley,dhuxleyao@mail.ru,Female,385
Hadrian,Riveles,hrivelesap@shop-pro.jp,Male,386
Gib,Poate,gpoateaq@whitehouse.gov,Male,387
Lucien,Yves,lyvesar@blog.com,Male,388
Wyn,Petrishchev,wpetrishchevas@home.pl,Male,389
Hadley,Rothery,hrotheryat@squidoo.com,Male,390
Bailey,Damato,bdamatoau@boston.com,Male,391
Mabel,Romi,mromiav@marketwatch.com,Female,392
Brandon,Moiser,bmoiseraw@springer.com,Male,393
Rufe,Mellon,rmellonax@mysql.com,Male,394
Tami,Scothorn,tscothornay@adobe.com,Female,395
Hector,Pothbury,hpothburyaz@soup.io,Male,396
Crysta,Hunter,chunterb0@theguardian.com,Female,397
Sile,Hew,shewb1@alexa.com,Female,398
Eamon,Rivenzon,erivenzonb2@fc2.com,Male,399
Bill,Le Quesne,blequesneb3@nymag.com,Female,400
Brina,Rugiero,brugierob4@latimes.com,Female,401
De witt,Digan,ddiganb5@usgs.gov,Male,402
Bernarr,Stidworthy,bstidworthyb6@discovery.com,Male,403
Laural,Figgures,lfigguresb7@geocities.jp,Female,404
Granger,Chucks,gchucksb8@plala.or.jp,Male,405
Pammie,Ludwig,pludwigb9@blogspot.com,Female,406
Waylan,Blucher,wblucherba@noaa.gov,Genderfluid,407
Joice,Irnys,jirnysbb@fema.gov,Female,408
Salvador,Christoffels,schristoffelsbc@forbes.com,Male,409
Deena,Canavan,dcanavanbd@blogtalkradio.com,Female,410
Jenilee,Witson,jwitsonbe@hubpages.com,Female,411
Catharina,Elcom,celcombf@gizmodo.com,Female,412
Sammie,Minster,sminsterbg@mtv.com,Male,413
Barclay,Jenkyn,bjenkynbh@tinypic.com,Male,414
Judon,McShirrie,jmcshirriebi@eventbrite.com,Male,415
Demetra,Broadhead,dbroadheadbj@squidoo.com,Agender,416
Seka,Newens,snewensbk@rakuten.co.jp,Female,417
Kalindi,Bigglestone,kbigglestonebl@mlb.com,Female,418
Phillie,Steketee,psteketeebm@forbes.com,Female,419
Ange,Agar,aagarbn@odnoklassniki.ru,Female,420
Berta,Cuphus,bcuphusbo@goo.gl,Female,421
Lissie,Dowthwaite,ldowthwaitebp@oaic.gov.au,Female,422
Antonella,Tromans,atromansbq@twitpic.com,Female,423
Ashley,Clapston,aclapstonbr@google.com.hk,Genderfluid,424
Shaina,Mordon,smordonbs@msu.edu,Female,425
Paten,Gunter,pgunterbt@deliciousdays.com,Male,426
Mendie,Chiommienti,mchiommientibu@fema.gov,Male,427
Tresa,Dy,tdybv@discovery.com,Genderqueer,428
Fredelia,Ianne,fiannebw@unesco.org,Genderqueer,429
Leonie,Esh,leshbx@go.com,Female,430
Ariel,Goodlip,agoodlipby@foxnews.com,Male,431
Hyacinth,Ajsik,hajsikbz@goodreads.com,Female,432
Arabela,Willman,awillmanc0@eepurl.com,Female,433
Lowell,Bhatia,lbhatiac1@example.com,Male,434
Regen,Langsbury,rlangsburyc2@columbia.edu,Male,435
Suki,Rivitt,srivittc3@washington.edu,Female,436
Lyell,Shimoni,lshimonic4@prlog.org,Male,437
Fredrick,Hinksen,fhinksenc5@cornell.edu,Male,438
Holly,Brooking,hbrookingc6@typepad.com,Male,439
Loise,Prenty,lprentyc7@wufoo.com,Female,440
Rodney,Loker,rlokerc8@smh.com.au,Male,441
Pablo,Massel,pmasselc9@deliciousdays.com,Male,442
Joelly,Simonich,jsimonichca@e-recht24.de,Agender,443
Giuseppe,Rotge,grotgecb@vimeo.com,Male,444
Germaine,Meeson,gmeesoncc@aboutads.info,Male,445
Lawrence,Minghetti,lminghetticd@wunderground.com,Male,446
Germayne,Shellsheere,gshellsheerece@senate.gov,Male,447
Zaneta,Gaveltone,zgaveltonecf@discovery.com,Female,448
Willard,Sollam,wsollamcg@elpais.com,Male,449
Taryn,Dunsmore,tdunsmorech@eventbrite.com,Female,450
Lisabeth,Cornner,lcornnerci@ucoz.ru,Female,451
Dasya,Wooderson,dwoodersoncj@ovh.net,Female,452
Levi,Collie,lcollieck@de.vu,Male,453
Krystyna,Minors,kminorscl@behance.net,Female,454
Lonnard,Hartus,lhartuscm@mayoclinic.com,Male,455
Merola,Westmerland,mwestmerlandcn@aol.com,Female,456
Kimmy,Woodhams,kwoodhamsco@weather.com,Female,457
Diann,Larver,dlarvercp@cnn.com,Female,458
Rozelle,Kummerlowe,rkummerlowecq@is.gd,Female,459
Thayne,Yong,tyongcr@google.fr,Male,460
Annie,Petters,apetterscs@wikimedia.org,Female,461
Nataline,Hynard,nhynardct@flickr.com,Female,462
See,Chmarny,schmarnycu@cisco.com,Male,463
Britni,McKenzie,bmckenziecv@dion.ne.jp,Female,464
Eleen,O'Shevlin,eoshevlincw@freewebs.com,Female,465
Martie,Pandie,mpandiecx@shinystat.com,Male,466
Raphael,Beaument,rbeaumentcy@wufoo.com,Male,467
Kata,Kilborn,kkilborncz@mysql.com,Female,468
Guillaume,Miners,gminersd0@sphinn.com,Male,469
Malena,Gye,mgyed1@webs.com,Non-binary,470
Cathee,Owers,cowersd2@cdbaby.com,Female,471
Jeramie,Eyton,jeytond3@ebay.com,Agender,472
Sammy,Heathfield,sheathfieldd4@wufoo.com,Male,473
Calli,Reisenstein,creisensteind5@businessinsider.com,Female,474
Kelci,Gooke,kgooked6@friendfeed.com,Female,475
Monte,Wabey,mwabeyd7@utexas.edu,Male,476
Jammal,Marlow,jmarlowd8@cmu.edu,Agender,477
Jason,Tween,jtweend9@printfriendly.com,Male,478
Vernice,Delafoy,vdelafoyda@gnu.org,Female,479
Jaimie,Lapides,jlapidesdb@drupal.org,Agender,480
Kendre,Antonacci,kantonaccidc@state.tx.us,Female,481
Dexter,Kenforth,dkenforthdd@ebay.com,Male,482
Patrica,Baume,pbaumede@google.com.au,Female,483
Raye,Geoghegan,rgeoghegandf@angelfire.com,Female,484
Marty,Fozzard,mfozzarddg@etsy.com,Male,485
Karisa,Friedank,kfriedankdh@gnu.org,Genderqueer,486
Keefe,Hanbury-Brown,khanburybrowndi@example.com,Male,487
Ava,Kaubisch,akaubischdj@java.com,Female,488
Shay,Tincknell,stincknelldk@skype.com,Male,489
Kurtis,Wombwell,kwombwelldl@twitter.com,Male,490
David,Haythorn,dhaythorndm@bizjournals.com,Male,491
Innis,Swains,iswainsdn@fastcompany.com,Male,492
Clarie,Pumfrey,cpumfreydo@hp.com,Female,493
Dari,Allam,dallamdp@typepad.com,Bigender,494
Carlin,Dalliwater,cdalliwaterdq@mysql.com,Female,495
Samantha,Pheazey,spheazeydr@amazon.co.uk,Female,496
Abran,Aucoate,aaucoateds@unc.edu,Male,497
Yurik,Colgrave,ycolgravedt@mapy.cz,Polygender,498
Aubrey,Gothard,agotharddu@netlog.com,Male,499
Vinnie,Deyes,vdeyesdv@dailymotion.com,Male,500
Boony,Ilymanov,bilymanovdw@google.fr,Polygender,501
Leonhard,Buggs,lbuggsdx@mashable.com,Male,502
Robinia,Hitzmann,rhitzmanndy@oakley.com,Female,503
Belinda,Delyth,bdelythdz@zimbio.com,Female,504
Eve,Stearndale,estearndalee0@ft.com,Female,505
Patty,Mynard,pmynarde1@nyu.edu,Male,506
Trefor,Lyddiatt,tlyddiatte2@biglobe.ne.jp,Male,507
Gilburt,Etherton,gethertone3@wordpress.com,Male,508
Diahann,Huygens,dhuygense4@narod.ru,Female,509
Lyn,Hatherall,lhatheralle5@deviantart.com,Female,510
Carissa,Mandal,cmandale6@dropbox.com,Female,511
Breena,Blazek,bblazeke7@ebay.com,Female,512
Lorie,Hardington,lhardingtone8@goo.ne.jp,Female,513
Rog,Greenhalf,rgreenhalfe9@examiner.com,Male,514
Monti,Barrowcliff,mbarrowcliffea@weebly.com,Male,515
Kerrin,Ebhardt,kebhardteb@hhs.gov,Female,516
Fara,Oakenfield,foakenfieldec@telegraph.co.uk,Female,517
Verge,Wilcher,vwilchered@mail.ru,Male,518
Bernarr,Christoffe,bchristoffeee@timesonline.co.uk,Male,519
Annamarie,Perfect,aperfectef@oaic.gov.au,Female,520
Frannie,Shutle,fshutleeg@msn.com,Male,521
Cacilie,Digle,cdigleeh@51.la,Female,522
Celie,Crowch,ccrowchei@com.com,Female,523
Miller,Grog,mgrogej@about.me,Male,524
Austin,Jent,ajentek@sitemeter.com,Male,525
Nealson,Brighty,nbrightyel@mapquest.com,Male,526
Dawn,Darnborough,ddarnboroughem@dmoz.org,Female,527
Bennie,Danjoie,bdanjoieen@businesswire.com,Male,528
Rudd,Silberschatz,rsilberschatzeo@nba.com,Male,529
Eugenius,Alloway,eallowayep@japanpost.jp,Male,530
Fitzgerald,Maypole,fmaypoleeq@mapquest.com,Male,531
Maureen,Bolliver,mbolliverer@deliciousdays.com,Female,532
Hobart,McWhannel,hmcwhanneles@narod.ru,Male,533
Hebert,Pohls,hpohlset@taobao.com,Male,534
Stephie,Stotherfield,sstotherfieldeu@youtube.com,Female,535
Brena,Scrinage,bscrinageev@blogtalkradio.com,Female,536
Claus,Dybald,cdybaldew@elpais.com,Male,537
Bonnie,Chimienti,bchimientiex@blogger.com,Female,538
Val,Flemyng,vflemyngey@plala.or.jp,Male,539
Arne,Aysik,aaysikez@npr.org,Male,540
Kennan,Bladge,kbladgef0@wsj.com,Male,541
Maitilde,Andrey,mandreyf1@weibo.com,Female,542
Janetta,Profit,jprofitf2@1und1.de,Female,543
Brenn,Feander,bfeanderf3@dedecms.com,Female,544
Manon,Derl,mderlf4@abc.net.au,Genderfluid,545
Salomo,Roubert,sroubertf5@intel.com,Male,546
Christy,Adamson,cadamsonf6@toplist.cz,Male,547
Mareah,Garforth,mgarforthf7@51.la,Female,548
Ricki,Mc Meekan,rmcmeekanf8@yellowbook.com,Male,549
Clementina,Goor,cgoorf9@twitpic.com,Genderqueer,550
Jody,Fuggle,jfugglefa@tripod.com,Genderqueer,551
Fred,McSpirron,fmcspirronfb@indiegogo.com,Female,552
Klement,Kinglesyd,kkinglesydfc@imageshack.us,Male,553
Silas,Peeke,speekefd@chron.com,Male,554
Savina,Iffe,siffefe@ustream.tv,Female,555
Suzann,Constance,sconstanceff@senate.gov,Female,556
Yancey,Snoxall,ysnoxallfg@printfriendly.com,Male,557
Opalina,Rowthorn,orowthornfh@upenn.edu,Female,558
Garrott,Reeken,greekenfi@cornell.edu,Male,559
Lutero,Crowne,lcrownefj@state.tx.us,Male,560
Thorin,Greathead,tgreatheadfk@prnewswire.com,Male,561
Thom,Bonnell,tbonnellfl@ox.ac.uk,Male,562
Mycah,Forkan,mforkanfm@google.com.au,Male,563
Warden,Baseley,wbaseleyfn@si.edu,Male,564
Berty,Sprackling,bspracklingfo@fc2.com,Female,565
Martynne,Klulisek,mklulisekfp@livejournal.com,Genderfluid,566
Flora,Hessle,fhesslefq@usa.gov,Female,567
Chrysler,Bortolutti,cbortoluttifr@technorati.com,Female,568
Harlie,Dragge,hdraggefs@dion.ne.jp,Female,569
Mano,Glaysher,mglaysherft@furl.net,Male,570
Lissa,Pilmoor,lpilmoorfu@wiley.com,Female,571
Tilly,Coppard,tcoppardfv@wordpress.com,Agender,572
Odilia,Abbitt,oabbittfw@census.gov,Female,573
Farica,Ibeson,fibesonfx@cargocollective.com,Female,574
Meggi,Higford,mhigfordfy@wp.com,Female,575
Jeannette,Hallan,jhallanfz@mlb.com,Female,576
Toddie,Ghelardi,tghelardig0@canalblog.com,Male,577
Nari,Goulborn,ngoulborng1@upenn.edu,Female,578
Kendrick,Domoni,kdomonig2@weebly.com,Male,579
Rhett,Moss,rmossg3@t-online.de,Non-binary,580
Neille,Magnay,nmagnayg4@omniture.com,Female,581
Norine,Doggrell,ndoggrellg5@constantcontact.com,Female,582
Otha,Learmouth,olearmouthg6@ucoz.com,Female,583
Eli,Rea,ereag7@is.gd,Male,584
Scottie,Linsey,slinseyg8@diigo.com,Male,585
Sophronia,Le land,slelandg9@zimbio.com,Female,586
Viviene,Veregan,vvereganga@loc.gov,Female,587
Patsy,Gilbertson,pgilbertsongb@people.com.cn,Male,588
Locke,Scantleberry,lscantleberrygc@thetimes.co.uk,Male,589
Teresa,Cutchee,tcutcheegd@posterous.com,Non-binary,590
Tabbie,Leppingwell,tleppingwellge@wsj.com,Male,591
Torre,Cowins,tcowinsgf@webs.com,Male,592
Darwin,Trumper,dtrumpergg@springer.com,Male,593
Kaspar,Jeandeau,kjeandeaugh@usnews.com,Male,594
Dill,Bernhard,dbernhardgi@drupal.org,Male,595
Ardene,Bumfrey,abumfreygj@mtv.com,Female,596
Parnell,Deverick,pdeverickgk@intel.com,Male,597
Rourke,Phear,rpheargl@illinois.edu,Male,598
Elizabet,Shave,eshavegm@arstechnica.com,Female,599
Richmound,Kelso,rkelsogn@cpanel.net,Male,600
Morten,Robbs,mrobbsgo@gov.uk,Male,601
Sidonnie,Bentame,sbentamegp@eventbrite.com,Female,602
Cele,Garstang,cgarstanggq@newyorker.com,Female,603
Carree,Ibbitt,cibbittgr@cmu.edu,Female,604
Vevay,Galtone,vgaltonegs@wired.com,Female,605
Elvis,Strathern,estratherngt@nih.gov,Male,606
Celestina,Pech,cpechgu@statcounter.com,Female,607
Tamara,Caccavari,tcaccavarigv@nhs.uk,Female,608
Georgeta,Menary,gmenarygw@narod.ru,Bigender,609
Daisie,Elmore,delmoregx@ifeng.com,Female,610
Harcourt,Faltin,hfaltingy@vkontakte.ru,Male,611
Michaela,Laraway,mlarawaygz@theguardian.com,Polygender,612
Wanda,Connew,wconnewh0@eepurl.com,Female,613
Therine,MacLaughlin,tmaclaughlinh1@europa.eu,Female,614
Antone,Caldicott,acaldicotth2@rakuten.co.jp,Male,615
Orv,Kits,okitsh3@apple.com,Male,616
Deidre,Scarborough,dscarboroughh4@telegraph.co.uk,Female,617
Granthem,Bodimeade,gbodimeadeh5@tripadvisor.com,Male,618
Perry,Muckeen,pmuckeenh6@indiatimes.com,Male,619
Ky,Girton,kgirtonh7@cdbaby.com,Male,620
Isabella,Duffyn,iduffynh8@oakley.com,Female,621
Wang,O'Hara,woharah9@linkedin.com,Male,622
Felicia,Pagelsen,fpagelsenha@wisc.edu,Female,623
Aylmer,Henighan,ahenighanhb@hao123.com,Male,624
Mayne,Gallahar,mgallaharhc@amazon.de,Male,625
Tamara,Seyfart,tseyfarthd@storify.com,Female,626
Sarena,Leetham,sleethamhe@tripod.com,Female,627
Monica,Bonner,mbonnerhf@arstechnica.com,Female,628
Ramsey,Govini,rgovinihg@umich.edu,Male,629
Kally,Brymham,kbrymhamhh@liveinternet.ru,Female,630
Lynea,Barlace,lbarlacehi@list-manage.com,Female,631
Dannie,Gumm,dgummhj@wordpress.com,Male,632
Joan,Hartil,jhartilhk@altervista.org,Female,633
Lenora,Wallsam,lwallsamhl@acquirethisname.com,Female,634
Ellerey,Heinicke,eheinickehm@cdc.gov,Male,635
Lissi,Houlworth,lhoulworthhn@geocities.jp,Female,636
Carey,Geertsen,cgeertsenho@technorati.com,Female,637
Tracie,Petticrow,tpetticrowhp@jigsy.com,Genderfluid,638
Lonnie,Andrasch,landraschhq@spiegel.de,Female,639
Wain,Clay,wclayhr@acquirethisname.com,Male,640
Obidiah,Tither,otitherhs@blinklist.com,Male,641
Federica,Silber,fsilberht@hc360.com,Female,642
Letta,Keal,lkealhu@so-net.ne.jp,Female,643
Idaline,Secret,isecrethv@prnewswire.com,Female,644
Oralie,Sykes,osykeshw@reverbnation.com,Female,645
Lucho,Balas,lbalashx@wikimedia.org,Male,646
Niki,Bambury,nbamburyhy@google.fr,Female,647
Grenville,Presland,gpreslandhz@weebly.com,Male,648
Grover,Llewellyn,gllewellyni0@multiply.com,Male,649
Gerrilee,Roskam,groskami1@icio.us,Female,650
Jane,Pratte,jprattei2@themeforest.net,Female,651
Eleanore,Maidens,emaidensi3@princeton.edu,Female,652
Lutero,Chin,lchini4@netscape.com,Male,653
Lucio,Scowcraft,lscowcrafti5@google.co.jp,Male,654
Faustine,Aleso,falesoi6@studiopress.com,Polygender,655
Krisha,Dilkes,kdilkesi7@odnoklassniki.ru,Male,656
Ealasaid,Greyes,egreyesi8@boston.com,Bigender,657
Arne,Boatright,aboatrighti9@over-blog.com,Male,658
Grayce,Loynton,gloyntonia@odnoklassniki.ru,Female,659
Maison,Dando,mdandoib@com.com,Male,660
Reynold,Barrass,rbarrassic@bigcartel.com,Male,661
Lucho,Aleksandrev,laleksandrevid@cdbaby.com,Non-binary,662
Sydney,Brittain,sbrittainie@google.com.br,Female,663
Jabez,Edridge,jedridgeif@umich.edu,Male,664
Scot,Dowles,sdowlesig@soup.io,Male,665
Tracey,MacCaughey,tmaccaugheyih@sakura.ne.jp,Male,666
Fowler,Plowes,fplowesii@gravatar.com,Male,667
Eduard,Brixey,ebrixeyij@apple.com,Male,668
Roberta,Vooght,rvooghtik@i2i.jp,Female,669
Manya,Yukhov,myukhovil@wp.com,Female,670
Leonard,Darwin,ldarwinim@skyrock.com,Male,671
Morey,Hutten,mhuttenin@soup.io,Male,672
Farr,Matzke,fmatzkeio@comsenz.com,Male,673
Blake,Ridwood,bridwoodip@pen.io,Female,674
Kalindi,Dohrmann,kdohrmanniq@mediafire.com,Female,675
Roslyn,Curston,rcurstonir@sciencedirect.com,Female,676
Jo,Cleaves,jcleavesis@craigslist.org,Female,677
Boy,McGrae,bmcgraeit@jiathis.com,Male,678
Gregoire,Burthom,gburthomiu@newyorker.com,Male,679
Major,Andreaccio,mandreaccioiv@artisteer.com,Male,680
Ilyssa,Pilbury,ipilburyiw@dropbox.com,Female,681
Umberto,Chastenet,uchastenetix@zimbio.com,Male,682
Olivier,Rorke,ororkeiy@ustream.tv,Male,683
Carmella,Stocks,cstocksiz@lycos.com,Female,684
Amberly,Ropartz,aropartzj0@imageshack.us,Female,685
Lilas,Figger,lfiggerj1@addtoany.com,Female,686
Gerrie,Woolfitt,gwoolfittj2@simplemachines.org,Female,687
Katerine,MacCaghan,kmaccaghanj3@wikia.com,Female,688
Berke,Currington,bcurringtonj4@ed.gov,Genderfluid,689
Vivianna,Hoyte,vhoytej5@g.co,Female,690
Raul,Forestel,rforestelj6@google.pl,Male,691
Silvain,Warboy,swarboyj7@w3.org,Bigender,692
Noami,McCafferty,nmccaffertyj8@springer.com,Female,693
Shay,Poulton,spoultonj9@ft.com,Male,694
Jody,Easeman,jeasemanja@economist.com,Female,695
Elene,Cavil,ecaviljb@globo.com,Female,696
Bordy,Treslove,btreslovejc@photobucket.com,Male,697
Carey,Dunning,cdunningjd@fotki.com,Female,698
Dix,Benbough,dbenboughje@reuters.com,Female,699
Renate,Grassick,rgrassickjf@ebay.co.uk,Female,700
Goldia,Isacq,gisacqjg@mediafire.com,Female,701
Nalani,Amberson,nambersonjh@accuweather.com,Female,702
Maris,Augustine,maugustineji@china.com.cn,Female,703
Clarisse,Battye,cbattyejj@gov.uk,Female,704
Reece,Banker,rbankerjk@ovh.net,Male,705
Jacquelynn,Fusco,jfuscojl@kickstarter.com,Female,706
Zarah,Scading,zscadingjm@cdbaby.com,Female,707
Bevin,Gori,bgorijn@sourceforge.net,Male,708
Mindy,Shurrocks,mshurrocksjo@umich.edu,Female,709
Zebedee,Ferfulle,zferfullejp@dot.gov,Polygender,710
Marigold,Pedri,mpedrijq@facebook.com,Female,711
Karolina,Ciubutaro,kciubutarojr@bizjournals.com,Agender,712
Marshall,Benedick,mbenedickjs@harvard.edu,Male,713
Irma,Jagiello,ijagiellojt@jugem.jp,Female,714
Merrilee,O'Lyhane,molyhaneju@lycos.com,Female,715
Cary,Hadley,chadleyjv@jiathis.com,Male,716
Tremain,Heskin,theskinjw@census.gov,Male,717
Eliot,Orritt,eorrittjx@tumblr.com,Male,718
Stephi,Edmott,sedmottjy@cdbaby.com,Female,719
Jany,Geely,jgeelyjz@cbsnews.com,Female,720
Devinne,Pierri,dpierrik0@narod.ru,Female,721
Base,Josse,bjossek1@unicef.org,Male,722
Melania,Dumphrey,mdumphreyk2@earthlink.net,Female,723
Boyce,Sworn,bswornk3@dot.gov,Male,724
Corbie,Bilyard,cbilyardk4@amazon.co.jp,Male,725
Alwyn,Bessent,abessentk5@oaic.gov.au,Male,726
Mitch,Lude,mludek6@google.de,Male,727
Benito,Commander,bcommanderk7@walmart.com,Male,728
Harrie,Cammidge,hcammidgek8@abc.net.au,Female,729
Jabez,Kelsell,jkelsellk9@buzzfeed.com,Male,730
Paulie,Jeffes,pjeffeska@scribd.com,Female,731
Pauly,Geekie,pgeekiekb@drupal.org,Female,732
Adham,Mc Gaughey,amcgaugheykc@reddit.com,Male,733
Jo-ann,Welland,jwellandkd@jimdo.com,Female,734
Judi,Hannaby,jhannabyke@google.ca,Female,735
Ethe,Barber,ebarberkf@devhub.com,Male,736
Elane,Hinnerk,ehinnerkkg@soup.io,Female,737
Emmie,Enos,eenoskh@cam.ac.uk,Female,738
Gwenette,Markwick,gmarkwickki@nba.com,Female,739
Kim,McBean,kmcbeankj@businessweek.com,Male,740
Thibaut,Crowdace,tcrowdacekk@theglobeandmail.com,Male,741
Flory,Cockshott,fcockshottkl@sun.com,Female,742
Sher,Ciotti,sciottikm@goo.ne.jp,Female,743
Tomasina,Shitliff,tshitliffkn@google.com.hk,Female,744
Timotheus,Andreazzi,tandreazziko@e-recht24.de,Male,745
Queenie,Gantzer,qgantzerkp@networksolutions.com,Female,746
Winni,Canedo,wcanedokq@soup.io,Female,747
Ruddy,De la Harpe,rdelaharpekr@arizona.edu,Male,748
Natal,Sein,nseinks@usa.gov,Male,749
Herman,Ferdinand,hferdinandkt@ycombinator.com,Male,750
Paxon,Locard,plocardku@cpanel.net,Male,751
Yvor,Bisco,ybiscokv@archive.org,Male,752
Lawrence,Domesday,ldomesdaykw@constantcontact.com,Male,753
Kimmi,Whipple,kwhipplekx@washingtonpost.com,Female,754
Tybalt,Trunby,ttrunbyky@wikimedia.org,Genderqueer,755
Myranda,Weddeburn,mweddeburnkz@unc.edu,Non-binary,756
Mandy,Voas,mvoasl0@google.es,Female,757
Boigie,Polendine,bpolendinel1@harvard.edu,Male,758
Renado,Kleinpeltz,rkleinpeltzl2@feedburner.com,Male,759
Shawna,Reavey,sreaveyl3@ucla.edu,Female,760
Caren,Whalebelly,cwhalebellyl4@columbia.edu,Female,761
Cointon,Hartlebury,chartleburyl5@de.vu,Male,762
Mickie,Gavagan,mgavaganl6@blogs.com,Female,763
Quinta,Merriday,qmerridayl7@japanpost.jp,Female,764
Nikki,Moysey,nmoyseyl8@cam.ac.uk,Female,765
Freddie,Hills,fhillsl9@sphinn.com,Male,766
Christophe,Malenfant,cmalenfantla@unesco.org,Male,767
Olivia,Winterson,owintersonlb@rediff.com,Female,768
Klarrisa,Piquard,kpiquardlc@wikia.com,Female,769
Griz,Copson,gcopsonld@arstechnica.com,Male,770
Walsh,Owlner,wowlnerle@bravesites.com,Male,771
Cristen,Trawin,ctrawinlf@thetimes.co.uk,Female,772
Benn,Butterwick,bbutterwicklg@harvard.edu,Male,773
Maynard,Heavens,mheavenslh@youku.com,Male,774
Merrill,MacPherson,mmacphersonli@twitpic.com,Male,775
Harvey,Ortsmann,hortsmannlj@cam.ac.uk,Male,776
Clarisse,Jobin,cjobinlk@paypal.com,Female,777
Ruddie,Burchett,rburchettll@discovery.com,Polygender,778
Karil,Hathorn,khathornlm@admin.ch,Agender,779
Koren,Agron,kagronln@bravesites.com,Female,780
Shermie,Thoumas,sthoumaslo@usda.gov,Male,781
Jody,Prater,jpraterlp@imgur.com,Male,782
Ira,Connechie,iconnechielq@twitpic.com,Male,783
Josiah,Laurentino,jlaurentinolr@blogger.com,Male,784
Heidi,Bedenham,hbedenhamls@google.co.jp,Female,785
Allissa,Nizard,anizardlt@ocn.ne.jp,Female,786
Chen,Waison,cwaisonlu@reuters.com,Male,787
Wren,Dudgeon,wdudgeonlv@ameblo.jp,Female,788
Alikee,Mercik,amerciklw@patch.com,Female,789
Nicolis,Abbatini,nabbatinilx@foxnews.com,Male,790
Elly,Daice,edaicely@adobe.com,Female,791
Teador,Eyree,teyreelz@biblegateway.com,Male,792
Shepard,Grzelczak,sgrzelczakm0@nationalgeographic.com,Male,793
Lorry,Allworthy,lallworthym1@google.nl,Male,794
Pietro,Haslum,phaslumm2@fotki.com,Male,795
Turner,Buyers,tbuyersm3@moonfruit.com,Male,796
Joete,Pittman,jpittmanm4@jugem.jp,Female,797
Anna-diana,Vuitte,avuittem5@yandex.ru,Female,798
Aymer,Tolomei,atolomeim6@cmu.edu,Male,799
Gizela,Johnigan,gjohniganm7@de.vu,Female,800
Goldi,Bryan,gbryanm8@youtube.com,Female,801
Cariotta,Taggert,ctaggertm9@spotify.com,Female,802
Fraze,Pacheco,fpachecoma@123-reg.co.uk,Male,803
Evey,Barrett,ebarrettmb@joomla.org,Female,804
Ginevra,Lewsie,glewsiemc@shinystat.com,Non-binary,805
Philbert,Fransewich,pfransewichmd@comsenz.com,Male,806
Hazlett,Beagles,hbeaglesme@wix.com,Male,807
Alicia,Critten,acrittenmf@tripadvisor.com,Female,808
Peggi,Beeken,pbeekenmg@unesco.org,Female,809
Hayward,Sunderland,hsunderlandmh@whitehouse.gov,Male,810
Walden,Ortiga,wortigami@a8.net,Male,811
Lisle,Ector,lectormj@histats.com,Genderqueer,812
Kennith,Whellans,kwhellansmk@wisc.edu,Male,813
Lennie,Marwick,lmarwickml@biblegateway.com,Male,814
Chance,Sivill,csivillmm@reddit.com,Male,815
Malcolm,Armand,marmandmn@sphinn.com,Male,816
Jeramey,Nunn,jnunnmo@amazon.com,Genderfluid,817
Marty,Rayment,mraymentmp@about.me,Female,818
Cos,Bust,cbustmq@home.pl,Male,819
Kleon,Spennock,kspennockmr@hexun.com,Male,820
Anabel,Ketteman,akettemanms@adobe.com,Female,821
Anallise,Cecere,aceceremt@youtube.com,Female,822
Gottfried,Tudor,gtudormu@wikimedia.org,Male,823
Romain,Heyball,rheyballmv@cafepress.com,Male,824
Barr,Vasyushkhin,bvasyushkhinmw@cyberchimps.com,Male,825
Kristal,Dumphrey,kdumphreymx@china.com.cn,Female,826
Nelle,Callacher,ncallachermy@etsy.com,Female,827
Estele,Vasilechko,evasilechkomz@w3.org,Female,828
Levy,Cattini,lcattinin0@theatlantic.com,Male,829
Rochell,Hanwell,rhanwelln1@fotki.com,Female,830
Niel,Fernley,nfernleyn2@over-blog.com,Male,831
Bernie,Crawford,bcrawfordn3@i2i.jp,Female,832
Casandra,Naerup,cnaerupn4@miitbeian.gov.cn,Female,833
Deborah,Ianson,diansonn5@com.com,Female,834
Tommie,Elnough,telnoughn6@networksolutions.com,Female,835
Burch,Moret,bmoretn7@wufoo.com,Male,836
Dun,Paradyce,dparadycen8@cnbc.com,Non-binary,837
Alvin,Rooney,arooneyn9@soundcloud.com,Male,838
Violetta,McMenamie,vmcmenamiena@scribd.com,Agender,839
Owen,Bugbee,obugbeenb@pagesperso-orange.fr,Male,840
Bartram,Dauber,bdaubernc@creativecommons.org,Male,841
Angy,Comellini,acomellinind@hud.gov,Female,842
Pen,Erbe,perbene@nymag.com,Male,843
Chelsie,Deeney,cdeeneynf@rambler.ru,Female,844
Raymond,Broadberry,rbroadberryng@dailymotion.com,Non-binary,845
Ivett,Kairns,ikairnsnh@apache.org,Female,846
Clare,Mayze,cmayzeni@sina.com.cn,Female,847
Sara,Paaso,spaasonj@amazon.de,Female,848
Erica,Fellini,efellinink@chicagotribune.com,Female,849
Bordie,Bensusan,bbensusannl@behance.net,Genderqueer,850
Meade,Grodden,mgroddennm@g.co,Male,851
Bartie,Kerry,bkerrynn@infoseek.co.jp,Male,852
Ryon,Davison,rdavisonno@msu.edu,Male,853
Lisette,Astupenas,lastupenasnp@blog.com,Female,854
Cymbre,Peddie,cpeddienq@tumblr.com,Female,855
Yale,Dorkens,ydorkensnr@ezinearticles.com,Male,856
Sterling,Todhunter,stodhunterns@so-net.ne.jp,Male,857
Lindy,Carpenter,lcarpenternt@cbslocal.com,Genderqueer,858
Marillin,Beney,mbeneynu@answers.com,Female,859
Cyndy,Heighton,cheightonnv@homestead.com,Agender,860
Free,Boyfield,fboyfieldnw@imageshack.us,Male,861
Isadora,Penbarthy,ipenbarthynx@sogou.com,Female,862
Nobie,Brierley,nbrierleyny@friendfeed.com,Male,863
Eliot,Skirven,eskirvennz@omniture.com,Male,864
Ferris,Kinnerk,fkinnerko0@zdnet.com,Genderqueer,865
Alvinia,Trumper,atrumpero1@aboutads.info,Female,866
Putnem,Sleney,psleneyo2@msn.com,Male,867
Chandler,Posselwhite,cposselwhiteo3@usnews.com,Male,868
Loralyn,Dory,ldoryo4@msu.edu,Female,869
Roselia,Wither,rwithero5@wikia.com,Genderqueer,870
Mireielle,Kleine,mkleineo6@google.cn,Female,871
Ollie,Shurmer,oshurmero7@newsvine.com,Male,872
Shepard,Hame,shameo8@live.com,Male,873
Polly,Larrie,plarrieo9@wikia.com,Female,874
Austina,Fanstone,afanstoneoa@yahoo.co.jp,Female,875
Griffith,Stonebridge,gstonebridgeob@ucla.edu,Male,876
Corrie,Olennikov,colennikovoc@behance.net,Male,877
Alejandrina,Spancock,aspancockod@abc.net.au,Female,878
Marieann,Sercombe,msercombeoe@theguardian.com,Female,879
Carmon,Sharrard,csharrardof@freewebs.com,Female,880
Jannelle,Renbold,jrenboldog@newyorker.com,Female,881
Aliza,Govinlock,agovinlockoh@wunderground.com,Female,882
Der,Maycock,dmaycockoi@cisco.com,Genderqueer,883
Bax,Ash,bashoj@w3.org,Male,884
Ulrika,Torre,utorreok@e-recht24.de,Female,885
Clair,Favel,cfavelol@homestead.com,Male,886
Phillipp,Burlay,pburlayom@netlog.com,Male,887
Ilene,Appleton,iappletonon@mediafire.com,Female,888
Atlante,Varden,avardenoo@accuweather.com,Female,889
Tyson,Cowin,tcowinop@businesswire.com,Male,890
Cathrine,Slevin,cslevinoq@nature.com,Female,891
Faunie,Allen,fallenor@xrea.com,Bigender,892
Karee,Cottem,kcottemos@si.edu,Female,893
Cornie,Huckfield,chuckfieldot@house.gov,Female,894
Winni,Worwood,wworwoodou@psu.edu,Genderqueer,895
Noemi,Blindt,nblindtov@storify.com,Female,896
Corby,Balloch,cballochow@comsenz.com,Male,897
Mandel,Joincey,mjoinceyox@irs.gov,Male,898
Kitty,Jenk,kjenkoy@stanford.edu,Female,899
Lishe,Killby,lkillbyoz@cargocollective.com,Female,900
Shepard,McDonnell,smcdonnellp0@dropbox.com,Male,901
Carlo,Willshere,cwillsherep1@e-recht24.de,Bigender,902
Paolo,Riveles,privelesp2@so-net.ne.jp,Male,903
Jewel,Acome,jacomep3@phpbb.com,Female,904
Rawley,Mixer,rmixerp4@huffingtonpost.com,Male,905
Ceil,Blewmen,cblewmenp5@pagesperso-orange.fr,Female,906
Otes,Pennacci,opennaccip6@aol.com,Male,907
Tracie,Linton,tlintonp7@tmall.com,Male,908
Tracie,Petrasso,tpetrassop8@digg.com,Female,909
Ramon,Checkley,rcheckleyp9@elegantthemes.com,Male,910
Stefania,Lathwood,slathwoodpa@t-online.de,Female,911
Wendye,Suddards,wsuddardspb@earthlink.net,Female,912
Carrol,Dudley,cdudleypc@reuters.com,Male,913
Riley,Thoday,rthodaypd@ibm.com,Bigender,914
Tibold,Bryan,tbryanpe@omniture.com,Male,915
Mord,Heers,mheerspf@alexa.com,Male,916
Hatty,Rew,hrewpg@wiley.com,Female,917
Brenden,Coppock.,bcoppockph@sina.com.cn,Male,918
Constanta,Redman,credmanpi@biblegateway.com,Female,919
Nikos,Southcomb,nsouthcombpj@amazon.co.jp,Genderqueer,920
Loren,Fidelus,lfideluspk@amazon.co.uk,Male,921
Gwynne,Cometto,gcomettopl@uiuc.edu,Bigender,922
Erina,Rominov,erominovpm@shop-pro.jp,Agender,923
Mordy,McLeod,mmcleodpn@hibu.com,Male,924
Cleon,Swatheridge,cswatheridgepo@jugem.jp,Male,925
Emogene,Tebbett,etebbettpp@opensource.org,Female,926
Andre,Balke,abalkepq@aboutads.info,Male,927
Kylie,Tolchar,ktolcharpr@moonfruit.com,Female,928
Patrizio,Welbelove,pwelbeloveps@360.cn,Male,929
Merrily,Lesper,mlesperpt@wsj.com,Female,930
Courtnay,Puckinghorne,cpuckinghornepu@blogspot.com,Male,931
Nichole,Strutton,nstruttonpv@printfriendly.com,Male,932
Millicent,O'Shaughnessy,moshaughnessypw@t-online.de,Female,933
Levon,Goodlake,lgoodlakepx@phpbb.com,Male,934
Almira,Rubinovici,arubinovicipy@yandex.ru,Female,935
Guthrie,Rennison,grennisonpz@netlog.com,Male,936
Carolus,Tew,ctewq0@house.gov,Male,937
Gwendolin,Bartol,gbartolq1@prnewswire.com,Bigender,938
Saloma,Gunthorpe,sgunthorpeq2@geocities.com,Female,939
Sophey,Boulsher,sboulsherq3@illinois.edu,Female,940
Juliette,Georgi,jgeorgiq4@yellowbook.com,Female,941
Dave,Jonin,djoninq5@state.tx.us,Male,942
Merci,Henricsson,mhenricssonq6@xrea.com,Female,943
Nellie,Chatt,nchattq7@google.co.uk,Female,944
Jenica,Shakeshaft,jshakeshaftq8@scientificamerican.com,Female,945
Viole,Priddey,vpriddeyq9@google.es,Female,946
Normand,Merryfield,nmerryfieldqa@lycos.com,Male,947
Anna-maria,Guidetti,aguidettiqb@com.com,Female,948
Boycie,Ewens,bewensqc@google.cn,Male,949
Ester,Charlewood,echarlewoodqd@yolasite.com,Female,950
Deb,Wickliffe,dwickliffeqe@goo.ne.jp,Female,951
Joela,Oxnam,joxnamqf@telegraph.co.uk,Female,952
Myles,Brosnan,mbrosnanqg@businessweek.com,Male,953
Walliw,Mont,wmontqh@answers.com,Female,954
Rachelle,Mourant,rmourantqi@alexa.com,Female,955
Sara-ann,Lattie,slattieqj@va.gov,Genderqueer,956
Joellyn,Doddemeede,jdoddemeedeqk@chicagotribune.com,Female,957
Ulrich,MacCombe,umaccombeql@ycombinator.com,Male,958
Yetty,Fist,yfistqm@paginegialle.it,Female,959
Jed,Athelstan,jathelstanqn@photobucket.com,Male,960
Kerry,Rieger,kriegerqo@sitemeter.com,Female,961
Teddi,Hanstock,thanstockqp@upenn.edu,Non-binary,962
Balduin,Stoltz,bstoltzqq@yale.edu,Male,963
Lurlene,Dilger,ldilgerqr@facebook.com,Female,964
Stephen,Folley,sfolleyqs@github.io,Male,965
Isa,Derrington,iderringtonqt@mozilla.org,Male,966
Tamera,Gaunson,tgaunsonqu@about.me,Female,967
Cecil,Dougliss,cdouglissqv@miitbeian.gov.cn,Female,968
Shaina,Goshawk,sgoshawkqw@themeforest.net,Female,969
Newton,Dominy,ndominyqx@nymag.com,Male,970
Ramon,Vaneschi,rvaneschiqy@technorati.com,Male,971
Bryn,Shortan,bshortanqz@bluehost.com,Male,972
Brand,Smitham,bsmithamr0@tmall.com,Male,973
Ailene,Stooders,astoodersr1@etsy.com,Female,974
Jermain,Beals,jbealsr2@ox.ac.uk,Male,975
Lyndsay,Argente,largenter3@eepurl.com,Female,976
Bud,Beswetherick,bbeswetherickr4@google.pl,Non-binary,977
Bea,Strathdee,bstrathdeer5@usa.gov,Female,978
Elizabeth,Morford,emorfordr6@engadget.com,Female,979
Padraic,Andrejevic,pandrejevicr7@tripod.com,Male,980
Sherm,Olland,sollandr8@hexun.com,Male,981
Katharine,Geistmann,kgeistmannr9@topsy.com,Female,982
Zebedee,Duffield,zduffieldra@furl.net,Male,983
Marj,Moan,mmoanrb@sakura.ne.jp,Female,984
Gay,Grouen,ggrouenrc@nymag.com,Male,985
Heinrick,Godleman,hgodlemanrd@nsw.gov.au,Male,986
Lindy,Deporte,ldeportere@reuters.com,Polygender,987
Reynolds,Wantling,rwantlingrf@bbc.co.uk,Non-binary,988
Lance,Gentsch,lgentschrg@ovh.net,Male,989
Abagael,Carette,acaretterh@mtv.com,Female,990
Ebba,Jaulme,ejaulmeri@pen.io,Female,991
Lowe,Dagnall,ldagnallrj@illinois.edu,Male,992
Trey,Ventom,tventomrk@ca.gov,Male,993
Carlie,Sydney,csydneyrl@nymag.com,Female,994
Daisy,Pynner,dpynnerrm@123-reg.co.uk,Female,995
Issie,Kerkham,ikerkhamrn@utexas.edu,Female,996
Suzette,Airs,sairsro@de.vu,Female,997
Ernesto,Fegan,efeganrp@github.com,Male,998
Scarface,Toovey,stooveyrq@hc360.com,Male,999
Bowie,Bezant,bbezantrr@sogou.com,Male,1000
