id,first_name,last_name,phone,email
1,Celeste,Baythorp,669-969-8586,cbaythorp0@earthlink.net
2,Farlay,Goshawke,101-566-0773,fgoshawke1@livejournal.com
3,Harley,Bartolommeo,633-316-9744,hbartolommeo2@ehow.com
4,Ashlan,Menico,200-357-1932,amenico3@netvibes.com
5,Pepito,Basnett,243-578-4720,pbasnett4@freewebs.com
6,Sherline,Magnar,726-992-7883,smagnar5@cbsnews.com
7,Eugen,Jiran,604-452-4122,ejiran6@ucoz.com
8,Jade,Doe,850-505-5341,jdoe7@cyberchimps.com
9,Marion,Zucker,886-929-4825,mzucker8@1688.com
10,Sigismondo,Screeton,486-993-5070,sscreeton9@sourceforge.net
11,Donn,Glidder,333-352-9425,dgliddera@hugedomains.com
12,Tadd,Kitchinham,722-683-7651,tkitchinhamb@uol.com.br
13,Shoshanna,Sheards,947-243-6663,ssheardsc@ted.com
14,Aube,Strowther,913-136-2328,astrowtherd@paginegialle.it
15,Shell,Abbotts,657-578-0969,sabbottse@businesswire.com
16,Ada,Wooddisse,143-859-2742,awooddissef@hexun.com
17,Penrod,Slayford,400-568-0823,pslayfordg@dell.com
18,Siouxie,Train,156-760-1137,strainh@so-net.ne.jp
19,Indira,Kikke,133-297-6544,ikikkei@creativecommons.org
20,Chrysler,Mair,798-397-5840,cmairj@hostgator.com
21,Mollee,Houndsom,963-328-7972,mhoundsomk@surveymonkey.com
22,Luci,Smallpiece,404-790-9903,lsmallpiecel@gizmodo.com
23,Udell,Stothart,806-693-9794,ustothartm@dmoz.org
24,Kippy,De Bruijne,549-730-0745,kdebruijnen@wiley.com
25,Kamila,Robe,580-608-0867,krobeo@sina.com.cn
26,Paten,Spickett,422-835-1546,pspickettp@phpbb.com
27,Cristabel,Patek,683-109-8564,cpatekq@washington.edu
28,Cordula,Puxley,971-901-0578,cpuxleyr@hibu.com
29,Beatrice,Leach,792-643-1986,bleachs@ezinearticles.com
30,Lothaire,Tubbs,144-805-0846,ltubbst@webeden.co.uk
31,Brett,Wallwood,244-901-7730,bwallwoodu@skype.com
32,Cammy,Bazelle,770-614-5113,cbazellev@uiuc.edu
33,Krystyna,Bernardino,550-532-3232,kbernardinow@ustream.tv
34,Britta,Rossin,164-872-9540,brossinx@skype.com
35,Viva,Beales,302-325-1977,vbealesy@shutterfly.com
36,Balduin,Schubbert,587-737-7540,bschubbertz@yandex.ru
37,Rosemaria,Skilling,768-178-0640,rskilling10@amazonaws.com
38,Aloysia,Hallett,920-492-8196,ahallett11@123-reg.co.uk
39,Judy,Piddick,565-841-3909,jpiddick12@wsj.com
40,Lyndell,Abrashkov,351-529-4408,labrashkov13@google.ca
41,Dare,Surgener,908-746-6328,dsurgener14@geocities.com
42,Freddie,Peacop,452-958-3684,fpeacop15@sfgate.com
43,Jeffy,Anderbrugge,915-899-5384,janderbrugge16@eventbrite.com
44,Roman,Caris,932-547-1662,rcaris17@theglobeandmail.com
45,Ky,Castillo,299-457-7603,kcastillo18@mediafire.com
46,Joannes,Withringten,682-198-5075,jwithringten19@de.vu
47,Rockey,Drissell,263-427-5885,rdrissell1a@dropbox.com
48,Donny,Wallenger,994-411-8774,dwallenger1b@privacy.gov.au
49,Matthaeus,Mellmer,235-462-8824,mmellmer1c@indiegogo.com
50,Randall,Kasperski,801-574-5749,rkasperski1d@fotki.com
51,Mirilla,Otteridge,502-730-0154,motteridge1e@imgur.com
52,Margi,Clemmow,796-555-2214,mclemmow1f@opensource.org
53,Sallie,Ingray,503-251-6151,singray1g@prlog.org
54,Garrard,Milhench,901-760-8800,gmilhench1h@cisco.com
55,Clemmy,McDermott-Row,810-578-8226,cmcdermottrow1i@cnbc.com
56,Alla,Caccavari,955-360-6913,acaccavari1j@blogspot.com
57,Devlin,Fosdick,394-990-1980,dfosdick1k@sfgate.com
58,Hestia,Crimp,305-168-1245,hcrimp1l@instagram.com
59,Abbe,Echallier,323-605-8351,aechallier1m@telegraph.co.uk
60,Lazaro,Roarty,410-459-0240,lroarty1n@dot.gov
61,Fae,Whitnall,627-658-1785,fwhitnall1o@independent.co.uk
62,Elli,Gateland,665-838-7094,egateland1p@oaic.gov.au
63,Gill,Dadge,630-891-5087,gdadge1q@com.com
64,Ric,Ugoletti,930-539-1351,rugoletti1r@ask.com
65,Reiko,Tosney,512-303-6358,rtosney1s@cdbaby.com
66,Earlie,Aldhouse,286-805-8289,ealdhouse1t@seesaa.net
67,Svend,McGorley,601-334-5057,smcgorley1u@princeton.edu
68,Adriane,Zwicker,648-103-8820,azwicker1v@hud.gov
69,Nicolai,Giottoi,186-212-5382,ngiottoi1w@oakley.com
70,Frederich,Lytle,995-992-9643,flytle1x@opensource.org
71,Haily,Braffington,343-882-2511,hbraffington1y@infoseek.co.jp
72,Addy,Brauninger,996-862-1442,abrauninger1z@lulu.com
73,Glyn,Pinilla,999-551-0368,gpinilla20@economist.com
74,Paton,Degnen,725-883-9150,pdegnen21@google.com.br
75,Karrah,Meachan,510-724-4445,kmeachan22@elpais.com
76,Amalia,Swatradge,537-241-8519,aswatradge23@wiley.com
77,Dave,Ivashev,920-865-1800,divashev24@wikimedia.org
78,Maggee,Megarrell,733-802-1696,mmegarrell25@facebook.com
79,Auria,Rudeyeard,639-327-7656,arudeyeard26@usda.gov
80,Thomasine,Rushbrooke,540-817-6526,trushbrooke27@weebly.com
81,Florry,Marchelli,173-518-9414,fmarchelli28@psu.edu
82,Ivett,Andreix,492-872-3263,iandreix29@un.org
83,Webb,Pea,283-441-5414,wpea2a@dell.com
84,Valera,Bussell,984-263-1123,vbussell2b@cnn.com
85,Ferne,Boyan,208-394-0072,fboyan2c@cornell.edu
86,Allison,Baudino,792-906-9878,abaudino2d@nature.com
87,Karylin,Ready,109-889-3504,kready2e@theatlantic.com
88,Thedrick,Ellcock,107-246-5206,tellcock2f@rediff.com
89,Jere,Sharpin,474-372-7379,jsharpin2g@angelfire.com
90,Gene,Timby,907-432-8107,gtimby2h@vinaora.com
91,Benny,Flacknell,568-105-8337,bflacknell2i@surveymonkey.com
92,Rorke,Kilrow,881-764-4282,rkilrow2j@cnet.com
93,Gherardo,Stanlike,149-844-6704,gstanlike2k@canalblog.com
94,Auberon,Feakins,989-874-6206,afeakins2l@jigsy.com
95,Randal,Castan,304-510-0190,rcastan2m@hugedomains.com
96,Winnie,La Vigne,914-278-8792,wlavigne2n@phoca.cz
97,Cirilo,Dimanche,303-254-8661,cdimanche2o@etsy.com
98,Malachi,Rowston,856-516-5194,mrowston2p@eepurl.com
99,Bernadina,Brundle,862-670-4715,bbrundle2q@ebay.com
100,Brunhilda,Josiah,458-663-5952,bjosiah2r@tinyurl.com
101,Jemie,Asty,772-672-1023,jasty2s@home.pl
102,Olympie,Raft,729-453-9975,oraft2t@cpanel.net
103,Tiebold,Cormack,665-599-9245,tcormack2u@i2i.jp
104,Jeane,Philot,519-373-7304,jphilot2v@oracle.com
105,Florida,Curless,317-167-1988,fcurless2w@vinaora.com
106,Jacquette,Glassford,360-915-1205,jglassford2x@yandex.ru
107,Marvin,Coverley,686-669-4888,mcoverley2y@amazon.com
108,Ephraim,Bird,909-675-0093,ebird2z@webmd.com
109,Aubrette,Mordan,416-580-4761,amordan30@ehow.com
110,Valle,Maysor,563-559-3252,vmaysor31@time.com
111,Courtney,Whetnall,629-830-6759,cwhetnall32@usgs.gov
112,Arther,Rossoni,868-149-7067,arossoni33@t.co
113,Pier,Gebby,367-513-9644,pgebby34@army.mil
114,Hilarius,Pecht,115-506-6158,hpecht35@state.tx.us
115,Antonie,Jamrowicz,784-518-2223,ajamrowicz36@chronoengine.com
116,Chev,Balint,267-633-4937,cbalint37@joomla.org
117,Randi,Fogg,993-282-3927,rfogg38@miibeian.gov.cn
118,Efren,Janaway,503-739-7550,ejanaway39@artisteer.com
119,Arte,Roggerone,444-607-3437,aroggerone3a@home.pl
120,Ellynn,Marde,292-376-7647,emarde3b@skype.com
121,Cal,Austin,460-209-9027,caustin3c@ycombinator.com
122,Kristo,Brookbank,562-511-4722,kbrookbank3d@buzzfeed.com
123,Merry,Harrowell,287-144-6564,mharrowell3e@cmu.edu
124,Ronnie,Coule,362-202-2605,rcoule3f@vimeo.com
125,Delaney,Keddey,309-173-6431,dkeddey3g@irs.gov
126,Drusy,Pilley,829-185-4210,dpilley3h@cnet.com
127,Lindy,Monk,552-390-7138,lmonk3i@yellowpages.com
128,Kienan,Balogun,856-193-6859,kbalogun3j@prnewswire.com
129,Abdul,Bambrugh,137-239-1596,abambrugh3k@cyberchimps.com
130,Beckie,Farthing,415-263-4614,bfarthing3l@hao123.com
131,Dominga,Armor,897-992-8461,darmor3m@github.com
132,Randee,Tanswell,980-117-8808,rtanswell3n@nydailynews.com
133,Flint,Lightollers,457-837-4408,flightollers3o@cbsnews.com
134,Leah,Worpole,777-977-3857,lworpole3p@soundcloud.com
135,Ekaterina,Colebourne,484-333-0495,ecolebourne3q@springer.com
136,Chrisse,McGrey,902-175-7316,cmcgrey3r@slashdot.org
137,Suzette,Grishagin,865-616-4582,sgrishagin3s@hhs.gov
138,Napoleon,Lazell,175-341-3922,nlazell3t@sciencedaily.com
139,Dee dee,Oultram,337-401-1909,doultram3u@census.gov
140,Towney,Marcus,770-291-0052,tmarcus3v@pen.io
141,Cherri,Lambarth,480-575-1173,clambarth3w@si.edu
142,Aurilia,Iskow,756-499-8411,aiskow3x@fda.gov
143,Heddie,Petrusch,652-108-3145,hpetrusch3y@sphinn.com
144,Diane-marie,O' Mahony,595-354-3992,domahony3z@delicious.com
145,Linn,Weeden,499-371-8230,lweeden40@photobucket.com
146,Kippar,Dare,125-871-2000,kdare41@hibu.com
147,Creigh,Glasspool,926-245-0791,cglasspool42@cnet.com
148,Dillie,McInnes,397-298-0802,dmcinnes43@t-online.de
149,Davey,Ormistone,958-781-1893,dormistone44@twitpic.com
150,Rowan,Mitchelmore,220-467-6722,rmitchelmore45@reuters.com
151,Clarette,Salsberg,196-219-0943,csalsberg46@bloomberg.com
152,Lynn,Lammerding,692-497-3953,llammerding47@phoca.cz
153,Kit,Bool,352-656-1521,kbool48@google.com.au
154,Caitrin,Fallanche,697-432-1947,cfallanche49@msu.edu
155,Clayson,Toretta,544-581-6843,ctoretta4a@t.co
156,Malia,Pietri,236-296-6881,mpietri4b@fastcompany.com
157,Arleta,De Blasiis,104-168-2531,adeblasiis4c@icq.com
158,Corby,Laborda,596-613-9046,claborda4d@google.fr
159,Cinderella,Roslen,432-457-8044,croslen4e@dedecms.com
160,Gretchen,Orpyne,109-613-7435,gorpyne4f@friendfeed.com
161,Tatiana,Mulqueeny,427-814-9261,tmulqueeny4g@ow.ly
162,Alice,Stronack,604-784-8471,astronack4h@i2i.jp
163,Addia,Bonn,221-429-2043,abonn4i@dyndns.org
164,Antonie,Dudny,587-926-2538,adudny4j@devhub.com
165,Woodman,Sondland,436-784-3431,wsondland4k@xing.com
166,Irena,Migheli,244-578-9422,imigheli4l@surveymonkey.com
167,Willey,Middell,938-837-8060,wmiddell4m@jigsy.com
168,Neille,Pietasch,378-275-0791,npietasch4n@yahoo.com
169,Tilda,Heersma,219-555-9068,theersma4o@marketwatch.com
170,Keelby,Shuttell,113-720-2875,kshuttell4p@virginia.edu
171,Aurthur,Carradice,677-536-5288,acarradice4q@i2i.jp
172,Orland,Mackney,486-668-8533,omackney4r@google.ca
173,Moritz,Barnhart,740-969-4670,mbarnhart4s@nba.com
174,Lester,Truckett,329-133-7958,ltruckett4t@livejournal.com
175,Jo-ann,Maddinon,498-500-4032,jmaddinon4u@gravatar.com
176,Arlin,Spillard,655-790-6507,aspillard4v@clickbank.net
177,Dru,Ivanusyev,518-394-4080,divanusyev4w@sciencedaily.com
178,Aurora,Wildt,924-137-2184,awildt4x@rakuten.co.jp
179,Evangelina,Eaglen,703-342-6970,eeaglen4y@t.co
180,Ruddie,Beakes,627-954-5452,rbeakes4z@weebly.com
181,Roby,Hodgon,951-673-3447,rhodgon50@ebay.co.uk
182,Germain,Hows,946-806-8822,ghows51@imageshack.us
183,Alberta,Deener,700-982-3807,adeener52@jimdo.com
184,Elvera,Horney,132-874-8553,ehorney53@arstechnica.com
185,Zared,Tesimon,972-895-7732,ztesimon54@nsw.gov.au
186,Gaye,Broadfield,738-917-1192,gbroadfield55@woothemes.com
187,Garey,Giller,425-333-0588,ggiller56@narod.ru
188,Thaddeus,Brezlaw,868-848-0201,tbrezlaw57@newsvine.com
189,Paola,Bluschke,949-195-4466,pbluschke58@discovery.com
190,Kerrin,Dunsmuir,216-900-3714,kdunsmuir59@jiathis.com
191,Maryann,McNess,546-478-1112,mmcness5a@who.int
192,Tobie,Trodler,184-805-6655,ttrodler5b@shop-pro.jp
193,Lucina,Gallyhaock,954-477-0955,lgallyhaock5c@wiley.com
194,Aleta,Sexten,166-485-5469,asexten5d@bing.com
195,Carilyn,Feary,239-144-6043,cfeary5e@imdb.com
196,Emera,Frill,322-825-4693,efrill5f@g.co
197,Ramona,Paulus,565-128-4039,rpaulus5g@who.int
198,Nowell,Puckrin,573-893-3276,npuckrin5h@tuttocitta.it
199,Dyna,Liddard,408-296-4047,dliddard5i@paginegialle.it
200,Birdie,Banat,509-631-3614,bbanat5j@weebly.com
201,Persis,Pirot,120-698-7446,ppirot5k@amazon.de
202,Clair,Penke,455-811-7760,cpenke5l@blogtalkradio.com
203,Gisella,Fallis,445-745-5240,gfallis5m@csmonitor.com
204,Curt,Burel,258-539-5111,cburel5n@dedecms.com
205,Mortimer,McArley,110-668-6027,mmcarley5o@smh.com.au
206,Vinson,Fincken,800-562-2586,vfincken5p@tripod.com
207,Sandy,Lucian,108-499-9570,slucian5q@dell.com
208,Gearalt,Carstairs,199-914-8448,gcarstairs5r@comsenz.com
209,Valle,Postins,155-622-7201,vpostins5s@edublogs.org
210,Rhett,Rosedale,110-258-4697,rrosedale5t@twitter.com
211,Jemima,Rymer,256-316-2815,jrymer5u@nytimes.com
212,Hollis,Ravel,409-444-6110,hravel5v@homestead.com
213,Melisandra,Sheehan,646-784-0692,msheehan5w@elegantthemes.com
214,Timothea,Cain,554-323-4637,tcain5x@foxnews.com
215,Lynde,Sterndale,776-622-7331,lsterndale5y@nhs.uk
216,Dion,Poulston,632-358-1591,dpoulston5z@multiply.com
217,Barbie,Kimblen,828-743-3230,bkimblen60@answers.com
218,Ariella,Koppe,507-282-9792,akoppe61@hugedomains.com
219,Georgianna,Devo,112-179-2265,gdevo62@eventbrite.com
220,Lisle,Colton,831-111-6266,lcolton63@t-online.de
221,Xenia,Knaggs,176-497-3120,xknaggs64@t-online.de
222,Sherye,Biasotti,165-197-9623,sbiasotti65@arstechnica.com
223,Marquita,Tubbles,331-128-4390,mtubbles66@exblog.jp
224,Freddy,Skewes,834-487-0061,fskewes67@rakuten.co.jp
225,Eden,Saul,700-186-1189,esaul68@epa.gov
226,Bentlee,Putterill,165-533-5678,bputterill69@discuz.net
227,Harley,Blue,413-720-5669,hblue6a@nhs.uk
228,Almeta,Abethell,561-526-5003,aabethell6b@economist.com
229,Avrom,Yuille,521-680-3370,ayuille6c@cdc.gov
230,Arlana,Gilbard,800-694-6270,agilbard6d@ucoz.ru
231,Floria,Brushfield,296-388-6020,fbrushfield6e@cnbc.com
232,Vernen,Abbotts,920-821-7011,vabbotts6f@yellowbook.com
233,Steve,Goodboddy,405-942-7646,sgoodboddy6g@privacy.gov.au
234,Tiphani,Stemson,365-859-8822,tstemson6h@yahoo.co.jp
235,Nate,Tough,486-758-9595,ntough6i@google.com.au
236,Walton,Marsland,158-194-9462,wmarsland6j@nydailynews.com
237,Leslie,McGann,495-295-7938,lmcgann6k@fema.gov
238,Cheslie,Yeskov,388-426-4085,cyeskov6l@com.com
239,Devonna,Wanell,491-178-1013,dwanell6m@github.com
240,Stoddard,Day,125-950-8169,sday6n@dyndns.org
241,Sallyanne,Dunstan,925-865-2167,sdunstan6o@ocn.ne.jp
242,Ari,Winchester,146-390-5455,awinchester6p@artisteer.com
243,Rupert,Kivelhan,230-320-4045,rkivelhan6q@amazon.co.jp
244,Martguerita,Loughran,478-951-9268,mloughran6r@youtu.be
245,Temp,Bumfrey,567-348-3886,tbumfrey6s@chronoengine.com
246,Fredra,Dondon,492-457-5983,fdondon6t@imdb.com
247,Hewett,Cadell,673-552-3877,hcadell6u@histats.com
248,Adelice,Vellender,475-150-4757,avellender6v@deviantart.com
249,Kory,Fuller,693-847-6080,kfuller6w@google.ca
250,Gib,O'Dyvoie,177-677-7801,godyvoie6x@cocolog-nifty.com
251,Bethena,Lusk,636-653-9067,blusk6y@last.fm
252,Bail,Youll,841-984-7771,byoull6z@etsy.com
253,Flynn,Creegan,921-971-1450,fcreegan70@typepad.com
254,Kellie,Rembrant,781-103-3183,krembrant71@domainmarket.com
255,Cherey,Gaffer,995-370-7943,cgaffer72@squidoo.com
256,Kelila,Braferton,521-407-0359,kbraferton73@vimeo.com
257,Ruy,Amberg,537-791-2822,ramberg74@cloudflare.com
258,Enrica,Vesque,686-187-9062,evesque75@tamu.edu
259,Wendi,Redford,138-905-2257,wredford76@fc2.com
260,Phillida,Varley,857-660-1384,pvarley77@qq.com
261,Ewart,Sherrock,907-528-9835,esherrock78@answers.com
262,Morris,Willden,903-840-4203,mwillden79@springer.com
263,Javier,Mulrenan,288-713-7684,jmulrenan7a@apple.com
264,Patric,Tibols,982-266-6359,ptibols7b@ucoz.ru
265,Bale,Benam,895-666-5610,bbenam7c@ucoz.ru
266,Marlin,Kneel,549-369-5829,mkneel7d@smugmug.com
267,Allyn,Hammerson,854-962-5980,ahammerson7e@fastcompany.com
268,Bliss,Stoade,388-820-1983,bstoade7f@state.gov
269,Barbaraanne,Battrick,119-209-5816,bbattrick7g@liveinternet.ru
270,Gus,Masic,110-858-4785,gmasic7h@amazon.co.jp
271,Tadeas,Cahalin,646-547-8424,tcahalin7i@wikipedia.org
272,Carolyne,Gerler,467-202-8624,cgerler7j@mapquest.com
273,Tammy,Antuk,299-579-4015,tantuk7k@sohu.com
274,Marita,Ede,920-353-4881,mede7l@macromedia.com
275,Dugald,Boyd,391-717-4213,dboyd7m@newsvine.com
276,Barbara,Fortin,592-183-4280,bfortin7n@army.mil
277,Philippine,Delahunty,707-818-5872,pdelahunty7o@linkedin.com
278,Sybila,Dawtre,983-870-1226,sdawtre7p@hud.gov
279,Eloise,McCarroll,613-879-9535,emccarroll7q@usa.gov
280,Christy,Collum,338-529-9990,ccollum7r@loc.gov
281,Trenna,Valentetti,991-561-3313,tvalentetti7s@ebay.co.uk
282,Vincenty,Baynes,560-892-5172,vbaynes7t@posterous.com
283,Garrick,Raith,225-340-8735,graith7u@diigo.com
284,Izzy,Matkin,688-867-1914,imatkin7v@miibeian.gov.cn
285,Scottie,Heersma,867-765-8659,sheersma7w@who.int
286,Dacy,Wittering,527-339-5966,dwittering7x@ameblo.jp
287,Winfield,Ledram,755-613-4562,wledram7y@opensource.org
288,Andrea,McGrory,303-640-9735,amcgrory7z@upenn.edu
289,D'arcy,Gillman,970-810-4253,dgillman80@noaa.gov
290,Keslie,Treanor,718-354-3698,ktreanor81@dailymail.co.uk
291,Suzy,Giotto,701-628-2169,sgiotto82@shop-pro.jp
292,Edithe,Stiegers,970-375-2840,estiegers83@eepurl.com
293,Amaleta,Treharne,641-638-2859,atreharne84@addthis.com
294,Annabal,Tessyman,663-975-7304,atessyman85@bravesites.com
295,Becki,Yoxall,549-452-2936,byoxall86@vkontakte.ru
296,Ches,Ceillier,841-599-7389,cceillier87@cocolog-nifty.com
297,Kaylyn,McGrey,229-943-0454,kmcgrey88@reuters.com
298,Tania,Woolatt,115-637-3027,twoolatt89@pinterest.com
299,Chadwick,Corpes,254-296-9942,ccorpes8a@jalbum.net
300,Conny,Shawley,940-689-5434,cshawley8b@arstechnica.com
301,Melvin,Kilbride,435-564-8812,mkilbride8c@deliciousdays.com
302,Sascha,de Mullett,281-553-8752,sdemullett8d@jalbum.net
303,Guillemette,Medd,874-388-1937,gmedd8e@google.com.hk
304,Jewell,Olivera,168-100-0220,jolivera8f@statcounter.com
305,Cindee,Brooke,472-990-9099,cbrooke8g@cargocollective.com
306,Kissie,Tullett,162-356-8057,ktullett8h@sun.com
307,Orland,Luxford,500-702-1775,oluxford8i@ca.gov
308,Lyssa,Mix,567-348-0867,lmix8j@census.gov
309,Querida,Isakovitch,285-847-0619,qisakovitch8k@mit.edu
310,Lilla,Begg,499-620-8359,lbegg8l@storify.com
311,Waneta,Andrasch,207-760-3519,wandrasch8m@youtu.be
312,Halsey,Wandrich,720-268-0653,hwandrich8n@tuttocitta.it
313,Bradford,Grinstead,377-421-4415,bgrinstead8o@va.gov
314,Bonnibelle,Tummons,605-975-2435,btummons8p@over-blog.com
315,Mendy,Weekland,697-524-5409,mweekland8q@yandex.ru
316,Quincey,Gartrell,119-276-2450,qgartrell8r@youtube.com
317,Beryle,Burel,819-152-6840,bburel8s@homestead.com
318,Antin,Petyakov,170-250-0906,apetyakov8t@studiopress.com
319,Herve,Dummigan,934-354-7878,hdummigan8u@bbb.org
320,Waylon,M'Barron,486-458-4192,wmbarron8v@sfgate.com
321,Adrian,Cottingham,775-841-7079,acottingham8w@sogou.com
322,Alessandro,Maymond,403-457-7465,amaymond8x@taobao.com
323,Gilda,Siman,598-887-2180,gsiman8y@microsoft.com
324,Quill,Aaron,623-531-1791,qaaron8z@usgs.gov
325,Ozzy,Storkes,821-643-6228,ostorkes90@scribd.com
326,Linda,Saggs,142-709-4330,lsaggs91@mtv.com
327,Reilly,Boller,392-477-0401,rboller92@people.com.cn
328,Von,Simon,941-988-4646,vsimon93@wisc.edu
329,Jammal,Burchett,415-123-3703,jburchett94@army.mil
330,Carmelia,Float,269-209-9780,cfloat95@so-net.ne.jp
331,Haily,Padefield,800-429-5052,hpadefield96@youtube.com
332,Brittani,McGrill,338-149-6766,bmcgrill97@nps.gov
333,Alexandro,McGraffin,948-927-7687,amcgraffin98@ft.com
334,Afton,Redgewell,377-246-6573,aredgewell99@fastcompany.com
335,Chip,Treslove,627-555-1262,ctreslove9a@nydailynews.com
336,Crin,Waterstone,385-138-9272,cwaterstone9b@livejournal.com
337,Oberon,Balshen,619-951-6127,obalshen9c@purevolume.com
338,Mamie,Christophers,112-858-8821,mchristophers9d@admin.ch
339,Cobby,Sallter,502-194-6622,csallter9e@goodreads.com
340,Tallou,Eyer,364-757-1151,teyer9f@wikipedia.org
341,Wilhelm,Batey,512-539-4124,wbatey9g@timesonline.co.uk
342,Haroun,Blasdale,208-422-1589,hblasdale9h@ovh.net
343,Corine,Antao,153-288-3668,cantao9i@epa.gov
344,Merrili,Delnevo,895-416-3836,mdelnevo9j@youku.com
345,Marcelle,Lawtey,561-243-7393,mlawtey9k@squidoo.com
346,Wylie,Beesey,593-449-2634,wbeesey9l@rambler.ru
347,Fairfax,Jeffcock,323-878-8507,fjeffcock9m@hatena.ne.jp
348,Karole,Langlands,567-994-8087,klanglands9n@skype.com
349,Von,Bruyntjes,208-934-4223,vbruyntjes9o@microsoft.com
350,Tracee,Climson,495-742-6414,tclimson9p@plala.or.jp
351,Glen,Hasselby,822-738-4312,ghasselby9q@ebay.com
352,Donelle,Davies,749-386-6445,ddavies9r@globo.com
353,Maggy,Ruffler,929-152-7969,mruffler9s@arstechnica.com
354,Lauritz,Ferrero,370-747-8799,lferrero9t@ox.ac.uk
355,Bram,Tumioto,944-288-3547,btumioto9u@pen.io
356,Brenna,Hollingshead,540-242-8765,bhollingshead9v@cloudflare.com
357,Adelle,Bonick,822-634-1713,abonick9w@berkeley.edu
358,Ruy,Silvester,355-710-1241,rsilvester9x@ibm.com
359,Kelsey,Kinloch,710-499-2157,kkinloch9y@sfgate.com
360,Nettle,Philson,303-602-0586,nphilson9z@baidu.com
361,Aridatha,Strowthers,270-964-1371,astrowthersa0@liveinternet.ru
362,Egor,Codron,495-762-7442,ecodrona1@boston.com
363,Lesly,Ancliffe,392-977-4406,lancliffea2@barnesandnoble.com
364,Mateo,Edeson,382-504-1961,medesona3@spiegel.de
365,Kaleb,Gethin,891-604-5303,kgethina4@exblog.jp
366,Olav,Idel,610-496-1990,oidela5@japanpost.jp
367,Josephine,Restorick,247-556-2686,jrestoricka6@bizjournals.com
368,Cherrita,Amberg,239-452-6052,camberga7@nytimes.com
369,Launce,Guillem,692-462-7751,lguillema8@vimeo.com
370,Dew,Farherty,198-364-2797,dfarhertya9@va.gov
371,Flin,Soles,781-913-6748,fsolesaa@amazon.co.uk
372,Gerry,Rutley,570-429-8814,grutleyab@slideshare.net
373,Sadie,Egalton,853-212-8978,segaltonac@cmu.edu
374,Perl,Robshaw,722-433-6564,probshawad@is.gd
375,Auberta,Rothon,282-229-8973,arothonae@tuttocitta.it
376,Lonnie,Sunner,135-757-0374,lsunneraf@4shared.com
377,Ernesto,Luberto,472-838-8687,elubertoag@mit.edu
378,Kristian,Siseland,295-397-2490,ksiselandah@spiegel.de
379,Halsey,Ibeson,294-935-2729,hibesonai@nyu.edu
380,Jobi,Clemitt,722-797-9728,jclemittaj@army.mil
381,Penni,Christaeas,881-123-7655,pchristaeasak@sohu.com
382,Hatti,Grahl,818-311-0286,hgrahlal@biblegateway.com
383,Barney,Devennie,821-470-0421,bdevennieam@imgur.com
384,Hansiain,Diamond,201-959-8381,hdiamondan@bloglovin.com
385,Carolynn,Tilburn,624-286-8867,ctilburnao@t-online.de
386,Branden,Feaster,655-587-4804,bfeasterap@ameblo.jp
387,Culley,Zolini,215-204-8216,czoliniaq@ucoz.com
388,Catherina,Penniall,105-436-2726,cpenniallar@loc.gov
389,Georgine,Blowne,767-688-0974,gblowneas@is.gd
390,Klara,Lyons,881-703-6051,klyonsat@omniture.com
391,Nissie,Reisenstein,253-615-1917,nreisensteinau@kickstarter.com
392,Janella,Ervin,966-889-6685,jervinav@ftc.gov
393,Gloriane,Stansbury,141-490-8646,gstansburyaw@smh.com.au
394,Arel,Treneer,873-105-2309,atreneerax@yale.edu
395,Andra,Annott,341-626-2508,aannottay@thetimes.co.uk
396,Maryanna,Adamczyk,381-118-6989,madamczykaz@hhs.gov
397,Jeth,Nettle,975-823-7787,jnettleb0@answers.com
398,Gerri,Braganca,887-530-0942,gbragancab1@smh.com.au
399,Gray,Sutterfield,394-573-4746,gsutterfieldb2@aboutads.info
400,Vikki,Tidbury,452-456-7042,vtidburyb3@spotify.com
401,Kort,Navan,439-731-2623,knavanb4@altervista.org
402,Bamby,Greasty,192-365-7694,bgreastyb5@umn.edu
403,Kelsy,Beneze,382-357-7308,kbenezeb6@live.com
404,Brok,Caught,655-624-6801,bcaughtb7@smh.com.au
405,Danya,Tamblyn,623-854-1103,dtamblynb8@tamu.edu
406,Zelig,Visco,832-375-8317,zviscob9@cisco.com
407,Regen,Bagworth,907-192-6672,rbagworthba@360.cn
408,Trudie,Haseman,901-776-5368,thasemanbb@plala.or.jp
409,Perice,Dike,505-682-8471,pdikebc@nih.gov
410,Tami,Patrie,261-348-5396,tpatriebd@cyberchimps.com
411,Susanne,Bangham,193-972-1303,sbanghambe@mtv.com
412,Nedda,Gilroy,376-514-2688,ngilroybf@bigcartel.com
413,Madalyn,Ulyet,828-872-2002,mulyetbg@alibaba.com
414,Gert,Bickerdicke,302-134-6967,gbickerdickebh@ebay.co.uk
415,Leonhard,Westcar,438-714-6949,lwestcarbi@yahoo.co.jp
416,Cristie,Vannoort,674-638-2270,cvannoortbj@sciencedaily.com
417,Danya,Janz,493-364-1390,djanzbk@bluehost.com
418,Benedicta,Vigars,703-134-6848,bvigarsbl@mapquest.com
419,Timotheus,Hasell,266-799-6273,thasellbm@mozilla.com
420,Garvy,Scolding,704-279-6325,gscoldingbn@wisc.edu
421,Tina,Fosken,418-324-9288,tfoskenbo@wp.com
422,Darcee,Hadigate,420-989-3396,dhadigatebp@newsvine.com
423,Brittne,Stollman,535-244-9822,bstollmanbq@ifeng.com
424,Candice,Lafrentz,685-799-2437,clafrentzbr@canalblog.com
425,Laughton,MacGarvey,111-159-4011,lmacgarveybs@fotki.com
426,Juliette,MacAllaster,891-430-0902,jmacallasterbt@github.com
427,Gabrila,Duinbleton,924-422-2223,gduinbletonbu@jalbum.net
428,Currey,Dymock,457-950-0340,cdymockbv@last.fm
429,Jaymee,Laborde,620-256-7466,jlabordebw@yellowbook.com
430,Larisa,Dmytryk,259-975-9064,ldmytrykbx@archive.org
431,Myca,Baswall,898-197-4385,mbaswallby@networksolutions.com
432,Welsh,Rannells,320-977-9019,wrannellsbz@people.com.cn
433,Evin,Alebrooke,180-751-0131,ealebrookec0@github.io
434,Howard,Dunmore,455-255-0120,hdunmorec1@issuu.com
435,Mechelle,Hawtry,958-631-0398,mhawtryc2@nyu.edu
436,Leelah,Liddle,939-912-7538,lliddlec3@4shared.com
437,Maximilien,Wickens,878-572-7440,mwickensc4@economist.com
438,Rafa,Buttle,844-283-4237,rbuttlec5@hexun.com
439,Edwin,Dickin,184-839-5992,edickinc6@simplemachines.org
440,Jonell,Shepcutt,328-350-3272,jshepcuttc7@naver.com
441,Timothee,Chanson,876-876-7068,tchansonc8@typepad.com
442,Ralf,Cawthery,264-983-2790,rcawtheryc9@t.co
443,Hewie,Jansens,247-840-4394,hjansensca@tiny.cc
444,Cristy,Birdwhistle,588-576-9810,cbirdwhistlecb@addthis.com
445,Jess,Tulip,204-670-3821,jtulipcc@mac.com
446,Gleda,Perrinchief,588-142-7623,gperrinchiefcd@hatena.ne.jp
447,Barnard,Lagden,848-724-7634,blagdence@cisco.com
448,Wilhelmina,Portam,863-994-5740,wportamcf@people.com.cn
449,Calla,Falkingham,414-602-0942,cfalkinghamcg@ning.com
450,Analiese,Beeswing,415-971-0080,abeeswingch@com.com
451,Judas,Cook,121-892-5470,jcookci@a8.net
452,Hashim,Chrippes,980-481-6257,hchrippescj@harvard.edu
453,Pam,Bosman,467-278-9690,pbosmanck@desdev.cn
454,Barney,Genney,187-242-5818,bgenneycl@blogtalkradio.com
455,Erick,Whorlton,165-593-7947,ewhorltoncm@nifty.com
456,Atalanta,Sego,655-303-4899,asegocn@paypal.com
457,Michel,Ciementini,516-476-9972,mciementinico@usa.gov
458,Lester,Yearby,462-443-0356,lyearbycp@studiopress.com
459,Lazar,Hentzer,862-330-2965,lhentzercq@aboutads.info
460,Ulric,Edinburgh,649-792-9898,uedinburghcr@histats.com
461,Eb,Pim,422-203-5951,epimcs@addthis.com
462,Spense,Haliburn,732-524-1555,shaliburnct@sbwire.com
463,Stevana,Craigmyle,707-738-5221,scraigmylecu@ameblo.jp
464,Warren,Wix,622-634-0094,wwixcv@yellowpages.com
465,Gale,Magauran,303-662-1435,gmagaurancw@digg.com
466,Ricardo,Jesty,558-300-8976,rjestycx@skyrock.com
467,Daveen,Sego,646-318-9217,dsegocy@addtoany.com
468,Kalindi,Cutridge,413-809-1046,kcutridgecz@intel.com
469,Giselbert,Clover,457-820-6383,gcloverd0@paypal.com
470,Ferrel,Harty,389-590-2114,fhartyd1@gov.uk
471,Daron,Mingo,945-993-7348,dmingod2@people.com.cn
472,Davita,Chaney,946-568-3704,dchaneyd3@fotki.com
473,Tye,Hollingshead,498-503-5097,thollingsheadd4@seattletimes.com
474,Melisenda,Rocco,806-313-9741,mroccod5@ocn.ne.jp
475,Bryon,Powder,198-429-7698,bpowderd6@china.com.cn
476,Vittorio,MacNair,754-371-5895,vmacnaird7@netvibes.com
477,Boycey,Lashmore,924-367-9200,blashmored8@latimes.com
478,Claiborne,Diamond,328-485-9403,cdiamondd9@nydailynews.com
479,Annadiana,Degenhardt,346-981-0031,adegenhardtda@patch.com
480,Alicia,Feilden,192-886-0851,afeildendb@alexa.com
481,Hermon,Jakoubek,245-611-5896,hjakoubekdc@elpais.com
482,Vonni,Grigorey,263-625-5871,vgrigoreydd@yolasite.com
483,Zelig,Bidewell,657-897-1132,zbidewellde@scientificamerican.com
484,Ramonda,Biddy,589-105-4396,rbiddydf@upenn.edu
485,Kimberly,Whitelock,468-594-3821,kwhitelockdg@storify.com
486,Dulcie,Ogan,126-684-5218,dogandh@oaic.gov.au
487,Wolfie,Swaile,976-553-3932,wswailedi@scribd.com
488,Stacee,McGonigal,188-426-9342,smcgonigaldj@lycos.com
489,Max,Losseljong,883-838-6590,mlosseljongdk@businessweek.com
490,Wilow,Tenbrug,925-148-8444,wtenbrugdl@ask.com
491,Putnem,Sendley,865-794-6026,psendleydm@t-online.de
492,Clay,Haylor,647-201-7675,chaylordn@cbsnews.com
493,Blake,Martel,970-133-6224,bmarteldo@pen.io
494,Wenonah,Gawkes,542-914-8953,wgawkesdp@wp.com
495,Audrie,Walework,630-264-3751,awaleworkdq@techcrunch.com
496,Susanetta,Caroline,783-921-7891,scarolinedr@yelp.com
497,Josephine,Peet,437-764-4412,jpeetds@reddit.com
498,Sabine,Birmingham,944-153-4751,sbirminghamdt@wikispaces.com
499,Melosa,Bothbie,107-766-7742,mbothbiedu@chicagotribune.com
500,Merrel,Shelvey,999-684-7273,mshelveydv@booking.com
501,Benjamin,Sprankling,317-652-2145,bspranklingdw@technorati.com
502,Townsend,Kitchen,438-393-4463,tkitchendx@ft.com
503,Didi,Burry,898-259-0141,dburrydy@joomla.org
504,Wilt,Donne,482-122-2063,wdonnedz@opensource.org
505,Carling,Dibsdale,681-970-8805,cdibsdalee0@tamu.edu
506,Andreas,Skillings,413-975-2367,askillingse1@ehow.com
507,Sabina,Crut,630-562-3764,scrute2@delicious.com
508,Thelma,Warrender,917-750-1697,twarrendere3@google.com.hk
509,Any,Tayloe,869-260-3229,atayloee4@ebay.co.uk
510,Roshelle,Joiner,636-382-5047,rjoinere5@google.com.br
511,Jenine,Faccini,405-611-0665,jfaccinie6@devhub.com
512,Balduin,Luckcuck,604-618-8983,bluckcucke7@whitehouse.gov
513,Matthew,Proppers,265-569-7107,mpropperse8@posterous.com
514,Daisey,Spadelli,300-442-6156,dspadellie9@japanpost.jp
515,Verne,Kall,955-851-6798,vkallea@blog.com
516,Hadley,Saines,194-310-7772,hsaineseb@booking.com
517,Hillel,Haydon,247-784-8868,hhaydonec@histats.com
518,Antons,Boundley,679-206-5535,aboundleyed@wix.com
519,Winnie,Byway,437-392-0311,wbywayee@chicagotribune.com
520,Tim,Reddihough,200-692-4874,treddihoughef@yahoo.co.jp
521,Marylee,Merryfield,793-614-8438,mmerryfieldeg@mac.com
522,Uriah,Verbruggen,889-134-0568,uverbruggeneh@e-recht24.de
523,Georgie,Kerne,642-555-7366,gkerneei@google.it
524,Trista,Cohr,849-834-0423,tcohrej@walmart.com
525,Brigitte,Ioannou,662-407-8643,bioannouek@cyberchimps.com
526,Brietta,Leas,375-533-5607,bleasel@usa.gov
527,Tye,Swindley,110-518-0981,tswindleyem@discuz.net
528,Ailbert,Sahnow,223-859-5308,asahnowen@omniture.com
529,Celina,Eddies,226-399-9260,ceddieseo@ocn.ne.jp
530,Dar,Froment,542-912-9461,dfromentep@cafepress.com
531,Thomas,Herculson,242-965-9199,therculsoneq@columbia.edu
532,Mina,Beentjes,187-367-1029,mbeentjeser@cbsnews.com
533,Erina,Latek,168-665-9858,elatekes@delicious.com
534,Mamie,Melluish,103-981-3730,mmelluishet@csmonitor.com
535,Eustacia,Draycott,763-973-0694,edraycotteu@diigo.com
536,Pauly,Greally,336-336-3343,pgreallyev@csmonitor.com
537,Barbabas,McLanachan,372-184-7564,bmclanachanew@nih.gov
538,Gaylene,Undy,555-136-3135,gundyex@livejournal.com
539,Denney,Skerm,327-920-3318,dskermey@vkontakte.ru
540,Berkie,Lewis,207-739-6955,blewisez@theglobeandmail.com
541,Frederic,Kastel,562-529-4594,fkastelf0@liveinternet.ru
542,Blakeley,Gentric,264-595-7751,bgentricf1@freewebs.com
543,Clarance,Tootin,150-983-9490,ctootinf2@behance.net
544,Harmonie,Shoutt,390-218-5354,hshouttf3@free.fr
545,Jena,Priestland,229-173-5158,jpriestlandf4@mail.ru
546,Nerta,Yarker,751-865-6245,nyarkerf5@utexas.edu
547,Kirbie,Fittis,646-986-7171,kfittisf6@over-blog.com
548,Stacie,O'Ferris,991-274-9936,soferrisf7@hibu.com
549,Madel,Hallett,334-709-2363,mhallettf8@ox.ac.uk
550,Dorette,Papworth,450-916-9775,dpapworthf9@unesco.org
551,Pat,Hazleton,389-685-7077,phazletonfa@forbes.com
552,Bern,Stockey,464-273-1436,bstockeyfb@hp.com
553,Erinn,Egdal,616-140-6072,eegdalfc@ifeng.com
554,Had,McDougall,740-648-2194,hmcdougallfd@mit.edu
555,Esme,Terlinden,407-970-7940,eterlindenfe@deviantart.com
556,Delilah,Greenhow,188-899-9618,dgreenhowff@posterous.com
557,Kali,Pohlak,530-933-9084,kpohlakfg@cbslocal.com
558,Laughton,Marquet,308-402-3375,lmarquetfh@qq.com
559,Mariejeanne,Gibard,646-918-0312,mgibardfi@bizjournals.com
560,Estella,Secretan,781-715-3033,esecretanfj@scribd.com
561,Braden,Moore,229-116-5557,bmoorefk@amazon.de
562,Gwen,Anersen,304-243-4028,ganersenfl@4shared.com
563,Shela,Sivier,955-449-3139,ssivierfm@seesaa.net
564,Shaine,Shackelton,156-413-7086,sshackeltonfn@seesaa.net
565,Kevon,Padfield,892-225-6889,kpadfieldfo@meetup.com
566,Harris,Ainsbury,981-578-5688,hainsburyfp@histats.com
567,Karyl,Edlington,260-668-7497,kedlingtonfq@altervista.org
568,Jo-anne,McPeake,476-760-6208,jmcpeakefr@smh.com.au
569,Jeane,Pleming,752-334-7910,jplemingfs@youku.com
570,Killie,Aicheson,197-433-8103,kaichesonft@gov.uk
571,Gladys,Godley,492-674-9862,ggodleyfu@ifeng.com
572,Harv,Kilborn,860-505-8716,hkilbornfv@auda.org.au
573,Schuyler,McMichan,339-301-1093,smcmichanfw@wikimedia.org
574,Page,Kunath,765-256-8989,pkunathfx@tuttocitta.it
575,Farrah,Chinnery,491-914-2810,fchinneryfy@vinaora.com
576,Steward,Tarbin,696-465-9415,starbinfz@google.ru
577,Glen,Sturch,866-351-4670,gsturchg0@themeforest.net
578,Beverlee,Le Provost,972-951-9557,bleprovostg1@4shared.com
579,Anthony,Mulvy,730-341-4059,amulvyg2@google.it
580,Arvy,MacNeice,851-350-8588,amacneiceg3@tinyurl.com
581,Barbette,Polk,278-400-9627,bpolkg4@gravatar.com
582,Patrizia,Breewood,795-142-1239,pbreewoodg5@woothemes.com
583,Lynnett,Julian,746-246-1667,ljuliang6@sfgate.com
584,Ola,Castangia,530-517-7883,ocastangiag7@wufoo.com
585,Alicia,Rimell,747-678-3390,arimellg8@ed.gov
586,Piotr,Hartin,751-241-6345,pharting9@google.pl
587,Jermaine,Swigger,893-758-3555,jswiggerga@dailymail.co.uk
588,Frans,Lent,689-365-7870,flentgb@xrea.com
589,Cletus,Zamorano,920-468-2353,czamoranogc@bandcamp.com
590,Anjanette,Linskill,691-274-3210,alinskillgd@over-blog.com
591,Noah,Viste,222-554-2617,nvistege@moonfruit.com
592,Ervin,Paz,403-281-1523,epazgf@comcast.net
593,Fabiano,Geaney,134-632-7314,fgeaneygg@aboutads.info
594,Tann,Nolin,846-822-0647,tnolingh@columbia.edu
595,Aigneis,Costall,909-398-5700,acostallgi@salon.com
596,Garvey,Artinstall,733-104-6935,gartinstallgj@squidoo.com
597,Chiarra,Penwell,608-997-8252,cpenwellgk@addthis.com
598,Henderson,Georgeon,931-299-9162,hgeorgeongl@shinystat.com
599,Marga,Serman,522-844-5214,msermangm@arstechnica.com
600,Marquita,Rock,447-190-8528,mrockgn@amazon.co.jp
601,Huey,Broadhurst,633-127-4130,hbroadhurstgo@google.ru
602,Robbert,Gorgl,545-907-9570,rgorglgp@oracle.com
603,Aaren,Tummond,301-882-7732,atummondgq@cargocollective.com
604,Roma,Wroe,553-504-7445,rwroegr@people.com.cn
605,Helaine,Schwandt,697-496-2758,hschwandtgs@drupal.org
606,Esmaria,Bodimeade,372-921-3244,ebodimeadegt@godaddy.com
607,Laurel,Ziems,893-534-4320,lziemsgu@lulu.com
608,Phineas,Fernandez,135-248-2351,pfernandezgv@wordpress.org
609,Ossie,Moakes,728-349-4142,omoakesgw@ow.ly
610,Loria,Artrick,622-221-1974,lartrickgx@who.int
611,Konstantine,Taggart,671-462-9213,ktaggartgy@cpanel.net
612,Ellis,Buterton,771-895-2882,ebutertongz@ftc.gov
613,Alie,Hitschke,322-505-9785,ahitschkeh0@instagram.com
614,Nicolina,Erangey,557-150-0750,nerangeyh1@gizmodo.com
615,Rea,Petera,684-422-9897,rpeterah2@t.co
616,Lorrin,Petr,674-421-5431,lpetrh3@un.org
617,Thomasine,Poyntz,859-155-4530,tpoyntzh4@chron.com
618,Timoteo,Revens,405-323-2165,trevensh5@w3.org
619,Dani,Meade,760-209-1108,dmeadeh6@mlb.com
620,Dosi,Hinkins,457-396-0163,dhinkinsh7@mlb.com
621,Vivianne,Steers,652-258-7738,vsteersh8@networksolutions.com
622,Wenonah,Gavaran,449-919-8898,wgavaranh9@netlog.com
623,Wynn,Templar,229-954-0102,wtemplarha@over-blog.com
624,Janeen,Biaggiotti,788-365-0458,jbiaggiottihb@privacy.gov.au
625,Neale,Maypowder,203-300-6502,nmaypowderhc@europa.eu
626,Lottie,Hardy-Piggin,889-568-4280,lhardypigginhd@youku.com
627,Ezri,Roydon,189-489-4766,eroydonhe@tinypic.com
628,Tracey,Digges,966-679-7408,tdiggeshf@reuters.com
629,Mia,Seeman,626-673-7887,mseemanhg@answers.com
630,Celia,Haslock(e),704-156-4504,chaslockehh@vimeo.com
631,Allister,McNae,574-414-4442,amcnaehi@slashdot.org
632,Maridel,Warcop,570-348-3549,mwarcophj@ycombinator.com
633,Dell,Hindge,329-649-9849,dhindgehk@fc2.com
634,Meta,Ulyet,278-907-1120,mulyethl@japanpost.jp
635,Siusan,Castillon,854-459-3761,scastillonhm@smugmug.com
636,Sarena,Fulkes,219-546-7077,sfulkeshn@ox.ac.uk
637,Floyd,Mergue,778-286-3264,fmergueho@networkadvertising.org
638,Carena,Rosevear,767-542-4132,crosevearhp@vistaprint.com
639,Stephannie,Monday,642-617-8444,smondayhq@mail.ru
640,Shurwood,Janota,648-649-3039,sjanotahr@gov.uk
641,Kandy,O'Duilleain,643-512-2035,koduilleainhs@squidoo.com
642,Shelly,Burras,447-768-0283,sburrasht@unc.edu
643,Octavia,Kesten,931-736-3605,okestenhu@google.co.uk
644,Gasparo,Spyby,772-715-8584,gspybyhv@techcrunch.com
645,Vanessa,Teal,133-758-8446,vtealhw@ftc.gov
646,Sean,Kisbey,776-675-5932,skisbeyhx@si.edu
647,Felicio,Mander,591-745-6764,fmanderhy@rediff.com
648,Arron,Maseyk,164-740-0843,amaseykhz@blinklist.com
649,Micky,Skea,672-745-9488,mskeai0@google.ca
650,Min,Shirrell,686-842-6394,mshirrelli1@squidoo.com
651,Jeffie,Roggers,130-898-6732,jroggersi2@deviantart.com
652,Bethina,Peatman,278-121-5816,bpeatmani3@wikimedia.org
653,Yank,Winson,159-862-5208,ywinsoni4@studiopress.com
654,Britt,Lyard,873-467-5214,blyardi5@salon.com
655,Hilary,Whitehall,232-664-1042,hwhitehalli6@va.gov
656,Robby,Dronsfield,990-703-3409,rdronsfieldi7@amazon.co.uk
657,Mordy,Whitebread,427-294-4536,mwhitebreadi8@soup.io
658,Horatio,McCard,343-673-7999,hmccardi9@wsj.com
659,Lory,Bain,763-134-9979,lbainia@etsy.com
660,Ariela,Lacroutz,540-828-7617,alacroutzib@acquirethisname.com
661,Laurel,Yezafovich,728-449-3084,lyezafovichic@apache.org
662,Sandro,Hellis,587-277-6639,shellisid@jiathis.com
663,Brinna,Nobriga,489-548-0949,bnobrigaie@va.gov
664,Siouxie,Gyver,477-144-1199,sgyverif@yahoo.co.jp
665,Con,Battle,957-683-5726,cbattleig@wiley.com
666,Felipe,Hanaford,287-270-6242,fhanafordih@geocities.com
667,Iggie,Brech,539-187-1280,ibrechii@fc2.com
668,Chicky,Hugett,603-638-0141,chugettij@gnu.org
669,Cornelius,Donahue,102-945-4736,cdonahueik@cbsnews.com
670,Maddi,Masterton,375-237-5180,mmastertonil@smh.com.au
671,Wilbert,Payle,781-419-9730,wpayleim@cdc.gov
672,Etan,Grolmann,576-371-6807,egrolmannin@histats.com
673,Tulley,Goligher,155-629-9508,tgoligherio@booking.com
674,Selia,Mordaunt,782-790-8018,smordauntip@phpbb.com
675,Izzy,Banasiak,619-670-4180,ibanasiakiq@pcworld.com
676,Maura,Flode,171-627-9873,mflodeir@geocities.com
677,Zoe,Heddon,385-782-1144,zheddonis@cnn.com
678,Lucas,Palliser,543-255-7983,lpalliserit@samsung.com
679,Babara,Alliberton,474-239-7763,ballibertoniu@imgur.com
680,Rosetta,De Brett,329-541-6791,rdebrettiv@etsy.com
681,Avrom,Uren,473-454-6394,aureniw@google.ru
682,Jodie,Ragsdale,859-595-9259,jragsdaleix@acquirethisname.com
683,Clementina,Stittle,747-797-5901,cstittleiy@weather.com
684,Lorette,Rivlin,141-999-7697,lrivliniz@ucsd.edu
685,Sherline,Londors,388-810-1401,slondorsj0@de.vu
686,Donal,Fruin,942-225-2958,dfruinj1@angelfire.com
687,Roxanne,Kolis,212-966-9381,rkolisj2@pagesperso-orange.fr
688,Letizia,Linnitt,881-983-4133,llinnittj3@photobucket.com
689,Nona,Keer,471-780-5687,nkeerj4@weebly.com
690,Corine,Preedy,665-130-4672,cpreedyj5@unc.edu
691,Vittorio,Denisovo,390-286-3482,vdenisovoj6@google.fr
692,Marilee,Celiz,239-128-3783,mcelizj7@vimeo.com
693,Drew,Thominga,564-352-4903,dthomingaj8@goo.ne.jp
694,Nerta,Schriren,830-910-3487,nschrirenj9@flickr.com
695,Iona,O' Bee,683-104-5913,iobeeja@deviantart.com
696,Krystalle,Bewley,780-209-2896,kbewleyjb@ucla.edu
697,Benji,Salzen,693-863-0649,bsalzenjc@people.com.cn
698,Cly,Lade,506-788-3815,cladejd@cloudflare.com
699,Eldredge,MacGilmartin,774-417-5305,emacgilmartinje@discuz.net
700,Jori,Zelland,941-314-4300,jzellandjf@dailymail.co.uk
701,Noel,Marfield,321-534-5299,nmarfieldjg@blogs.com
702,Lon,Stelljes,109-964-3140,lstelljesjh@domainmarket.com
703,Zaccaria,Guinane,309-789-9809,zguinaneji@newsvine.com
704,Adena,Farra,379-662-6784,afarrajj@tumblr.com
705,Zachariah,Jura,236-176-9824,zjurajk@linkedin.com
706,Gordon,Musico,182-822-1231,gmusicojl@stumbleupon.com
707,Basia,Simonot,635-237-8376,bsimonotjm@ning.com
708,Gordie,Brent,319-906-2055,gbrentjn@qq.com
709,Giordano,Dewes,858-304-6068,gdewesjo@dedecms.com
710,Juliann,Akister,248-680-8032,jakisterjp@tinypic.com
711,Tammy,Bett,704-875-1745,tbettjq@thetimes.co.uk
712,Delora,Spelman,853-938-0251,dspelmanjr@cisco.com
713,Simonette,Brabin,824-242-0518,sbrabinjs@engadget.com
714,Benedetta,Inkpin,478-898-1065,binkpinjt@g.co
715,Vassily,Pedlingham,918-838-7491,vpedlinghamju@google.co.uk
716,Haydon,Alkin,955-827-3135,halkinjv@amazon.de
717,Mason,Felten,687-215-7772,mfeltenjw@purevolume.com
718,Aurie,Gallifont,172-424-1948,agallifontjx@smh.com.au
719,Peterus,Ogelsby,626-845-6123,pogelsbyjy@about.com
720,Doralyn,Dillway,126-220-7409,ddillwayjz@walmart.com
721,Boigie,Josskowitz,400-431-4467,bjosskowitzk0@qq.com
722,Francine,Bromidge,548-588-9796,fbromidgek1@theatlantic.com
723,Janene,Kinge,507-867-9339,jkingek2@google.com
724,Ailee,Sharer,882-838-5757,asharerk3@china.com.cn
725,Casi,Readwin,154-276-8333,creadwink4@cocolog-nifty.com
726,Leslie,McCreery,897-983-0132,lmccreeryk5@cargocollective.com
727,Hal,Pattenden,155-430-3928,hpattendenk6@free.fr
728,Adolf,Gecks,203-376-4698,agecksk7@mysql.com
729,Anetta,Marrett,830-478-4880,amarrettk8@phpbb.com
730,Drake,Postins,346-522-9731,dpostinsk9@cdc.gov
731,Ev,Kineton,486-473-9382,ekinetonka@amazon.de
732,Weylin,Hankey,472-525-9213,whankeykb@dmoz.org
733,Donnie,Cayser,112-108-0698,dcayserkc@parallels.com
734,Scotty,Illem,983-466-0019,sillemkd@nyu.edu
735,Serene,Gonnin,963-833-9964,sgonninke@ed.gov
736,Jerrie,Ivanchikov,234-460-3560,jivanchikovkf@1688.com
737,Aleta,Scattergood,564-492-8967,ascattergoodkg@forbes.com
738,Kass,Granham,194-331-6454,kgranhamkh@cnn.com
739,Burt,Gurry,841-181-7717,bgurryki@fotki.com
740,Andrei,Drake,170-266-0334,adrakekj@cpanel.net
741,Batholomew,Kinze,636-483-4512,bkinzekk@purevolume.com
742,Grace,Kilian,319-674-7498,gkiliankl@army.mil
743,Heall,Borham,670-435-8726,hborhamkm@google.com.au
744,Veronika,Reape,885-658-6834,vreapekn@multiply.com
745,Vikky,Amori,738-267-0697,vamoriko@shutterfly.com
746,Nola,Hathway,341-201-9849,nhathwaykp@accuweather.com
747,Fergus,Witnall,662-909-9829,fwitnallkq@aboutads.info
748,Morrie,Allston,368-509-1736,mallstonkr@phpbb.com
749,Marlene,Josselson,212-186-6730,mjosselsonks@aol.com
750,Chicky,Rilton,149-634-9867,criltonkt@nasa.gov
751,Galvin,Rosell,309-992-3271,grosellku@stanford.edu
752,Corilla,Newcom,516-551-5898,cnewcomkv@telegraph.co.uk
753,Rudyard,McAloren,721-992-0414,rmcalorenkw@abc.net.au
754,Cosmo,Alekhov,205-785-5250,calekhovkx@blinklist.com
755,Konstance,Pagett,871-165-1172,kpagettky@blogspot.com
756,Eldin,Hardware,667-220-2607,ehardwarekz@hubpages.com
757,Pip,Domerc,337-703-5260,pdomercl0@oaic.gov.au
758,Tony,Pawelec,583-556-3689,tpawelecl1@princeton.edu
759,Moyra,Kroger,689-911-1393,mkrogerl2@alexa.com
760,Lamar,Karel,971-669-8893,lkarell3@google.ru
761,Davie,Reddick,728-338-3780,dreddickl4@sfgate.com
762,Cinda,Palfreman,538-802-9896,cpalfremanl5@sfgate.com
763,Field,Fontin,363-293-8163,ffontinl6@taobao.com
764,Glenda,Vail,989-991-8146,gvaill7@altervista.org
765,Genny,Cummine,314-308-3968,gcumminel8@time.com
766,Christen,Ringsell,576-248-5632,cringselll9@ycombinator.com
767,Pieter,Feldberger,548-135-4998,pfeldbergerla@chronoengine.com
768,Winfred,Gloy,781-938-7478,wgloylb@dailymotion.com
769,Valida,Brymner,183-585-3833,vbrymnerlc@dedecms.com
770,Merwin,Asche,458-643-0918,mascheld@rambler.ru
771,Ilka,Mazella,626-963-3630,imazellale@wikispaces.com
772,Kore,Brattell,785-625-0927,kbrattelllf@people.com.cn
773,Sigismondo,Vannucci,506-596-6157,svannuccilg@jugem.jp
774,Neal,McGeechan,338-293-2972,nmcgeechanlh@virginia.edu
775,Stephen,Isaq,943-701-8478,sisaqli@vistaprint.com
776,Gregoire,Babalola,547-695-8997,gbabalolalj@e-recht24.de
777,Margette,Hierro,262-809-3214,mhierrolk@networksolutions.com
778,Crichton,Seely,784-480-8746,cseelyll@craigslist.org
779,Rafi,Minmagh,260-566-2629,rminmaghlm@pbs.org
780,Flore,Stitwell,735-906-0933,fstitwellln@craigslist.org
781,Melony,Wackly,541-554-2828,mwacklylo@icio.us
782,Orazio,Cavell,805-617-9856,ocavelllp@imgur.com
783,Amii,Brothers,598-753-1512,abrotherslq@spotify.com
784,Joshia,Glossup,609-296-9241,jglossuplr@joomla.org
785,Dalli,Phlippi,476-695-9898,dphlippils@moonfruit.com
786,Candice,Jimpson,470-586-5920,cjimpsonlt@ucoz.ru
787,Rosaleen,Trahar,676-113-8770,rtraharlu@oaic.gov.au
788,Ortensia,Fittes,450-681-5062,ofitteslv@myspace.com
789,Marylin,Castaignet,330-959-4498,mcastaignetlw@ucsd.edu
790,Timmie,Sinott,888-532-8949,tsinottlx@unblog.fr
791,Kalila,Relph,297-617-3570,krelphly@skype.com
792,Mavra,Aymerich,949-700-1264,maymerichlz@cornell.edu
793,Brandtr,Arthurs,577-894-7746,barthursm0@nih.gov
794,Winslow,Davers,418-773-2406,wdaversm1@time.com
795,Micheal,Topper,932-793-1221,mtopperm2@people.com.cn
796,Laurie,Taberer,383-745-8080,ltabererm3@adobe.com
797,Rosalinde,Boam,320-383-5128,rboamm4@princeton.edu
798,Rodrick,Harsnep,391-553-2320,rharsnepm5@washingtonpost.com
799,Boycie,Enefer,251-168-1384,beneferm6@edublogs.org
800,Jacky,Ailmer,895-376-8703,jailmerm7@cnbc.com
801,Amata,Redrup,828-243-9416,aredrupm8@amazon.com
802,Inglis,Pulfer,848-173-0067,ipulferm9@gmpg.org
803,Laird,Arthur,586-372-3662,larthurma@reuters.com
804,Norby,Vasichev,832-740-3970,nvasichevmb@aboutads.info
805,Rhonda,O'Brollachain,581-903-7384,robrollachainmc@freewebs.com
806,Brock,Giuron,195-109-5988,bgiuronmd@hubpages.com
807,Pierce,Kenset,195-412-3671,pkensetme@digg.com
808,Torre,Gokes,606-940-9620,tgokesmf@wordpress.org
809,Henderson,Moggle,319-857-5605,hmogglemg@lulu.com
810,Moishe,Oran,400-823-8779,moranmh@ed.gov
811,Rod,Menghi,152-597-8467,rmenghimi@zimbio.com
812,Maud,Hudghton,930-511-7456,mhudghtonmj@dropbox.com
813,Ricardo,Lempke,740-791-5255,rlempkemk@prnewswire.com
814,Clotilda,Ottewill,774-570-9930,cottewillml@dropbox.com
815,Stinky,Agronski,375-442-0867,sagronskimm@ow.ly
816,Evey,Pennini,679-706-8395,epenninimn@homestead.com
817,Nathan,Relfe,766-684-0800,nrelfemo@tripadvisor.com
818,Aline,Tite,363-489-2371,atitemp@accuweather.com
819,Lotta,Battany,288-389-1556,lbattanymq@seesaa.net
820,Gratiana,Smallridge,589-263-1033,gsmallridgemr@youtube.com
821,Sybila,Laverock,769-721-8287,slaverockms@odnoklassniki.ru
822,Germana,Greatorex,920-149-6362,ggreatorexmt@simplemachines.org
823,Eula,Luthwood,495-116-7650,eluthwoodmu@reuters.com
824,Ardyce,Painten,242-880-3250,apaintenmv@sciencedirect.com
825,Logan,Kaasman,848-805-7827,lkaasmanmw@creativecommons.org
826,Nikki,Mallen,862-556-2532,nmallenmx@networkadvertising.org
827,Adrian,Kaysor,973-672-1099,akaysormy@weather.com
828,Ignatius,MacCorley,364-444-8217,imaccorleymz@goodreads.com
829,Meghan,Scotchbourouge,740-192-1566,mscotchbourougen0@paypal.com
830,Lauren,Sawtell,784-405-3309,lsawtelln1@utexas.edu
831,Arron,Prosek,726-693-5049,aprosekn2@amazon.de
832,Benoit,Raspison,153-751-5309,braspisonn3@narod.ru
833,Jolynn,Barrass,911-626-5680,jbarrassn4@sitemeter.com
834,Miguelita,Aldersley,522-864-4467,maldersleyn5@odnoklassniki.ru
835,Stanfield,Cluderay,843-867-7438,scluderayn6@army.mil
836,Bobbi,Baptie,671-218-5512,bbaptien7@wordpress.com
837,Chantalle,Bailes,293-286-6230,cbailesn8@weibo.com
838,Marwin,Bofield,838-684-5447,mbofieldn9@earthlink.net
839,Caryl,Janew,933-984-5167,cjanewna@ocn.ne.jp
840,Yank,Adnet,947-758-9045,yadnetnb@weibo.com
841,Francine,Seakings,964-195-6580,fseakingsnc@booking.com
842,Hildagarde,Ivancevic,558-183-4703,hivancevicnd@jigsy.com
843,Debera,Ludgrove,902-344-4547,dludgrovene@google.it
844,Hube,Quinsee,659-284-7022,hquinseenf@so-net.ne.jp
845,Alanson,Roobottom,215-538-0408,aroobottomng@typepad.com
846,Marleen,Simoncelli,356-791-9567,msimoncellinh@census.gov
847,Alene,Clinning,623-696-1818,aclinningni@mozilla.org
848,Candida,Tersay,775-551-5848,ctersaynj@webmd.com
849,Griffie,Dunmore,560-582-1576,gdunmorenk@google.de
850,Red,Dunsmore,601-517-2817,rdunsmorenl@wix.com
851,Minni,Stitfall,588-516-4951,mstitfallnm@php.net
852,Blaine,McLeman,624-988-6965,bmclemannn@dmoz.org
853,Theodosia,Rizzi,282-430-4973,trizzino@forbes.com
854,Wilmar,Eddowes,688-945-7749,weddowesnp@stumbleupon.com
855,Valentina,Hasty,645-166-3927,vhastynq@ox.ac.uk
856,Zaria,Widdecombe,512-108-1570,zwiddecombenr@japanpost.jp
857,Vivi,Winspear,923-316-8300,vwinspearns@hp.com
858,Prentice,Fahrenbacher,710-511-8106,pfahrenbachernt@netvibes.com
859,Patty,Ablett,403-492-8764,pablettnu@prnewswire.com
860,Kerianne,Smales,134-948-8771,ksmalesnv@dmoz.org
861,Bartholomeus,Webben,683-599-7078,bwebbennw@homestead.com
862,Seymour,Pernell,976-466-9138,spernellnx@npr.org
863,Helaina,Ashborne,947-755-5275,hashborneny@mit.edu
864,Maxwell,Aspling,722-738-0153,masplingnz@printfriendly.com
865,Beverley,Davitt,592-965-2415,bdavitto0@twitter.com
866,Reg,Clarabut,760-306-3161,rclarabuto1@google.com.hk
867,Kirbee,Doughty,674-495-9384,kdoughtyo2@skype.com
868,Benoite,Erridge,475-598-1178,berridgeo3@java.com
869,Janine,Veryan,880-137-6756,jveryano4@indiegogo.com
870,Dallis,Breedy,432-269-1228,dbreedyo5@statcounter.com
871,Ruthanne,Sutton,135-452-3057,rsuttono6@dyndns.org
872,Leonardo,Treske,469-705-1969,ltreskeo7@princeton.edu
873,Giuditta,Filpo,722-604-8207,gfilpoo8@photobucket.com
874,Inna,Marini,404-448-7886,imarinio9@msn.com
875,Roldan,Minto,471-188-0246,rmintooa@1688.com
876,Kristos,Paulsson,236-512-6752,kpaulssonob@gizmodo.com
877,Ellette,Rilston,711-982-4509,erilstonoc@elegantthemes.com
878,Valina,Albiston,821-550-0986,valbistonod@comsenz.com
879,Angy,Klamp,653-227-3501,aklampoe@indiegogo.com
880,Kenneth,Longbone,242-232-3861,klongboneof@dion.ne.jp
881,Bobbe,Ronaldson,630-268-1177,bronaldsonog@google.com.hk
882,Cassandre,Kruszelnicki,854-285-6250,ckruszelnickioh@squidoo.com
883,Verena,Sappell,404-164-8501,vsappelloi@yellowbook.com
884,Christan,Dohrmann,792-608-3292,cdohrmannoj@weather.com
885,Selig,Bretelle,326-278-9940,sbretelleok@parallels.com
886,Edna,Choake,513-711-7511,echoakeol@netscape.com
887,Mitchael,Fullom,630-932-7074,mfullomom@weebly.com
888,Sheila,Dudderidge,514-268-4659,sdudderidgeon@diigo.com
889,Christabel,Zanicchi,176-482-8306,czanicchioo@alibaba.com
890,Hobard,Page,831-280-8026,hpageop@g.co
891,Roley,Darnell,796-784-4779,rdarnelloq@youtube.com
892,Davine,Pash,256-658-9971,dpashor@abc.net.au
893,Julietta,Oglethorpe,877-102-9318,joglethorpeos@simplemachines.org
894,Purcell,Wichard,990-627-5181,pwichardot@virginia.edu
895,Skipp,Iacobacci,709-671-2579,siacobacciou@reddit.com
896,Levi,Doppler,802-950-3360,ldopplerov@arizona.edu
897,Rinaldo,Breffitt,558-893-5351,rbreffittow@cmu.edu
898,Hugues,Hane,255-532-8480,hhaneox@google.de
899,Erhart,Andreaccio,638-975-4687,eandreacciooy@stumbleupon.com
900,Padriac,Avramchik,184-378-8864,pavramchikoz@huffingtonpost.com
901,Roscoe,Rodie,624-350-4737,rrodiep0@blogspot.com
902,Melva,Goodacre,603-740-8119,mgoodacrep1@dagondesign.com
903,Hyacinth,Guisler,854-982-0136,hguislerp2@chronoengine.com
904,Bathsheba,Patching,887-208-8727,bpatchingp3@slashdot.org
905,Odell,Snare,854-136-6958,osnarep4@globo.com
906,Glennie,Leamon,627-759-9669,gleamonp5@ihg.com
907,Dulcinea,O Mullen,868-162-5092,domullenp6@eepurl.com
908,Ripley,O' Byrne,780-550-9541,robyrnep7@example.com
909,Kenny,Cuvley,554-423-6559,kcuvleyp8@guardian.co.uk
910,Delores,Vedeneev,240-772-0933,dvedeneevp9@businessweek.com
911,Timi,Backshaw,462-612-7954,tbackshawpa@businessweek.com
912,Merry,Raphael,798-124-3172,mraphaelpb@cpanel.net
913,Justis,Shyram,828-369-2563,jshyrampc@answers.com
914,Mikaela,Pickrell,913-531-8930,mpickrellpd@hao123.com
915,Dyanne,Gloyens,869-675-9382,dgloyenspe@shareasale.com
916,Siffre,Gethouse,630-163-2169,sgethousepf@phoca.cz
917,Yorke,Calkin,758-146-8960,ycalkinpg@google.cn
918,Teodora,Gonsalo,168-382-1366,tgonsaloph@shareasale.com
919,Sisely,Weightman,786-189-7039,sweightmanpi@xrea.com
920,Tammie,Rought,195-174-6259,troughtpj@issuu.com
921,Eydie,Cremen,211-463-5682,ecremenpk@last.fm
922,Nissie,Henbury,479-487-6331,nhenburypl@fotki.com
923,Nickie,Proom,918-313-5791,nproompm@ameblo.jp
924,Malvina,Peyro,151-832-2210,mpeyropn@hud.gov
925,Iain,Maltster,733-460-4943,imaltsterpo@wikispaces.com
926,Nola,Gadie,488-564-1093,ngadiepp@desdev.cn
927,Ericka,Ricardon,640-135-7359,ericardonpq@pbs.org
928,Guinevere,Duran,305-828-4148,gduranpr@flavors.me
929,Buddy,Rapinett,565-874-5421,brapinettps@lulu.com
930,Jud,Meadows,341-892-7175,jmeadowspt@blogtalkradio.com
931,Kipp,Sherebrooke,690-114-8586,ksherebrookepu@cbc.ca
932,Elizabet,Ferrotti,217-915-9412,eferrottipv@narod.ru
933,Dino,Antczak,711-922-2423,dantczakpw@amazonaws.com
934,Lucille,Eloy,846-844-3367,leloypx@bbc.co.uk
935,Ianthe,Jutson,158-971-0000,ijutsonpy@instagram.com
936,Virgie,Epelett,401-348-4933,vepelettpz@yolasite.com
937,Romeo,Burhill,665-454-1271,rburhillq0@omniture.com
938,Quint,Cricket,726-409-5472,qcricketq1@networksolutions.com
939,Leanna,Biesty,305-885-1336,lbiestyq2@gov.uk
940,Elias,Romera,800-676-5596,eromeraq3@ibm.com
941,Marcellina,Spridgen,792-721-4128,mspridgenq4@posterous.com
942,Riki,Vuitte,917-473-6762,rvuitteq5@japanpost.jp
943,Derrick,Thinn,830-189-3715,dthinnq6@networkadvertising.org
944,Fanya,Folomkin,914-203-1494,ffolomkinq7@exblog.jp
945,Doris,Henlon,777-148-1666,dhenlonq8@pen.io
946,Hermon,Sergent,508-410-7343,hsergentq9@ucla.edu
947,Hattie,Topling,889-133-4682,htoplingqa@yahoo.co.jp
948,Fergus,Chasle,413-784-8964,fchasleqb@wix.com
949,Dione,Shucksmith,475-212-6472,dshucksmithqc@msn.com
950,Brewster,Gaggen,687-581-8862,bgaggenqd@nhs.uk
951,Mercie,Skepper,242-861-0746,mskepperqe@bloomberg.com
952,Celia,Sanper,898-857-9319,csanperqf@icq.com
953,Damon,McKeaney,283-502-1525,dmckeaneyqg@oracle.com
954,Marena,Luffman,655-988-5063,mluffmanqh@yale.edu
955,Josefa,Couvet,181-596-0067,jcouvetqi@godaddy.com
956,Cathlene,Trytsman,851-532-7197,ctrytsmanqj@cisco.com
957,Denver,Frie,440-342-0066,dfrieqk@cnn.com
958,Domeniga,Sherrin,880-104-0485,dsherrinql@fc2.com
959,Erl,Newham,401-775-8450,enewhamqm@vkontakte.ru
960,Catha,Blewis,147-742-0505,cblewisqn@netvibes.com
961,Pattie,Elfes,451-635-0234,pelfesqo@europa.eu
962,Leodora,Shard,691-235-7992,lshardqp@fastcompany.com
963,Woodrow,Fahey,663-373-6161,wfaheyqq@geocities.jp
964,Ferdie,Narey,293-992-4690,fnareyqr@patch.com
965,Chane,Vaskov,265-184-0290,cvaskovqs@github.io
966,Wendye,Boone,621-872-0698,wbooneqt@nymag.com
967,Staci,Gossop,467-735-3367,sgossopqu@pagesperso-orange.fr
968,Yasmin,Pennuzzi,772-904-9776,ypennuzziqv@tinyurl.com
969,Sylvan,Inggall,306-366-8154,singgallqw@theglobeandmail.com
970,Benni,Scottrell,364-558-8902,bscottrellqx@printfriendly.com
971,Dell,Ennor,563-632-3281,dennorqy@hud.gov
972,Jillie,Guidini,904-518-4981,jguidiniqz@blogtalkradio.com
973,Genovera,Girkin,848-145-6958,ggirkinr0@com.com
974,Shanon,Lias,959-988-7805,sliasr1@globo.com
975,Lacie,Bayless,849-953-1770,lbaylessr2@phpbb.com
976,Calypso,Klampt,960-301-7788,cklamptr3@myspace.com
977,Babette,Dodgson,727-718-8282,bdodgsonr4@discuz.net
978,Arthur,Pren,398-268-0181,aprenr5@addtoany.com
979,Donovan,Bruckenthal,148-971-0906,dbruckenthalr6@artisteer.com
980,Arman,Favel,563-844-9865,afavelr7@noaa.gov
981,Kalle,Kleewein,811-277-2090,kkleeweinr8@state.tx.us
982,Ramsey,Brayshay,360-328-6166,rbrayshayr9@narod.ru
983,Colette,Varney,846-691-1365,cvarneyra@businessinsider.com
984,Quintana,Boerderman,726-946-7168,qboerdermanrb@huffingtonpost.com
985,Brose,Colvine,907-846-2135,bcolvinerc@printfriendly.com
986,Holden,Doddemeade,894-180-1228,hdoddemeaderd@pagesperso-orange.fr
987,Sheryl,Schirach,685-907-3417,sschirachre@pen.io
988,Janine,Blacklock,403-175-3000,jblacklockrf@tiny.cc
989,Byran,Poser,861-911-8824,bposerrg@dmoz.org
990,Celisse,LeEstut,442-481-5831,cleestutrh@acquirethisname.com
991,Abbye,Mayward,188-532-9200,amaywardri@last.fm
992,Arlie,Cogger,832-687-7446,acoggerrj@nymag.com
993,Katti,Gollop,255-975-2488,kgolloprk@ifeng.com
994,Elwira,Creighton,250-506-4979,ecreightonrl@who.int
995,Sylvia,Pfaffe,668-866-9281,spfafferm@liveinternet.ru
996,Lynnell,Cutbirth,873-888-5506,lcutbirthrn@ucoz.com
997,Dickie,Dumphy,980-976-8693,ddumphyro@constantcontact.com
998,Linette,Libbey,547-701-0493,llibbeyrp@census.gov
999,Marguerite,Clayworth,730-609-0717,mclayworthrq@skyrock.com
1000,Nanette,McQuaker,644-858-0266,nmcquakerrr@usnews.com
