id,facility,first_name,last_name,phone,email
1001,,Erina,Allenby,925-319-8523,eallenby0@cloudflare.com
1002,,Milli,Trevains,404-548-2802,mtrevains1@flickr.com
1003,,Pattin,Reolfo,963-839-4083,preolfo2@jiathis.com
1004,,Barth,Tevlin,461-481-0486,btevlin3@jimdo.com
1005,,Tedie,Blakeman,285-190-6365,tblakeman4@yellowbook.com
1006,,Dominique,Callard,304-586-1097,dcallard5@slideshare.net
1007,,Zacharie,Barhems,243-372-9922,zbarhems6@ihg.com
1008,,Sheelah,Spikins,203-592-5906,sspikins7@auda.org.au
1009,,Ryann,Brideaux,645-842-5325,rbrideaux8@oakley.com
1010,,Shirline,Bremmell,113-330-2300,sbremmell9@cloudflare.com
1011,,Port,Samuel,573-931-9491,psamuela@goo.gl
1012,,Ernst,Towler,246-496-1855,etowlerb@angelfire.com
1013,,Batholomew,Lightwing,877-364-8885,blightwingc@fc2.com
1014,,Celisse,MacTrustey,896-393-3204,cmactrusteyd@usgs.gov
1015,,Laurie,Bonsey,680-792-8633,lbonseye@nationalgeographic.com
1016,,Anna,Gouck,644-329-2388,agouckf@google.co.uk
1017,,Teddie,Serrier,811-133-4066,tserrierg@dot.gov
1018,,Merilee,Basten,382-699-0626,mbastenh@uol.com.br
1019,,Noelle,Allnutt,867-116-4637,nallnutti@cocolog-nifty.com
1020,,Justino,Olyff,700-289-2749,jolyffj@paypal.com
1021,,Saxe,Perceval,720-111-5825,spercevalk@intel.com
1022,,Bryna,Mennithorp,797-568-4143,bmennithorpl@si.edu
1023,,Filbert,Gitting,143-635-5138,fgittingm@answers.com
1024,,Ingeborg,Sporrij,233-432-0364,isporrijn@baidu.com
1025,,Alberik,Buick,890-243-1250,abuicko@imageshack.us
1026,,Lauri,McKinn,581-581-3932,lmckinnp@ucsd.edu
1027,,Berkley,Uphill,509-357-2402,buphillq@e-recht24.de
1028,,Jeramey,Danbrook,487-142-2484,jdanbrookr@ucla.edu
1029,,Griffy,Yakobovicz,305-216-2903,gyakoboviczs@mail.ru
1030,,Forrest,Chansonnau,226-640-4185,fchansonnaut@europa.eu
1031,,Kylynn,Shadrack,485-637-3378,kshadracku@people.com.cn
1032,,Martha,Benoiton,519-583-0613,mbenoitonv@dagondesign.com
1033,,Estelle,Traice,626-687-1920,etraicew@wikispaces.com
1034,,Ermengarde,Willgrass,402-433-2426,ewillgrassx@diigo.com
1035,,Howard,Fahy,402-698-5625,hfahyy@independent.co.uk
1036,,Costa,Matveiko,781-672-7445,cmatveikoz@instagram.com
1037,,Tove,Choppen,265-578-0893,tchoppen10@senate.gov
1038,,Ursala,Delf,818-509-1269,udelf11@washingtonpost.com
1039,,Bondon,Lapping,524-138-3312,blapping12@soundcloud.com
1040,,Onfre,Coggell,167-721-8368,ocoggell13@shutterfly.com
1041,,Kaela,McDowall,380-803-9976,kmcdowall14@hexun.com
1042,,Mayne,Nisius,712-566-9829,mnisius15@google.de
1043,,Wynn,Lechmere,415-264-4669,wlechmere16@theglobeandmail.com
1044,,Tamarah,Rosser,749-621-2026,trosser17@scientificamerican.com
1045,,Andonis,Ambrozewicz,305-318-6454,aambrozewicz18@goo.gl
1046,,Eldredge,Czaple,586-227-4784,eczaple19@vinaora.com
1047,,Tami,Syvret,106-315-1235,tsyvret1a@g.co
1048,,Hamnet,Learmonth,558-876-1286,hlearmonth1b@sourceforge.net
1049,,Dahlia,Oxe,977-508-5857,doxe1c@youtu.be
1050,,Ange,Barensky,314-451-4076,abarensky1d@cbslocal.com
1051,,Sidonia,Wooland,110-885-9118,swooland1e@odnoklassniki.ru
1052,,Anthiathia,Benstead,208-304-9082,abenstead1f@statcounter.com
1053,,Myrle,Harrison,362-246-8751,mharrison1g@tripadvisor.com
1054,,Arnaldo,Fesby,815-502-6975,afesby1h@delicious.com
1055,,Wake,Frostick,992-598-5068,wfrostick1i@salon.com
1056,,Munroe,Reboul,339-422-0447,mreboul1j@mit.edu
1057,,Riccardo,Escofier,652-585-2280,rescofier1k@time.com
1058,,Clive,Devers,629-664-1894,cdevers1l@naver.com
1059,,Tiphani,Qualtro,244-821-7877,tqualtro1m@1688.com
1060,,Selestina,Leadstone,117-889-0531,sleadstone1n@virginia.edu
1061,,Anatole,Gadaud,590-254-7817,agadaud1o@army.mil
1062,,Devan,Linstead,298-305-5909,dlinstead1p@free.fr
1063,,Angy,Sonner,652-374-9965,asonner1q@boston.com
1064,,Neron,Losselyong,924-548-4761,nlosselyong1r@over-blog.com
1065,,Nadeen,Haythornthwaite,549-700-5222,nhaythornthwaite1s@gov.uk
1066,,Belle,Reisin,921-412-2132,breisin1t@senate.gov
1067,,Letti,Shannon,865-751-5719,lshannon1u@a8.net
1068,,Grissel,Winspar,998-243-2708,gwinspar1v@macromedia.com
1069,,Kendra,Loosmore,974-101-6255,kloosmore1w@qq.com
1070,,Portia,Andrini,785-837-6547,pandrini1x@google.com
1071,,Kaycee,Burndred,477-752-5224,kburndred1y@qq.com
1072,,Channa,Gowlett,211-947-2156,cgowlett1z@wired.com
1073,,Aldwin,Osman,999-100-3653,aosman20@flavors.me
1074,,Katusha,McKeveney,334-673-7952,kmckeveney21@mysql.com
1075,,Normie,Hannis,633-181-1778,nhannis22@ftc.gov
1076,,Cary,Baldwin,153-176-1048,cbaldwin23@blog.com
1077,,Nettie,Gelletly,872-939-2657,ngelletly24@ihg.com
1078,,Adriane,Fassam,242-914-3409,afassam25@clickbank.net
1079,,Chickie,Hannigane,379-602-2263,channigane26@about.me
1080,,Gris,Sprigings,916-144-5239,gsprigings27@apple.com
1081,,Mandy,O'Duilleain,728-309-2577,moduilleain28@fc2.com
1082,,Lanni,Iffland,816-932-9520,liffland29@sakura.ne.jp
1083,,Aubine,Bartolommeo,402-465-1149,abartolommeo2a@google.cn
1084,,Sarine,Bailie,388-718-6271,sbailie2b@flickr.com
1085,,Derrek,Brightey,356-465-7008,dbrightey2c@lycos.com
1086,,Christophe,Oglesbee,949-361-9176,coglesbee2d@example.com
1087,,Ferrell,Ligertwood,420-896-9089,fligertwood2e@opensource.org
1088,,Tabb,Maddinon,424-787-3943,tmaddinon2f@taobao.com
1089,,Felicle,Erett,997-637-9442,ferett2g@mozilla.org
1090,,Veronica,O' Hogan,644-311-8179,vohogan2h@columbia.edu
1091,,Honoria,Rayne,747-785-1722,hrayne2i@google.co.uk
1092,,Arron,Waeland,578-644-6181,awaeland2j@answers.com
1093,,Hollyanne,Petel,363-821-1155,hpetel2k@admin.ch
1094,,Hyacinthia,Campey,736-554-4805,hcampey2l@twitter.com
1095,,Joan,Frend,813-109-6391,jfrend2m@bravesites.com
1096,,Yale,Keneford,838-103-0763,ykeneford2n@house.gov
1097,,Marjy,Maric,677-129-5676,mmaric2o@nationalgeographic.com
1098,,Arluene,Pochet,691-276-9875,apochet2p@opera.com
1099,,Greta,Pettisall,268-287-5840,gpettisall2q@marriott.com
1100,,Ernest,Quittonden,205-847-3064,equittonden2r@cnn.com
1101,,Florette,Sally,557-318-9053,fsally2s@bbb.org
1102,,Sherline,Buyers,426-511-7506,sbuyers2t@sciencedaily.com
1103,,Ajay,Brawn,345-245-5815,abrawn2u@comcast.net
1104,,Taddeusz,Haysom,566-659-8143,thaysom2v@clickbank.net
1105,,Coletta,Cuffley,344-958-2823,ccuffley2w@netscape.com
1106,,Philipa,McIlmorow,966-130-3529,pmcilmorow2x@live.com
1107,,Raoul,Gebuhr,167-823-1990,rgebuhr2y@bluehost.com
1108,,Ailene,Shovlar,716-990-8209,ashovlar2z@chicagotribune.com
1109,,Corabelle,Wicklen,122-399-1629,cwicklen30@weibo.com
1110,,Zsa zsa,Bysouth,179-857-6985,zbysouth31@cnet.com
1111,,Hillier,Dearell,954-981-6991,hdearell32@free.fr
1112,,Ulrike,Roderham,839-599-7174,uroderham33@dailymotion.com
1113,,Corrie,Thowes,270-186-9413,cthowes34@cbslocal.com
1114,,Dody,Pettisall,881-805-6759,dpettisall35@naver.com
1115,,Karlis,Clemenza,475-190-2488,kclemenza36@vkontakte.ru
1116,,Vicky,Creech,858-152-9191,vcreech37@imdb.com
1117,,Kelcy,Kenworthey,972-255-8334,kkenworthey38@php.net
1118,,Shoshanna,Bumby,485-662-6884,sbumby39@tripod.com
1119,,Franklyn,Layus,989-646-8352,flayus3a@reference.com
1120,,Nickolai,Largen,559-946-6086,nlargen3b@yellowpages.com
1121,,Quintus,Malatalant,493-282-2624,qmalatalant3c@dagondesign.com
1122,,Pascale,Hars,908-173-6282,phars3d@hibu.com
1123,,Stevy,Burnage,666-203-0532,sburnage3e@wsj.com
1124,,Kelli,Marfell,125-485-3360,kmarfell3f@google.nl
1125,,Sylvia,Vinter,140-731-7205,svinter3g@paypal.com
1126,,Collete,Aggio,847-545-7337,caggio3h@upenn.edu
1127,,Claudie,Aronow,727-340-2320,caronow3i@reuters.com
1128,,Gusella,Fancy,808-337-6967,gfancy3j@cloudflare.com
1129,,Klarika,Cordingley,116-446-6111,kcordingley3k@comsenz.com
1130,,Durward,Goggey,244-549-5794,dgoggey3l@nydailynews.com
1131,,Booth,Cabena,369-470-6334,bcabena3m@sitemeter.com
1132,,Patty,Frampton,863-177-6567,pframpton3n@clickbank.net
1133,,Marcellus,Newens,571-948-0788,mnewens3o@gnu.org
1134,,Tamara,Oboy,365-169-7501,toboy3p@1und1.de
1135,,Claudie,Skett,676-875-9561,cskett3q@xinhuanet.com
1136,,Cozmo,Emeny,956-277-8639,cemeny3r@omniture.com
1137,,Torie,Guyot,386-454-0866,tguyot3s@about.me
1138,,Magdalena,Dzenisenka,771-516-9153,mdzenisenka3t@fastcompany.com
1139,,Benyamin,Oslar,483-198-4013,boslar3u@yandex.ru
1140,,Ryann,Howels,121-272-5004,rhowels3v@ted.com
1141,,Beryl,Espinel,976-292-0885,bespinel3w@g.co
1142,,Dalli,Pietersma,986-149-2071,dpietersma3x@ezinearticles.com
1143,,Marianne,Hurburt,498-599-9571,mhurburt3y@reference.com
1144,,Renaud,Fintoph,231-498-5470,rfintoph3z@alexa.com
1145,,Valaree,Wilprecht,571-441-9589,vwilprecht40@mozilla.org
1146,,Hallsy,Duerden,185-711-3825,hduerden41@fc2.com
1147,,Bengt,Benza,623-934-7198,bbenza42@mapquest.com
1148,,Alyda,Leroy,817-676-3449,aleroy43@wikia.com
1149,,Opaline,Muckleston,958-952-9268,omuckleston44@google.de
1150,,Remington,Quarles,865-722-4005,rquarles45@bloomberg.com
1151,,Guntar,Elphinstone,966-646-7189,gelphinstone46@google.com.au
1152,,Artur,Bizley,762-361-5953,abizley47@ed.gov
1153,,Willdon,Brosh,793-570-0527,wbrosh48@gravatar.com
1154,,Estevan,Mulleary,432-344-4846,emulleary49@yellowbook.com
1155,,Roselia,Growcott,524-343-7963,rgrowcott4a@nba.com
1156,,Susi,Mercey,197-987-9967,smercey4b@uol.com.br
1157,,Chrotoem,Marchand,791-819-6218,cmarchand4c@about.com
1158,,Lon,Samet,322-834-1927,lsamet4d@ycombinator.com
1159,,Nataniel,Kither,555-716-9116,nkither4e@cornell.edu
1160,,Madlin,Samter,498-980-5528,msamter4f@smugmug.com
1161,,Franciska,Clandillon,366-142-5400,fclandillon4g@biblegateway.com
1162,,Amii,Caldroni,797-169-1754,acaldroni4h@miitbeian.gov.cn
1163,,Brenda,Worsham,528-484-6601,bworsham4i@w3.org
1164,,Ginevra,Runsey,640-504-0141,grunsey4j@hhs.gov
1165,,Earlie,Overstreet,188-752-3754,eoverstreet4k@apache.org
1166,,Tessi,Minchinton,796-805-7925,tminchinton4l@vkontakte.ru
1167,,Hobart,Lowell,392-741-7889,hlowell4m@patch.com
1168,,Joycelin,Slee,676-118-1205,jslee4n@nasa.gov
1169,,Pierre,Talbot,413-362-0973,ptalbot4o@ftc.gov
1170,,Corty,Rickett,565-655-5827,crickett4p@clickbank.net
1171,,Amandy,Spillett,624-479-5420,aspillett4q@about.com
1172,,Leon,Steutly,818-918-2294,lsteutly4r@hubpages.com
1173,,Thedrick,Minero,954-397-2064,tminero4s@cam.ac.uk
1174,,Tymon,Purton,604-513-7597,tpurton4t@sitemeter.com
1175,,Sargent,Hardwich,808-927-0825,shardwich4u@sourceforge.net
1176,,Ky,Beekman,349-210-7785,kbeekman4v@360.cn
1177,,Gracia,Seif,804-226-3797,gseif4w@google.cn
1178,,Stefan,Woollhead,361-951-0180,swoollhead4x@indiegogo.com
1179,,Rafe,Bladesmith,612-830-8628,rbladesmith4y@kickstarter.com
1180,,Renard,Frango,563-598-6186,rfrango4z@whitehouse.gov
1181,,Davis,Andrzejowski,327-986-9362,dandrzejowski50@rakuten.co.jp
1182,,Maryrose,Sijmons,213-364-7075,msijmons51@reference.com
1183,,Gennifer,Crumbleholme,830-132-5803,gcrumbleholme52@mail.ru
1184,,Bird,Gavin,600-433-5659,bgavin53@wp.com
1185,,Clarey,Haworth,665-462-2171,chaworth54@spotify.com
1186,,Luke,Verrick,273-250-1547,lverrick55@ihg.com
1187,,Beverie,Forsdike,365-417-4203,bforsdike56@delicious.com
1188,,Vitia,Foulcher,248-114-9120,vfoulcher57@google.co.jp
1189,,Alasdair,Dillistone,234-729-0054,adillistone58@chicagotribune.com
1190,,Addie,Dahle,554-667-4412,adahle59@hatena.ne.jp
1191,,Beryl,Ivery,466-443-9441,bivery5a@sina.com.cn
1192,,Logan,Silwood,625-257-1781,lsilwood5b@tripadvisor.com
1193,,Aurlie,Corton,181-630-0210,acorton5c@ovh.net
1194,,Eli,Gounin,962-830-5527,egounin5d@zimbio.com
1195,,Karoline,Marousek,193-477-2495,kmarousek5e@studiopress.com
1196,,Crystal,Blamires,556-873-0243,cblamires5f@wired.com
1197,,Lenka,Attewill,798-828-0363,lattewill5g@list-manage.com
1198,,Sherline,Raiman,971-904-5064,sraiman5h@4shared.com
1199,,Binky,Lawton,595-249-5835,blawton5i@webmd.com
1200,,Zared,Yousef,919-856-8646,zyousef5j@admin.ch
1201,,Hill,Brigstock,457-628-6971,hbrigstock5k@nytimes.com
1202,,Andriette,O'Malley,392-198-4224,aomalley5l@imageshack.us
1203,,Noah,Helversen,252-914-3652,nhelversen5m@desdev.cn
1204,,Oona,Loges,582-453-1661,ologes5n@pen.io
1205,,Erma,Noonan,101-647-6541,enoonan5o@over-blog.com
1206,,Dalli,Gurery,186-605-2359,dgurery5p@alibaba.com
1207,,Leyla,Saddleton,945-291-4696,lsaddleton5q@epa.gov
1208,,Norrie,Lambkin,783-760-4894,nlambkin5r@t.co
1209,,Bradney,Rigge,224-231-5801,brigge5s@booking.com
1210,,Tremaine,Leavesley,405-973-8867,tleavesley5t@flavors.me
1211,,Edythe,Deniskevich,810-941-5941,edeniskevich5u@usgs.gov
1212,,Alyssa,Bonham,727-359-8318,abonham5v@blogs.com
1213,,Traci,Hartnell,649-524-2367,thartnell5w@over-blog.com
1214,,Thurston,Colson,235-387-0417,tcolson5x@dion.ne.jp
1215,,Edith,Thom,807-598-9949,ethom5y@techcrunch.com
1216,,Ruthe,Rucklidge,814-829-8774,rrucklidge5z@globo.com
1217,,Ariana,Oliphand,594-366-6328,aoliphand60@networksolutions.com
1218,,Katuscha,Rosellini,107-472-7890,krosellini61@mail.ru
1219,,Aloin,Storrock,369-183-1238,astorrock62@taobao.com
1220,,Fred,McCallister,833-461-6396,fmccallister63@symantec.com
1221,,Dannie,Nairy,139-934-3083,dnairy64@is.gd
1222,,Rois,MacMichael,600-288-8864,rmacmichael65@tmall.com
1223,,Alison,Mylan,395-754-1945,amylan66@pagesperso-orange.fr
1224,,Raimundo,Ricart,908-326-6883,rricart67@desdev.cn
1225,,Jakob,Jedrzej,231-515-7267,jjedrzej68@thetimes.co.uk
1226,,Anabelle,Clampe,519-358-5907,aclampe69@moonfruit.com
1227,,Gearalt,Karby,428-187-6030,gkarby6a@boston.com
1228,,Giana,Sandhill,430-711-5571,gsandhill6b@google.co.uk
1229,,Wit,Quince,475-242-4281,wquince6c@cyberchimps.com
1230,,Filippo,Persent,332-349-5924,fpersent6d@wix.com
1231,,Brandtr,Roswarne,706-156-0574,broswarne6e@hc360.com
1232,,Modestine,Cattermoul,816-390-7903,mcattermoul6f@bigcartel.com
1233,,Veronika,Frigout,808-783-4533,vfrigout6g@macromedia.com
1234,,Etti,Bagnal,523-609-6211,ebagnal6h@hibu.com
1235,,Marinna,Wimp,632-602-2779,mwimp6i@prnewswire.com
1236,,Selle,Gircke,801-673-4615,sgircke6j@mediafire.com
1237,,Merle,Sammon,278-543-7301,msammon6k@yellowpages.com
1238,,Lucais,Pharro,382-993-0793,lpharro6l@irs.gov
1239,,Nolly,Potten,815-143-7782,npotten6m@webs.com
1240,,Kesley,Clutton,446-327-3834,kclutton6n@icq.com
1241,,Nata,Kennea,422-259-1858,nkennea6o@slideshare.net
1242,,Etty,Morman,738-169-6725,emorman6p@slashdot.org
1243,,Lazare,MacGibbon,943-102-2567,lmacgibbon6q@samsung.com
1244,,Malynda,Press,603-474-8870,mpress6r@dell.com
1245,,Ravid,Ludwig,233-928-3403,rludwig6s@ocn.ne.jp
1246,,Lindon,Riveles,731-447-0863,lriveles6t@ehow.com
1247,,Darill,Bowdidge,931-650-0057,dbowdidge6u@mozilla.com
1248,,Rafe,Goggey,509-933-0821,rgoggey6v@wired.com
1249,,Elroy,Brabin,541-454-1124,ebrabin6w@yale.edu
1250,,Nissa,Titterrell,950-149-7969,ntitterrell6x@sina.com.cn
1251,,Matthieu,Burdis,199-786-4328,mburdis6y@boston.com
1252,,Gabrila,Butters,582-366-6132,gbutters6z@wp.com
1253,,Bride,Hurche,229-596-3999,bhurche70@simplemachines.org
1254,,Wolf,Veasey,925-301-8264,wveasey71@auda.org.au
1255,,Nance,Smurfit,860-570-5677,nsmurfit72@sphinn.com
1256,,Ethe,Bessett,121-260-5863,ebessett73@ifeng.com
1257,,Freddi,Westnage,350-271-3496,fwestnage74@cloudflare.com
1258,,Corry,Master,445-767-0348,cmaster75@reuters.com
1259,,Pegeen,Clyant,504-869-5497,pclyant76@guardian.co.uk
1260,,Hamid,Dow,894-737-1269,hdow77@pbs.org
1261,,Anny,Coumbe,639-318-6265,acoumbe78@businessweek.com
1262,,Lishe,Keddy,992-519-4828,lkeddy79@usnews.com
1263,,Bette,Papa,821-901-4370,bpapa7a@apache.org
1264,,Chad,Faithorn,376-747-3900,cfaithorn7b@newyorker.com
1265,,Carlie,Dudlestone,952-240-8017,cdudlestone7c@cyberchimps.com
1266,,Loren,Frill,968-602-6762,lfrill7d@xing.com
1267,,Bonnibelle,Crosio,218-803-6140,bcrosio7e@taobao.com
1268,,Yardley,Stagge,245-808-1197,ystagge7f@hud.gov
1269,,Carrissa,Barnaby,735-224-7211,cbarnaby7g@google.it
1270,,Hilly,Harroway,143-264-3302,hharroway7h@simplemachines.org
1271,,Timmie,Lindstrom,659-136-8086,tlindstrom7i@indiegogo.com
1272,,Charmine,Kliement,229-618-2364,ckliement7j@e-recht24.de
1273,,Alejandro,Finlason,845-998-0676,afinlason7k@vistaprint.com
1274,,Blanche,Pantlin,618-948-3918,bpantlin7l@nps.gov
1275,,Fulton,Boddington,303-264-8002,fboddington7m@apple.com
1276,,Rhiamon,MacKeague,520-815-6176,rmackeague7n@comsenz.com
1277,,Ettore,Maymand,280-816-6235,emaymand7o@tiny.cc
1278,,Jules,Reason,968-316-3092,jreason7p@gov.uk
1279,,Imogene,Keetley,685-614-5283,ikeetley7q@oakley.com
1280,,Katha,Usher,916-188-2229,kusher7r@washingtonpost.com
1281,,Berti,Possell,383-834-8828,bpossell7s@ihg.com
1282,,Kermit,Camelia,284-290-3479,kcamelia7t@aol.com
1283,,Brittaney,Amberson,589-369-2945,bamberson7u@go.com
1284,,Erwin,Getten,348-517-1757,egetten7v@zimbio.com
1285,,Sayres,Weddeburn,537-366-9116,sweddeburn7w@oracle.com
1286,,Annemarie,Hastwell,164-766-4784,ahastwell7x@squarespace.com
1287,,Monro,Cyples,958-663-9623,mcyples7y@xing.com
1288,,Shannen,Wilbore,368-256-5131,swilbore7z@webs.com
1289,,Mendel,Jellybrand,402-141-5802,mjellybrand80@so-net.ne.jp
1290,,Evangelina,Breens,263-801-9863,ebreens81@cafepress.com
1291,,Ferrel,Spennock,465-474-5698,fspennock82@clickbank.net
1292,,Maximilianus,Cromwell,730-638-9691,mcromwell83@amazon.com
1293,,Donnie,Damato,262-324-2786,ddamato84@newsvine.com
1294,,Lauralee,Ashlin,751-175-0323,lashlin85@google.de
1295,,Allsun,Sickling,824-290-4684,asickling86@seattletimes.com
1296,,Garrott,Moncey,610-291-2074,gmoncey87@java.com
1297,,Abagael,Stuke,876-298-1741,astuke88@goo.gl
1298,,Violetta,Simmgen,602-621-6160,vsimmgen89@ed.gov
1299,,Quentin,Lenahan,600-998-6937,qlenahan8a@xing.com
1300,,Tarrah,Lean,338-728-5547,tlean8b@sogou.com
1301,,Jolene,Tantum,244-757-2377,jtantum8c@weebly.com
1302,,Seline,Lordon,209-315-7465,slordon8d@cdbaby.com
1303,,Lexine,Kenward,731-923-7473,lkenward8e@boston.com
1304,,Aloise,Franklin,696-920-1499,afranklin8f@cbc.ca
1305,,Romain,Goodbarne,279-415-0532,rgoodbarne8g@reverbnation.com
1306,,Griz,Carslaw,645-490-1088,gcarslaw8h@newyorker.com
1307,,Jade,Moxon,755-851-3460,jmoxon8i@berkeley.edu
1308,,Orsa,Stockdale,137-446-8054,ostockdale8j@mapy.cz
1309,,Hussein,Sidaway,941-698-7387,hsidaway8k@sciencedaily.com
1310,,Kele,Woolfenden,154-933-9225,kwoolfenden8l@pen.io
1311,,Omar,Judge,571-623-6253,ojudge8m@apple.com
1312,,Claude,Mayer,433-924-5289,cmayer8n@flickr.com
1313,,Darelle,Forge,923-265-3776,dforge8o@devhub.com
1314,,Antons,Bosence,111-263-2356,abosence8p@uiuc.edu
1315,,Daile,Busher,290-502-9325,dbusher8q@europa.eu
1316,,Kerr,Folland,934-503-4389,kfolland8r@trellian.com
1317,,Shelley,Trevan,780-479-3155,strevan8s@ehow.com
1318,,Meridel,Pethick,293-205-5502,mpethick8t@xing.com
1319,,Renate,Simla,901-219-2982,rsimla8u@ameblo.jp
1320,,Nathanial,Ravenscroftt,451-176-7226,nravenscroftt8v@mit.edu
1321,,Rosemaria,Hearson,638-213-4564,rhearson8w@infoseek.co.jp
1322,,Zach,De Rechter,778-678-6970,zderechter8x@so-net.ne.jp
1323,,Powell,Lambis,187-236-4536,plambis8y@wikimedia.org
1324,,Anatole,Weddeburn - Scrimgeour,481-224-0202,aweddeburnscrimgeour8z@yale.edu
1325,,Pinchas,Scowcraft,268-648-3497,pscowcraft90@friendfeed.com
1326,,Paco,Vevers,171-149-4723,pvevers91@howstuffworks.com
1327,,Blaine,Kopelman,732-843-2280,bkopelman92@freewebs.com
1328,,Ainslie,Coombe,496-966-2383,acoombe93@cocolog-nifty.com
1329,,Haley,Kraft,308-675-0516,hkraft94@cam.ac.uk
1330,,Cletis,Bleasdille,668-500-5191,cbleasdille95@java.com
1331,,Clayborn,Fullilove,190-580-6971,cfullilove96@ifeng.com
1332,,Fionna,Dmitrievski,464-699-8388,fdmitrievski97@prnewswire.com
1333,,Royal,Mannix,454-559-7771,rmannix98@timesonline.co.uk
1334,,Claribel,Casol,488-416-4771,ccasol99@oakley.com
1335,,Monika,Brereton,177-871-2264,mbrereton9a@springer.com
1336,,Clevie,Merle,588-818-1751,cmerle9b@unc.edu
1337,,Gwenneth,Jaxon,614-594-5627,gjaxon9c@purevolume.com
1338,,Terry,Clausius,421-130-2027,tclausius9d@is.gd
1339,,Odilia,Muckley,740-256-1082,omuckley9e@nba.com
1340,,Julieta,Warrilow,530-756-3710,jwarrilow9f@mac.com
1341,,Price,Heliot,308-301-3632,pheliot9g@usgs.gov
1342,,Velma,Muffitt,284-739-3793,vmuffitt9h@odnoklassniki.ru
1343,,Paige,Padgham,249-784-7730,ppadgham9i@diigo.com
1344,,Kinny,Hymans,359-766-1842,khymans9j@example.com
1345,,Salaidh,Craig,147-214-8856,scraig9k@wix.com
1346,,Ingelbert,Giroldo,394-309-6336,igiroldo9l@issuu.com
1347,,Gnni,Crambie,240-930-1765,gcrambie9m@weebly.com
1348,,Sancho,Willimont,547-859-8034,swillimont9n@oaic.gov.au
1349,,Silas,Pattenden,737-347-9012,spattenden9o@indiatimes.com
1350,,Aurlie,Oughtright,695-109-5802,aoughtright9p@weebly.com
1351,,Dene,Woolley,459-964-1395,dwoolley9q@msu.edu
1352,,Fleurette,Derye-Barrett,757-837-7347,fderyebarrett9r@uol.com.br
1353,,Dinny,Fanshaw,294-992-3572,dfanshaw9s@icio.us
1354,,Gusella,Brigstock,766-527-5008,gbrigstock9t@about.me
1355,,Sarette,Kerridge,816-411-6173,skerridge9u@free.fr
1356,,Wilhelmina,Rogan,631-585-2653,wrogan9v@omniture.com
1357,,Zelig,Brazil,690-659-7755,zbrazil9w@opera.com
1358,,Joli,Grafton,640-864-3587,jgrafton9x@cargocollective.com
1359,,Tucker,Ewdale,843-796-3173,tewdale9y@google.es
1360,,Cammy,Brickstock,426-713-4674,cbrickstock9z@sciencedirect.com
1361,,Marice,Comben,502-125-8235,mcombena0@163.com
1362,,Shayla,Blabie,886-940-7303,sblabiea1@1und1.de
1363,,Taddeusz,Winridge,441-891-4885,twinridgea2@independent.co.uk
1364,,Darrell,Gleaves,907-425-8428,dgleavesa3@bandcamp.com
1365,,Cordell,Gabbitas,108-981-4844,cgabbitasa4@dion.ne.jp
1366,,Cal,Bukac,147-941-3619,cbukaca5@hexun.com
1367,,Rossy,Ribeiro,550-400-0062,rribeiroa6@1und1.de
1368,,Beitris,Skirvane,164-577-6963,bskirvanea7@1und1.de
1369,,Belvia,Edelheit,978-304-2479,bedelheita8@house.gov
1370,,Jessalin,Kirtlan,286-724-3398,jkirtlana9@geocities.jp
1371,,Becki,Anthonies,434-158-4804,banthoniesaa@bloomberg.com
1372,,Frasier,Pretorius,852-458-8452,fpretoriusab@topsy.com
1373,,Tanny,Bart,605-747-0179,tbartac@virginia.edu
1374,,Margi,MacKomb,512-460-0746,mmackombad@baidu.com
1375,,Liuka,Knowller,609-905-7442,lknowllerae@nbcnews.com
1376,,Wynny,Pim,566-229-8565,wpimaf@telegraph.co.uk
1377,,Iorgos,Razoux,863-969-9593,irazouxag@tripod.com
1378,,Reinhard,Hornung,120-723-6530,rhornungah@constantcontact.com
1379,,Tedie,Pettit,622-466-6217,tpettitai@friendfeed.com
1380,,Ellerey,Olorenshaw,594-442-5224,eolorenshawaj@cmu.edu
1381,,Den,Barstowk,138-366-3491,dbarstowkak@newyorker.com
1382,,Leland,Howard,766-534-5532,lhowardal@amazonaws.com
1383,,Ronna,Petroselli,718-996-1654,rpetroselliam@cnet.com
1384,,Ezekiel,Maken,439-126-3625,emakenan@github.io
1385,,Van,Arrowsmith,445-488-3616,varrowsmithao@blog.com
1386,,Rodrique,Viccary,603-292-4789,rviccaryap@photobucket.com
1387,,Hulda,Ellit,480-238-0963,hellitaq@slideshare.net
1388,,Nedi,Devlin,564-175-8060,ndevlinar@google.co.uk
1389,,Zelig,Iliffe,988-327-6420,ziliffeas@miibeian.gov.cn
1390,,Vanna,Hopkins,869-793-1877,vhopkinsat@who.int
1391,,Conan,Bindin,734-791-1848,cbindinau@skyrock.com
1392,,Leon,Brymham,426-216-5916,lbrymhamav@uiuc.edu
1393,,Stirling,Latey,321-406-5076,slateyaw@amazon.com
1394,,Tarra,Philippet,206-740-2969,tphilippetax@bloglovin.com
1395,,Shepperd,Erwin,702-517-8794,serwinay@slashdot.org
1396,,Rem,Panyer,704-190-7028,rpanyeraz@vk.com
1397,,Moore,Jowett,611-828-5719,mjowettb0@51.la
1398,,Pammy,Ditch,418-417-5244,pditchb1@ocn.ne.jp
1399,,Dody,Penrose,852-680-1773,dpenroseb2@guardian.co.uk
1400,,Fitz,Chastenet,765-378-4361,fchastenetb3@irs.gov
1401,,Caralie,Deluze,170-700-9752,cdeluzeb4@freewebs.com
1402,,Avrom,Phipson,173-556-3781,aphipsonb5@deliciousdays.com
1403,,Allsun,Croneen,639-940-6973,acroneenb6@yellowpages.com
1404,,Kearney,Corain,829-245-5823,kcorainb7@auda.org.au
1405,,Candis,Kenneway,585-143-4777,ckennewayb8@mit.edu
1406,,Rhetta,Champagne,833-479-2441,rchampagneb9@bluehost.com
1407,,Garnette,Grangier,434-390-0631,ggrangierba@gizmodo.com
1408,,Craig,Teek,221-834-6235,cteekbb@hatena.ne.jp
1409,,Adelheid,Scranney,247-449-3674,ascranneybc@wsj.com
1410,,Damiano,Pexton,686-686-8779,dpextonbd@vistaprint.com
1411,,Marika,Caudray,316-218-9064,mcaudraybe@latimes.com
1412,,Arabelle,Standbrook,677-687-1654,astandbrookbf@shareasale.com
1413,,Tome,Malt,631-577-5736,tmaltbg@trellian.com
1414,,Mommy,Hughesdon,843-542-3487,mhughesdonbh@cbc.ca
1415,,Cazzie,Garrish,572-413-2351,cgarrishbi@livejournal.com
1416,,Tedman,Sedgemond,429-407-5444,tsedgemondbj@bloglines.com
1417,,Jorey,Tesmond,990-391-8665,jtesmondbk@google.fr
1418,,Zackariah,Cubitt,734-179-7358,zcubittbl@yellowpages.com
1419,,Hardy,Lottrington,900-214-2454,hlottringtonbm@vinaora.com
1420,,Bowie,Rapin,430-500-8150,brapinbn@networkadvertising.org
1421,,Lian,Le Blond,674-994-6972,lleblondbo@sitemeter.com
1422,,Garvey,Wimlet,125-934-0811,gwimletbp@1und1.de
1423,,Jammie,Cocking,848-367-0205,jcockingbq@google.com
1424,,Rubin,Fivey,891-147-9412,rfiveybr@ezinearticles.com
1425,,Edgard,Dacca,812-338-4546,edaccabs@bravesites.com
1426,,Carey,Nicklinson,284-111-4012,cnicklinsonbt@statcounter.com
1427,,Charity,Motten,520-103-8901,cmottenbu@mapquest.com
1428,,Cassie,Francois,643-329-1645,cfrancoisbv@quantcast.com
1429,,Damien,Wyllis,914-811-0121,dwyllisbw@baidu.com
1430,,Aveline,Forsdike,484-472-2076,aforsdikebx@sina.com.cn
1431,,Dee,Ingerfield,811-946-3550,dingerfieldby@forbes.com
1432,,Alden,Ree,446-913-6287,areebz@mac.com
1433,,Rainer,Summerly,157-939-9500,rsummerlyc0@eventbrite.com
1434,,Bearnard,O' Flaherty,521-896-0569,boflahertyc1@senate.gov
1435,,Lianne,Toms,467-917-6205,ltomsc2@tmall.com
1436,,Sophronia,Bellas,508-748-4112,sbellasc3@dailymail.co.uk
1437,,Geri,Borles,244-472-7623,gborlesc4@nhs.uk
1438,,Hew,Witchell,232-679-9574,hwitchellc5@wordpress.com
1439,,Toni,Kentwell,895-952-0733,tkentwellc6@bloglovin.com
1440,,Barbabra,Pilsworth,305-947-0598,bpilsworthc7@discuz.net
1441,,Alano,Goddard,638-313-9419,agoddardc8@last.fm
1442,,Katuscha,Clappson,815-494-1541,kclappsonc9@unicef.org
1443,,Netty,Pine,936-357-1310,npineca@ibm.com
1444,,Andrus,Guise,722-267-1931,aguisecb@mozilla.com
1445,,Nappie,Danes,529-602-1977,ndanescc@people.com.cn
1446,,Fernandina,Stirzaker,904-794-9776,fstirzakercd@blogger.com
1447,,Dareen,Cromley,106-348-2876,dcromleyce@illinois.edu
1448,,Cletus,Gimblett,982-885-7226,cgimblettcf@skype.com
1449,,Lishe,Hantusch,370-186-6334,lhantuschcg@independent.co.uk
1450,,Abagail,Ellams,219-716-1398,aellamsch@netscape.com
1451,,Ivan,Grishinov,866-951-8164,igrishinovci@accuweather.com
1452,,Ambrose,Milton,535-146-6111,amiltoncj@cnn.com
1453,,Reilly,Bittlestone,966-693-5259,rbittlestoneck@woothemes.com
1454,,Jean,Ellcome,519-285-2131,jellcomecl@msu.edu
1455,,Reinaldo,Rhead,808-261-9725,rrheadcm@google.cn
1456,,Kinnie,Suston,705-134-0205,ksustoncn@dot.gov
1457,,Fair,Spyer,129-392-3460,fspyerco@dell.com
1458,,Koressa,Enrrico,623-907-8183,kenrricocp@wsj.com
1459,,Rakel,Freer,297-754-5278,rfreercq@illinois.edu
1460,,Winnah,Fishe,326-926-9975,wfishecr@furl.net
1461,,Irina,Cluelow,708-553-6817,icluelowcs@buzzfeed.com
1462,,Adi,Greville,125-209-6201,agrevillect@wikispaces.com
1463,,Dorelia,Megarrell,136-648-8937,dmegarrellcu@plala.or.jp
1464,,Bald,Taverner,425-400-2739,btavernercv@infoseek.co.jp
1465,,Ozzy,Gilbank,579-994-3029,ogilbankcw@gov.uk
1466,,Federico,Lehr,687-215-4460,flehrcx@51.la
1467,,Hynda,Tenbrug,200-306-0751,htenbrugcy@bloglines.com
1468,,Dorothea,Hallan,458-361-8704,dhallancz@shutterfly.com
1469,,Dionysus,Straughan,486-262-0028,dstraughand0@irs.gov
1470,,Gabbie,Scrivner,466-662-4474,gscrivnerd1@blinklist.com
1471,,Bart,Tilbury,313-917-7817,btilburyd2@addtoany.com
1472,,Godfry,Kellard,382-248-9417,gkellardd3@npr.org
1473,,Shandy,McGrirl,609-538-8766,smcgrirld4@bloomberg.com
1474,,Rudy,Groger,548-830-5877,rgrogerd5@unesco.org
1475,,Leonora,Bool,475-186-7931,lboold6@usnews.com
1476,,Jonathan,Calladine,144-803-9060,jcalladined7@seattletimes.com
1477,,Dario,Riggert,134-986-1813,driggertd8@indiegogo.com
1478,,Rosetta,Waeland,846-988-0485,rwaelandd9@examiner.com
1479,,Giustina,Karadzas,605-134-6140,gkaradzasda@mediafire.com
1480,,Eduard,Estable,814-344-2670,eestabledb@google.de
1481,,Milissent,Shearsby,942-784-0700,mshearsbydc@de.vu
1482,,Gui,Futty,610-559-0016,gfuttydd@devhub.com
1483,,Janel,McLese,608-866-8968,jmclesede@networkadvertising.org
1484,,Deedee,McMurtyr,299-436-8654,dmcmurtyrdf@wikipedia.org
1485,,Katha,Helis,885-584-9746,khelisdg@vkontakte.ru
1486,,Krisha,Waddy,237-547-0337,kwaddydh@newyorker.com
1487,,Alena,Dowzell,287-950-3527,adowzelldi@smh.com.au
1488,,Ethelin,Bengoechea,583-332-1224,ebengoecheadj@moonfruit.com
1489,,Federico,Deyes,793-733-3030,fdeyesdk@reference.com
1490,,Boote,Scobbie,567-345-4179,bscobbiedl@unblog.fr
1491,,Aubree,Norrie,417-174-2688,anorriedm@vk.com
1492,,Adam,Gooda,515-466-7778,agoodadn@oaic.gov.au
1493,,Alfred,Jeger,204-607-2982,ajegerdo@addthis.com
1494,,Matilda,Stent,348-220-6850,mstentdp@latimes.com
1495,,Gregor,Chaston,880-365-6442,gchastondq@shutterfly.com
1496,,Oren,Monini,982-407-6550,omoninidr@live.com
1497,,Andra,Feldberg,994-214-6545,afeldbergds@unicef.org
1498,,Derick,Macieiczyk,149-686-6898,dmacieiczykdt@globo.com
1499,,Kahaleel,Sandercock,635-763-8382,ksandercockdu@netvibes.com
1500,,Fern,Allgood,718-669-1325,fallgooddv@pagesperso-orange.fr
1501,,Woodrow,Oxbrough,699-521-7557,woxbroughdw@bigcartel.com
1502,,Cecelia,Szanto,304-433-5434,cszantodx@cargocollective.com
1503,,Hewett,MacGall,238-573-6454,hmacgalldy@wired.com
1504,,Robert,Semper,844-855-9516,rsemperdz@constantcontact.com
1505,,Maury,Levet,391-607-4503,mlevete0@godaddy.com
1506,,Guss,Greedier,809-104-8091,ggreediere1@tripod.com
1507,,Daune,Bednell,499-118-9992,dbednelle2@geocities.jp
1508,,Cristie,Garmston,453-415-5819,cgarmstone3@pcworld.com
1509,,Thorstein,Caldaro,959-395-3275,tcaldaroe4@php.net
1510,,Peyter,Matz,732-162-8198,pmatze5@domainmarket.com
1511,,Angie,Kenyam,636-812-1765,akenyame6@abc.net.au
1512,,Arabele,Leynham,213-752-4236,aleynhame7@zdnet.com
1513,,Vivie,Rosenblatt,538-347-0884,vrosenblatte8@yellowbook.com
1514,,Emlyn,Manilo,203-416-0186,emaniloe9@blogspot.com
1515,,Findley,Ramsell,407-838-2194,framsellea@printfriendly.com
1516,,Nara,Parnell,508-430-2707,nparnelleb@wikimedia.org
1517,,Annadiane,Geraudy,447-420-0958,ageraudyec@yelp.com
1518,,Emmy,Desesquelle,194-110-4149,edesesquelleed@archive.org
1519,,Tiffany,Salsberg,525-418-4619,tsalsbergee@redcross.org
1520,,Xever,Tabb,193-323-5149,xtabbef@scribd.com
1521,,Lynett,Jimmes,143-572-2575,ljimmeseg@berkeley.edu
1522,,Torry,Nendick,668-970-2726,tnendickeh@mayoclinic.com
1523,,Sybil,Drohane,248-955-3566,sdrohaneei@wsj.com
1524,,Massimo,Sibborn,603-373-7754,msibbornej@fotki.com
1525,,Ann-marie,de Leon,149-394-8710,adeleonek@time.com
1526,,Corie,Wenban,889-931-5862,cwenbanel@multiply.com
1527,,Eberhard,Luckey,273-519-3966,eluckeyem@yelp.com
1528,,Davine,Sheehan,804-209-4768,dsheehanen@ehow.com
1529,,Rockwell,Govey,691-906-7483,rgoveyeo@skype.com
1530,,Broddie,Gresty,406-829-7034,bgrestyep@mac.com
1531,,Berky,Austins,849-913-7800,baustinseq@apache.org
1532,,Modesty,Bischop,375-347-0805,mbischoper@wisc.edu
1533,,Loy,Gun,254-196-4601,lgunes@unesco.org
1534,,Alexine,Bome,900-283-3611,abomeet@google.cn
1535,,Arlan,Oldroyde,345-150-9710,aoldroydeeu@netvibes.com
1536,,Lazare,Pala,919-222-6129,lpalaev@amazon.de
1537,,Constantine,Lynthal,320-569-1192,clynthalew@ftc.gov
1538,,Edmund,Phythian,833-515-9997,ephythianex@japanpost.jp
1539,,Silvester,Linnane,475-206-7260,slinnaneey@ted.com
1540,,Teodoor,Bunning,429-691-0213,tbunningez@ning.com
1541,,Lacy,Dutchburn,309-550-5578,ldutchburnf0@stumbleupon.com
1542,,Chryste,Vanderplas,467-778-3259,cvanderplasf1@ehow.com
1543,,Evangelia,Wheelan,188-362-3437,ewheelanf2@java.com
1544,,Staffard,Cornock,142-454-9400,scornockf3@state.gov
1545,,Vivia,Colliard,676-793-0747,vcolliardf4@cafepress.com
1546,,Hermine,Foddy,972-162-2615,hfoddyf5@time.com
1547,,Zaccaria,Letixier,618-787-5202,zletixierf6@dedecms.com
1548,,Mikey,Creffield,407-737-9071,mcreffieldf7@bluehost.com
1549,,Waldemar,Biles,132-391-9388,wbilesf8@zdnet.com
1550,,Rudolfo,Truckett,264-450-1361,rtruckettf9@foxnews.com
1551,,Kristan,Peare,467-378-3521,kpearefa@parallels.com
1552,,Cherry,Sharvill,908-934-7666,csharvillfb@sitemeter.com
1553,,Abbot,Nurse,306-497-8056,anursefc@google.cn
1554,,Carolee,Venditti,907-723-9166,cvendittifd@myspace.com
1555,,Marion,Henzley,384-256-4318,mhenzleyfe@mayoclinic.com
1556,,Rik,Sneezem,331-544-0207,rsneezemff@cdbaby.com
1557,,Karalynn,Gary,316-342-2172,kgaryfg@ted.com
1558,,Gwenore,Kettlestring,765-514-4975,gkettlestringfh@parallels.com
1559,,Imelda,Jouhandeau,230-112-5657,ijouhandeaufi@sciencedirect.com
1560,,Brit,Rassmann,717-105-3729,brassmannfj@uol.com.br
1561,,Ashton,Samet,319-384-7098,asametfk@mlb.com
1562,,Alyce,Eaklee,732-187-8782,aeakleefl@nationalgeographic.com
1563,,Ludwig,Davley,852-252-7419,ldavleyfm@creativecommons.org
1564,,Nona,Stanion,665-281-8930,nstanionfn@redcross.org
1565,,Alli,Hurd,894-738-9080,ahurdfo@sohu.com
1566,,Harlan,Burrel,141-597-7889,hburrelfp@accuweather.com
1567,,Letizia,Yeates,879-662-5045,lyeatesfq@topsy.com
1568,,Gennifer,Bott,106-499-7878,gbottfr@apple.com
1569,,Bernette,Priden,852-598-6362,bpridenfs@cbc.ca
1570,,Camella,Woodfield,217-277-5409,cwoodfieldft@bluehost.com
1571,,Caldwell,Aleksidze,991-698-7117,caleksidzefu@boston.com
1572,,Greer,Normaville,742-572-6299,gnormavillefv@mit.edu
1573,,Caitlin,McEwan,994-111-5965,cmcewanfw@blogtalkradio.com
1574,,Faun,Coyne,510-935-0983,fcoynefx@blogger.com
1575,,Mavis,Bittleson,368-792-7213,mbittlesonfy@cam.ac.uk
1576,,Isaac,Storrie,202-157-8350,istorriefz@ucla.edu
1577,,Maxy,Lorenz,211-280-6358,mlorenzg0@webnode.com
1578,,Averil,Okenfold,405-300-8841,aokenfoldg1@army.mil
1579,,Corly,MacFarland,359-721-4991,cmacfarlandg2@freewebs.com
1580,,Marinna,Birkett,228-969-2640,mbirkettg3@ca.gov
1581,,Reginald,McGrann,848-484-7427,rmcgranng4@cbsnews.com
1582,,Irene,Capon,403-545-2429,icapong5@aol.com
1583,,Valentine,Saltrese,101-806-1524,vsaltreseg6@fotki.com
1584,,Bale,Melville,886-524-5810,bmelvilleg7@miibeian.gov.cn
1585,,Laina,Gilcrist,272-984-8261,lgilcristg8@craigslist.org
1586,,Valentina,Glandon,769-588-1363,vglandong9@mail.ru
1587,,Maribel,Maleney,488-453-6637,mmaleneyga@networkadvertising.org
1588,,Emera,Inchbald,918-776-6622,einchbaldgb@soup.io
1589,,Nealon,Crich,217-790-6050,ncrichgc@fc2.com
1590,,Granger,Foulkes,886-544-2722,gfoulkesgd@mail.ru
1591,,Konrad,Kitchingman,111-586-7406,kkitchingmange@istockphoto.com
1592,,Irvin,Blaxter,237-796-5079,iblaxtergf@hatena.ne.jp
1593,,Roseline,Burthom,394-302-2518,rburthomgg@yahoo.co.jp
1594,,Louisette,Roughley,131-360-4654,lroughleygh@domainmarket.com
1595,,Corbet,Redfield,265-977-3056,credfieldgi@plala.or.jp
1596,,Stoddard,Keyzman,193-280-8691,skeyzmangj@usa.gov
1597,,Valentia,Tooke,560-945-9308,vtookegk@photobucket.com
1598,,Dugald,Pilger,671-860-1257,dpilgergl@gov.uk
1599,,Peg,Mateescu,705-904-3732,pmateescugm@ed.gov
1600,,Griffin,Langton,853-407-5864,glangtongn@newyorker.com
1601,,Zorine,Lorenz,243-658-6057,zlorenzgo@mac.com
1602,,Dickie,Casse,155-498-4021,dcassegp@pcworld.com
1603,,Lynnett,Davidovsky,996-382-5636,ldavidovskygq@w3.org
1604,,Ky,Sanper,983-112-2443,ksanpergr@google.com.br
1605,,Alyse,Lippo,824-417-7827,alippogs@scientificamerican.com
1606,,Ninnetta,Pezey,996-226-8043,npezeygt@t.co
1607,,Selia,Hesey,714-450-9286,sheseygu@reddit.com
1608,,Pepita,Abys,410-332-2082,pabysgv@about.me
1609,,Isis,Sigfrid,577-227-6159,isigfridgw@ox.ac.uk
1610,,Hugh,Klulisek,744-262-8176,hklulisekgx@google.co.uk
1611,,Bink,Clowney,647-996-8796,bclowneygy@geocities.com
1612,,Marilee,Bedell,188-479-1840,mbedellgz@qq.com
1613,,Britte,Bartod,709-252-1527,bbartodh0@vistaprint.com
1614,,Buck,Grigorkin,910-378-0593,bgrigorkinh1@webs.com
1615,,Elbertine,Gamlen,961-359-8860,egamlenh2@hatena.ne.jp
1616,,Hedi,De Lisle,988-843-5672,hdelisleh3@economist.com
1617,,Ynes,Wynter,258-742-7592,ywynterh4@soup.io
1618,,Raviv,Kristof,475-614-8252,rkristofh5@typepad.com
1619,,Ami,Yurkin,652-682-0646,ayurkinh6@mozilla.com
1620,,Siobhan,Beake,115-718-5312,sbeakeh7@jugem.jp
1621,,Rori,Loche,708-343-4863,rlocheh8@mozilla.org
1622,,Norbie,Farguhar,265-506-1166,nfarguharh9@tiny.cc
1623,,Birgit,Bramah,544-220-3458,bbramahha@home.pl
1624,,Anabelle,Hasker,831-374-5754,ahaskerhb@google.es
1625,,Latrena,Urion,339-231-5319,lurionhc@wikispaces.com
1626,,Chester,Styche,181-862-8912,cstychehd@1und1.de
1627,,Marge,Bein,326-495-8051,mbeinhe@ustream.tv
1628,,Hughie,Mundell,250-369-3782,hmundellhf@purevolume.com
1629,,Douglas,Marjoram,471-974-8425,dmarjoramhg@angelfire.com
1630,,Efren,Brehault,408-897-8178,ebrehaulthh@about.com
1631,,Vania,Phibb,829-917-2133,vphibbhi@fc2.com
1632,,Brandyn,Jakes,701-515-3898,bjakeshj@liveinternet.ru
1633,,Michale,Borwick,982-619-1319,mborwickhk@de.vu
1634,,Calvin,Doswell,936-647-5542,cdoswellhl@geocities.jp
1635,,Eileen,Gerler,705-207-8034,egerlerhm@webnode.com
1636,,Drucy,Paniman,755-521-1488,dpanimanhn@google.nl
1637,,Shermy,Karolovsky,906-681-6237,skarolovskyho@thetimes.co.uk
1638,,Tisha,Gymlett,524-717-3653,tgymletthp@apache.org
1639,,Garfield,Crotty,826-807-4480,gcrottyhq@toplist.cz
1640,,Bernhard,Goane,433-820-0425,bgoanehr@zdnet.com
1641,,D'arcy,Haddington,740-719-8452,dhaddingtonhs@businessinsider.com
1642,,Gloriana,Rapport,131-694-5293,grapportht@ebay.com
1643,,Devan,Padbury,924-182-5752,dpadburyhu@umn.edu
1644,,Hedvige,Croci,183-288-6690,hcrocihv@soundcloud.com
1645,,Josy,Goundrill,820-883-9266,jgoundrillhw@friendfeed.com
1646,,Dore,Fippe,671-696-3014,dfippehx@scribd.com
1647,,Chrisse,Limbrick,212-838-3273,climbrickhy@oaic.gov.au
1648,,Karlotta,Furzer,765-375-2153,kfurzerhz@harvard.edu
1649,,Egor,Danieli,227-785-4494,edanielii0@printfriendly.com
1650,,Cathee,Roselli,815-916-2490,crosellii1@tripadvisor.com
1651,,Madelena,Yablsley,893-924-5618,myablsleyi2@taobao.com
1652,,Walther,Bartoletti,916-421-1524,wbartolettii3@bravesites.com
1653,,Stormi,Chandlar,619-570-1462,schandlari4@admin.ch
1654,,Sarita,Denizet,748-331-3840,sdenizeti5@baidu.com
1655,,Sasha,Kevis,236-486-0958,skevisi6@blog.com
1656,,Robinet,Bardnam,297-988-6790,rbardnami7@twitter.com
1657,,Diane,Cancott,413-349-6642,dcancotti8@deliciousdays.com
1658,,Sydney,Phipard-Shears,424-490-9393,sphipardshearsi9@ustream.tv
1659,,Sidonia,Neeves,636-769-1905,sneevesia@slate.com
1660,,Tybi,McIlvaney,701-686-5621,tmcilvaneyib@stumbleupon.com
1661,,Sayers,Merit,100-590-9676,smeritic@ted.com
1662,,Marissa,Hellyer,694-267-1736,mhellyerid@newsvine.com
1663,,Erinna,Roofe,805-579-1790,eroofeie@geocities.com
1664,,Granthem,Cicculini,955-251-7615,gcicculiniif@ovh.net
1665,,Zedekiah,Hollyar,988-220-4296,zhollyarig@abc.net.au
1666,,Grover,Marjanovic,371-858-4336,gmarjanovicih@a8.net
1667,,Cathlene,Worms,818-571-3103,cwormsii@prlog.org
1668,,Anica,Spellsworth,796-793-7287,aspellsworthij@stanford.edu
1669,,Fair,Grelik,702-297-7915,fgrelikik@hatena.ne.jp
1670,,Steffie,Ethelstone,827-889-1110,sethelstoneil@edublogs.org
1671,,Ab,Arghent,590-220-7862,aarghentim@slashdot.org
1672,,De witt,Piegrome,712-214-4133,dpiegromein@netscape.com
1673,,Ermanno,Keely,726-964-5606,ekeelyio@uiuc.edu
1674,,Jessalyn,Geraldi,353-270-3334,jgeraldiip@businesswire.com
1675,,Wallace,McAllaster,535-998-7732,wmcallasteriq@google.com.hk
1676,,Callie,Yexley,275-871-3591,cyexleyir@blogspot.com
1677,,Kincaid,Vondrasek,303-218-1033,kvondrasekis@theglobeandmail.com
1678,,Muire,Smorthit,746-456-4428,msmorthitit@timesonline.co.uk
1679,,Gar,Iglesia,990-274-9424,giglesiaiu@sciencedaily.com
1680,,Cordy,Kennewell,830-292-0281,ckennewelliv@mayoclinic.com
1681,,Justus,Newbury,370-687-2474,jnewburyiw@wikia.com
1682,,Jaquelin,Skipp,716-351-1077,jskippix@csmonitor.com
1683,,Miran,Volage,260-696-1648,mvolageiy@mediafire.com
1684,,Veriee,Bellfield,729-252-7597,vbellfieldiz@mashable.com
1685,,Arlene,McElwee,282-143-6135,amcelweej0@nytimes.com
1686,,Emlen,Ship,719-565-5455,eshipj1@army.mil
1687,,Al,Dreng,941-167-2242,adrengj2@tiny.cc
1688,,Conway,Bevan,400-563-2408,cbevanj3@vimeo.com
1689,,Allister,Showers,911-138-1992,ashowersj4@friendfeed.com
1690,,Jo-anne,Raund,478-607-1101,jraundj5@ifeng.com
1691,,Conni,Gosling,400-927-2053,cgoslingj6@storify.com
1692,,De witt,Lauchlan,494-897-0229,dlauchlanj7@sbwire.com
1693,,Alphard,Doll,845-111-3038,adollj8@irs.gov
1694,,Julia,Koppens,665-643-9638,jkoppensj9@smh.com.au
1695,,Tersina,Gaukroger,914-561-8571,tgaukrogerja@springer.com
1696,,Angela,Giveen,939-403-5371,agiveenjb@nytimes.com
1697,,Anetta,Lafoy,688-709-2204,alafoyjc@mediafire.com
1698,,Celka,Dugget,808-367-6239,cduggetjd@devhub.com
1699,,Clarie,Capner,172-502-2357,ccapnerje@princeton.edu
1700,,Nissa,Mohammad,194-114-2577,nmohammadjf@woothemes.com
1701,,Tobye,Riddick,868-132-3441,triddickjg@samsung.com
1702,,Cherin,Platts,350-855-6948,cplattsjh@photobucket.com
1703,,Mufinella,Ivanishchev,451-742-0764,mivanishchevji@list-manage.com
1704,,Milo,Smallwood,176-597-1059,msmallwoodjj@samsung.com
1705,,Melania,Valentine,522-927-0479,mvalentinejk@google.es
1706,,Bartholomew,Fellenor,647-294-6900,bfellenorjl@sun.com
1707,,Jackquelin,Duthie,819-499-1108,jduthiejm@friendfeed.com
1708,,Carol-jean,Maher,189-621-7282,cmaherjn@1688.com
1709,,Carmen,Gooday,853-528-0453,cgoodayjo@businessweek.com
1710,,Albrecht,Fink,335-347-7449,afinkjp@sbwire.com
1711,,Philomena,Wankling,488-920-6405,pwanklingjq@slashdot.org
1712,,Federica,Hanlin,637-122-3675,fhanlinjr@feedburner.com
1713,,Irina,Whetnall,757-864-2856,iwhetnalljs@sakura.ne.jp
1714,,Frants,Matthai,641-950-5032,fmatthaijt@purevolume.com
1715,,Hetti,Garden,169-778-8526,hgardenju@addthis.com
1716,,Charlton,Orpyne,212-376-7246,corpynejv@hc360.com
1717,,Averell,Rens,483-382-0526,arensjw@edublogs.org
1718,,Bonnee,Merrin,670-764-2891,bmerrinjx@npr.org
1719,,Bettine,Iliff,878-301-7812,biliffjy@nsw.gov.au
1720,,Katine,Corrigan,944-287-9171,kcorriganjz@opera.com
1721,,Marcos,Strang,430-279-1737,mstrangk0@scientificamerican.com
1722,,Avril,Fulep,702-416-8018,afulepk1@addtoany.com
1723,,Brooke,Verheijden,536-556-4769,bverheijdenk2@latimes.com
1724,,Granny,Langridge,701-381-8481,glangridgek3@dot.gov
1725,,Susie,Rossin,748-392-4724,srossink4@discuz.net
1726,,Edna,Leneve,852-474-6482,elenevek5@craigslist.org
1727,,Wolfgang,Obray,403-155-9069,wobrayk6@microsoft.com
1728,,Cathlene,Gilley,922-871-7205,cgilleyk7@upenn.edu
1729,,Laverna,MacGiolla,523-906-6016,lmacgiollak8@salon.com
1730,,Orelee,LAbbet,892-726-7757,olabbetk9@amazonaws.com
1731,,Chandra,Tottie,354-264-9969,ctottieka@deliciousdays.com
1732,,Hayden,Sydry,979-801-2835,hsydrykb@altervista.org
1733,,Jessie,Magwood,975-220-5751,jmagwoodkc@princeton.edu
1734,,Gill,Pfaff,373-639-5909,gpfaffkd@theglobeandmail.com
1735,,Cal,Castiglione,501-518-2462,ccastiglioneke@digg.com
1736,,Kimberlyn,Sebert,819-617-4851,ksebertkf@multiply.com
1737,,Margarita,Cuppleditch,827-168-2874,mcuppleditchkg@independent.co.uk
1738,,Lulu,Beeble,883-392-2350,lbeeblekh@ovh.net
1739,,Beverley,Spatig,170-589-8284,bspatigki@hostgator.com
1740,,Torey,Seagrave,147-240-4709,tseagravekj@nasa.gov
1741,,Grayce,Fielden,948-470-1423,gfieldenkk@foxnews.com
1742,,Nickolai,Creak,925-808-8813,ncreakkl@ucsd.edu
1743,,Vinny,Grimsditch,869-515-7831,vgrimsditchkm@cnn.com
1744,,Rob,Kempson,610-515-7841,rkempsonkn@ca.gov
1745,,Nikola,McCay,843-173-0504,nmccayko@comsenz.com
1746,,Heindrick,Whiskin,113-828-3313,hwhiskinkp@webmd.com
1747,,Joceline,Nelthorpe,971-994-1029,jnelthorpekq@cdbaby.com
1748,,Siward,Garken,348-222-7676,sgarkenkr@wufoo.com
1749,,Valida,Newtown,513-999-5645,vnewtownks@sfgate.com
1750,,Brewer,Lufkin,818-723-6097,blufkinkt@taobao.com
1751,,Danyette,Gaunter,102-690-9955,dgaunterku@amazon.de
1752,,Revkah,Pallas,289-199-4020,rpallaskv@jiathis.com
1753,,Vinni,Dowers,521-464-8317,vdowerskw@hud.gov
1754,,Kim,Callf,237-730-3525,kcallfkx@mysql.com
1755,,April,Neno,245-422-4442,anenoky@github.com
1756,,Merilee,Lytell,212-101-6263,mlytellkz@rambler.ru
1757,,Penrod,MacPaden,202-976-7997,pmacpadenl0@typepad.com
1758,,Felicia,Philippou,135-602-3590,fphilippoul1@newsvine.com
1759,,Morna,Gauvin,547-567-3777,mgauvinl2@imageshack.us
1760,,Read,Parres,148-307-7339,rparresl3@fema.gov
1761,,Korry,Grant,237-534-2628,kgrantl4@themeforest.net
1762,,Darcy,Skidmore,852-249-0322,dskidmorel5@netvibes.com
1763,,Abrahan,Westney,695-590-4948,awestneyl6@thetimes.co.uk
1764,,Kris,Shippey,370-581-4377,kshippeyl7@ameblo.jp
1765,,Reece,Rubra,620-727-1659,rrubral8@tiny.cc
1766,,Diahann,Talton,268-710-9252,dtaltonl9@issuu.com
1767,,Konstance,Brunsen,444-211-1971,kbrunsenla@google.com
1768,,Marcus,Skains,863-687-6231,mskainslb@ycombinator.com
1769,,Shelby,O'Glessane,882-643-9404,soglessanelc@ning.com
1770,,Skip,Paterson,947-768-0042,spatersonld@ebay.com
1771,,Scottie,Cianni,128-414-8756,sciannile@webmd.com
1772,,Melisent,Pinor,239-815-5855,mpinorlf@phoca.cz
1773,,Tito,Savaage,728-488-5724,tsavaagelg@imdb.com
1774,,Taryn,Pessler,484-981-8853,tpesslerlh@comcast.net
1775,,Gail,Beautyman,159-188-5599,gbeautymanli@icq.com
1776,,Paloma,Waddam,171-433-1654,pwaddamlj@dailymotion.com
1777,,Colin,Phizacklea,717-225-2141,cphizacklealk@diigo.com
1778,,Bonnie,Falck,158-154-7917,bfalckll@columbia.edu
1779,,Merrick,Rupp,953-281-5424,mrupplm@nytimes.com
1780,,Heidi,Tapton,853-418-6707,htaptonln@thetimes.co.uk
1781,,Nollie,Barritt,389-125-9073,nbarrittlo@reddit.com
1782,,Deonne,Bewshaw,240-561-5976,dbewshawlp@spiegel.de
1783,,Correna,Belsey,213-138-9310,cbelseylq@dailymotion.com
1784,,Sheree,Benzi,912-687-7588,sbenzilr@uol.com.br
1785,,Lyndell,Ateridge,666-176-5211,lateridgels@people.com.cn
1786,,Trumaine,Marusic,135-798-1627,tmarusiclt@nydailynews.com
1787,,Caterina,Foister,121-762-3598,cfoisterlu@howstuffworks.com
1788,,Rosanne,Caygill,295-984-8858,rcaygilllv@theguardian.com
1789,,Elinore,Sybbe,622-479-7806,esybbelw@wix.com
1790,,Bambie,Chapelhow,797-581-4320,bchapelhowlx@usda.gov
1791,,Lydon,Verick,159-155-4341,lverickly@feedburner.com
1792,,Cyrillus,Heinlein,387-890-0366,cheinleinlz@ow.ly
1793,,Merv,Hasnney,746-881-8239,mhasnneym0@pcworld.com
1794,,Aldis,Raffan,861-879-3038,araffanm1@rakuten.co.jp
1795,,Dyane,Bell,269-570-6061,dbellm2@uiuc.edu
1796,,Mina,Nesbitt,837-356-8576,mnesbittm3@yolasite.com
1797,,Ronda,Westphalen,758-805-4119,rwestphalenm4@de.vu
1798,,Saudra,Sowden,246-144-5696,ssowdenm5@kickstarter.com
1799,,Tedmund,Seiler,745-444-0974,tseilerm6@unblog.fr
1800,,Etty,Torrejon,861-989-4077,etorrejonm7@list-manage.com
1801,,Laverne,Sawle,810-542-9396,lsawlem8@wired.com
1802,,Jill,Dallow,956-623-2714,jdallowm9@xing.com
1803,,Koral,Levinge,517-880-4036,klevingema@eepurl.com
1804,,Malva,Paris,788-952-0346,mparismb@yandex.ru
1805,,Moses,Baume,179-490-8197,mbaumemc@craigslist.org
1806,,Honey,Tucknutt,506-249-8276,htucknuttmd@phoca.cz
1807,,Lesly,Ranklin,928-199-9125,lranklinme@naver.com
1808,,Rayshell,Feaver,788-940-2363,rfeavermf@posterous.com
1809,,Marty,Hyam,530-587-0500,mhyammg@yellowpages.com
1810,,Celine,MacPhaden,338-631-0016,cmacphadenmh@free.fr
1811,,Isak,Dobrowolny,208-118-1540,idobrowolnymi@constantcontact.com
1812,,Florenza,Hazley,163-460-7130,fhazleymj@tmall.com
1813,,Brice,Kielty,292-961-1090,bkieltymk@archive.org
1814,,Margy,Lyosik,900-684-3566,mlyosikml@skyrock.com
1815,,Aileen,Willison,296-655-0173,awillisonmm@dion.ne.jp
1816,,Beitris,Barbier,776-860-6837,bbarbiermn@alibaba.com
1817,,Gilberta,MacLucais,583-567-1436,gmaclucaismo@oaic.gov.au
1818,,Benjamin,Stampfer,949-532-8227,bstampfermp@nydailynews.com
1819,,Bendicty,Olford,556-454-0485,bolfordmq@reverbnation.com
1820,,Ingram,Novello,325-370-8133,inovellomr@github.io
1821,,Zorine,Lambertson,784-102-3911,zlambertsonms@naver.com
1822,,Nicko,Ind,424-122-1419,nindmt@smh.com.au
1823,,Deloria,Risebrow,438-896-5719,drisebrowmu@noaa.gov
1824,,Marlie,MacPherson,779-411-5955,mmacphersonmv@cargocollective.com
1825,,Stoddard,Malecky,351-509-4683,smaleckymw@yale.edu
1826,,Don,Fielders,975-310-8962,dfieldersmx@joomla.org
1827,,Kylila,Eastbury,325-971-6827,keastburymy@sfgate.com
1828,,Laurie,Pischof,366-227-9980,lpischofmz@comcast.net
1829,,Kellia,Snooks,231-305-1801,ksnooksn0@unc.edu
1830,,Egon,Warden,801-346-7512,ewardenn1@upenn.edu
1831,,Tuck,Blowne,551-838-8767,tblownen2@europa.eu
1832,,Alessandro,Bryden,642-274-9051,abrydenn3@howstuffworks.com
1833,,Pauli,Lindemann,206-744-9396,plindemannn4@bravesites.com
1834,,Cosme,Musicka,471-671-5093,cmusickan5@time.com
1835,,Hesther,Matejovsky,802-363-6556,hmatejovskyn6@digg.com
1836,,Bordy,Aggiss,457-701-9351,baggissn7@oaic.gov.au
1837,,Joelynn,Darnell,741-121-9451,jdarnelln8@utexas.edu
1838,,Shell,Scutching,966-583-2000,sscutchingn9@ca.gov
1839,,Ulric,Chadbourne,776-230-9009,uchadbournena@kickstarter.com
1840,,Sibbie,Sargant,297-166-0691,ssargantnb@prweb.com
1841,,Lolita,Darrell,715-482-3505,ldarrellnc@google.ru
1842,,Colet,Kippen,665-210-6403,ckippennd@typepad.com
1843,,Lamont,Daid,164-186-3561,ldaidne@nymag.com
1844,,Gennifer,Stribling,220-213-9042,gstriblingnf@columbia.edu
1845,,Tull,Streak,812-205-9560,tstreakng@huffingtonpost.com
1846,,Tiphany,Heckner,445-798-0072,thecknernh@businessinsider.com
1847,,Giulia,Turpin,118-364-7275,gturpinni@reference.com
1848,,Daniel,Crafter,107-379-4856,dcrafternj@themeforest.net
1849,,Yard,Jiruch,245-507-3545,yjiruchnk@nydailynews.com
1850,,Larina,Elan,386-971-5292,lelannl@linkedin.com
1851,,Dorolisa,Klawi,874-929-4413,dklawinm@craigslist.org
1852,,Rozella,Pyle,142-252-8461,rpylenn@soup.io
1853,,Lita,Skrine,161-927-1812,lskrineno@mysql.com
1854,,Zonda,de Glanville,344-270-0407,zdeglanvillenp@google.com
1855,,Malorie,Beningfield,493-459-3937,mbeningfieldnq@cnet.com
1856,,Kenton,Blackesland,760-966-7083,kblackeslandnr@hostgator.com
1857,,Glen,Driver,429-319-2698,gdriverns@vistaprint.com
1858,,Rawley,Soame,705-993-2953,rsoament@tripod.com
1859,,Cristiano,Yegorkin,262-909-6832,cyegorkinnu@elegantthemes.com
1860,,Goober,Sainsbury,525-470-1359,gsainsburynv@a8.net
1861,,Shina,Joyson,534-295-9827,sjoysonnw@woothemes.com
1862,,Nicoli,Flay,610-669-7071,nflaynx@bizjournals.com
1863,,Melba,Bastone,312-995-8383,mbastoneny@senate.gov
1864,,Randy,Boshers,658-149-4066,rboshersnz@ucoz.ru
1865,,Abdul,Darville,305-838-9954,adarvilleo0@quantcast.com
1866,,Juliet,Sherburn,357-408-0860,jsherburno1@mtv.com
1867,,Buddy,Albin,670-174-7261,balbino2@state.gov
1868,,Vin,Canet,884-725-8635,vcaneto3@microsoft.com
1869,,Koren,Sandey,684-390-6069,ksandeyo4@de.vu
1870,,Fernanda,Surpliss,148-605-8253,fsurplisso5@latimes.com
1871,,Cate,Edelston,989-875-4677,cedelstono6@mail.ru
1872,,Otto,Eatttok,687-999-1853,oeatttoko7@hostgator.com
1873,,Shannah,Hyslop,466-261-6334,shyslopo8@jigsy.com
1874,,Holly,Thistleton,993-397-2700,hthistletono9@etsy.com
1875,,Guthrie,Vanns,631-558-0163,gvannsoa@t-online.de
1876,,Lissa,Viste,270-940-8650,lvisteob@mashable.com
1877,,Rakel,Creswell,766-832-2319,rcreswelloc@e-recht24.de
1878,,Burgess,Hecks,996-498-0290,bhecksod@hostgator.com
1879,,Emyle,Ferries,858-744-6208,eferriesoe@ftc.gov
1880,,Friedrick,Melchior,266-540-8543,fmelchiorof@twitpic.com
1881,,Gerladina,Sutlieff,105-351-7432,gsutlieffog@abc.net.au
1882,,Kirstin,Woliter,849-207-0562,kwoliteroh@bandcamp.com
1883,,Bartlett,Murrish,200-407-6426,bmurrishoi@prlog.org
1884,,Evin,Coupe,443-448-3431,ecoupeoj@ycombinator.com
1885,,Meade,Hoxey,397-385-4456,mhoxeyok@nsw.gov.au
1886,,Annabell,Whiteoak,429-966-8151,awhiteoakol@chicagotribune.com
1887,,Rip,Dyerson,514-915-7819,rdyersonom@samsung.com
1888,,Murray,Brayn,832-348-7670,mbraynon@over-blog.com
1889,,Xenia,Raylton,190-406-6580,xrayltonoo@google.com.br
1890,,Baxy,Choat,725-164-8719,bchoatop@upenn.edu
1891,,Kathryne,Gridon,937-116-7915,kgridonoq@woothemes.com
1892,,Mariska,Stockford,695-119-6209,mstockfordor@shinystat.com
1893,,Evie,Greiswood,829-851-6591,egreiswoodos@cbsnews.com
1894,,Darby,Buntine,555-554-3332,dbuntineot@tumblr.com
1895,,Malorie,Bennie,962-698-2885,mbennieou@multiply.com
1896,,Nevile,Warters,989-792-5709,nwartersov@youku.com
1897,,Kissiah,Aucock,454-303-8403,kaucockow@surveymonkey.com
1898,,Neille,Andrys,208-772-5902,nandrysox@kickstarter.com
1899,,Gordy,Djekovic,512-693-7929,gdjekovicoy@theatlantic.com
1900,,Patty,Tennick,663-469-5739,ptennickoz@mediafire.com
1901,,Hewie,Wathall,724-492-7120,hwathallp0@discovery.com
1902,,Reina,Symes,275-910-1090,rsymesp1@nps.gov
1903,,Romy,Doppler,952-162-5413,rdopplerp2@cbslocal.com
1904,,Joela,Judson,383-707-7098,jjudsonp3@gizmodo.com
1905,,Kassey,Ryce,777-495-4568,krycep4@nature.com
1906,,Belicia,Ewbanck,200-815-3887,bewbanckp5@usgs.gov
1907,,Ezmeralda,Jessope,187-777-0137,ejessopep6@biglobe.ne.jp
1908,,Lethia,Causbey,673-731-1455,lcausbeyp7@admin.ch
1909,,Dasi,McFayden,448-811-3929,dmcfaydenp8@columbia.edu
1910,,Rockwell,Friman,576-169-6865,rfrimanp9@rakuten.co.jp
1911,,Lacey,Jandourek,438-354-1997,ljandourekpa@vinaora.com
1912,,Chiquia,Nunnerley,708-548-1597,cnunnerleypb@vinaora.com
1913,,Kennith,Triggs,802-423-9311,ktriggspc@addthis.com
1914,,Miles,Platts,413-634-2124,mplattspd@blogger.com
1915,,Herschel,Bentje,628-210-7823,hbentjepe@yahoo.co.jp
1916,,Whitaker,Wines,243-836-4324,wwinespf@bloglovin.com
1917,,Caria,Clementucci,679-680-2145,cclementuccipg@wikia.com
1918,,Caren,Goodban,655-970-4026,cgoodbanph@reddit.com
1919,,Ric,Looker,850-901-6019,rlookerpi@bloomberg.com
1920,,Bernette,Swatland,613-780-3278,bswatlandpj@prlog.org
1921,,Addi,Doers,884-598-5647,adoerspk@yelp.com
1922,,Gillie,Szimon,569-833-0494,gszimonpl@prweb.com
1923,,Vivyanne,Gerran,713-965-0183,vgerranpm@uol.com.br
1924,,Carol,Addie,748-861-9892,caddiepn@odnoklassniki.ru
1925,,Matthus,Carnilian,626-475-8807,mcarnilianpo@csmonitor.com
1926,,Neille,Kruszelnicki,922-328-0740,nkruszelnickipp@yellowbook.com
1927,,Tersina,Stammler,780-450-4801,tstammlerpq@skype.com
1928,,Danika,Surby,169-639-5179,dsurbypr@dedecms.com
1929,,Katie,Soloway,603-680-1473,ksolowayps@ox.ac.uk
1930,,Constancia,Druce,212-416-9784,cdrucept@usda.gov
1931,,Davidson,Kretschmer,867-248-0971,dkretschmerpu@seattletimes.com
1932,,Darcee,Clougher,521-212-7785,dclougherpv@dagondesign.com
1933,,Lefty,Jeune,589-442-1575,ljeunepw@sakura.ne.jp
1934,,Cortney,Enoksson,282-408-2135,cenokssonpx@devhub.com
1935,,Darn,Trase,809-897-4425,dtrasepy@upenn.edu
1936,,Salvatore,MacNeilly,811-364-5837,smacneillypz@cocolog-nifty.com
1937,,Maisie,Janas,180-519-3514,mjanasq0@wikia.com
1938,,Margarita,Rushton,406-737-1320,mrushtonq1@sourceforge.net
1939,,Arlen,Griffitt,949-521-9441,agriffittq2@angelfire.com
1940,,Hanna,Ranscomb,596-645-4727,hranscombq3@nhs.uk
1941,,Rube,Dewan,730-150-6502,rdewanq4@mozilla.com
1942,,Charyl,Pavis,195-893-7164,cpavisq5@tuttocitta.it
1943,,Mike,Sleath,152-317-0455,msleathq6@freewebs.com
1944,,Corabella,Cessford,291-271-3988,ccessfordq7@parallels.com
1945,,Anastassia,Laba,637-729-7205,alabaq8@timesonline.co.uk
1946,,Ashli,Fittall,509-413-2867,afittallq9@berkeley.edu
1947,,Malina,Eastcourt,417-908-8535,meastcourtqa@infoseek.co.jp
1948,,Piper,Wittering,880-322-3859,pwitteringqb@nifty.com
1949,,Dulcea,Jagson,100-370-9827,djagsonqc@amazon.de
1950,,Gustavus,Silvester,581-677-9057,gsilvesterqd@wordpress.com
1951,,Genevra,Antao,298-572-8785,gantaoqe@walmart.com
1952,,Germain,Hoofe,812-165-3634,ghoofeqf@geocities.com
1953,,Katina,Brockherst,225-457-4612,kbrockherstqg@about.com
1954,,Muffin,Lewsie,837-560-5101,mlewsieqh@rambler.ru
1955,,Sydney,Toleman,916-152-1994,stolemanqi@cbsnews.com
1956,,Mayne,Bitchener,592-825-5103,mbitchenerqj@amazon.co.jp
1957,,Nate,McKelvey,331-412-0788,nmckelveyqk@cargocollective.com
1958,,Ludwig,Germann,901-782-8001,lgermannql@surveymonkey.com
1959,,Ronica,Stavers,310-501-5412,rstaversqm@ox.ac.uk
1960,,Marika,Bunny,166-903-5394,mbunnyqn@mysql.com
1961,,Melissa,Jackson,362-968-6834,mjacksonqo@deviantart.com
1962,,Cass,Varey,544-793-8787,cvareyqp@businesswire.com
1963,,Arlette,Hayne,508-216-4356,ahayneqq@diigo.com
1964,,Nert,Robertson,664-523-3352,nrobertsonqr@wix.com
1965,,Jud,Zappel,489-224-7474,jzappelqs@home.pl
1966,,Lyndy,Jehan,590-753-7089,ljehanqt@behance.net
1967,,Dasi,Justun,741-380-2806,djustunqu@wikipedia.org
1968,,Garey,Lynnitt,894-260-6324,glynnittqv@indiatimes.com
1969,,Margot,Milberry,171-369-5366,mmilberryqw@lulu.com
1970,,Othilie,Burridge,455-871-2974,oburridgeqx@google.com.br
1971,,Liva,Tomaello,997-783-0329,ltomaelloqy@omniture.com
1972,,Lorene,Cator,541-810-4493,lcatorqz@a8.net
1973,,Terrill,McMorran,479-968-7461,tmcmorranr0@acquirethisname.com
1974,,Elbertine,Jobson,987-515-5013,ejobsonr1@csmonitor.com
1975,,Ella,Lechmere,660-654-1860,elechmerer2@wikimedia.org
1976,,Hestia,Snassell,550-232-5752,hsnassellr3@comsenz.com
1977,,Nikolos,Mewett,554-224-8720,nmewettr4@time.com
1978,,Field,Ottewell,895-458-8027,fottewellr5@dmoz.org
1979,,Hirsch,Driscoll,132-302-2928,hdriscollr6@youku.com
1980,,Olva,Yeliashev,236-862-6978,oyeliashevr7@imageshack.us
1981,,Benedick,Lacroix,792-654-0849,blacroixr8@marketwatch.com
1982,,Audie,Stainer,771-859-9942,astainerr9@shareasale.com
1983,,Oswald,Proughten,433-719-1833,oproughtenra@php.net
1984,,Romain,Shepcutt,557-331-8803,rshepcuttrb@theatlantic.com
1985,,Ainslee,Rain,504-963-8885,arainrc@cloudflare.com
1986,,Gabi,Kobierski,697-464-5693,gkobierskird@ning.com
1987,,Darcy,Marco,559-945-0951,dmarcore@jalbum.net
1988,,Kassi,Horrigan,270-781-3515,khorriganrf@canalblog.com
1989,,Dall,Pringuer,483-522-5534,dpringuerrg@deviantart.com
1990,,Allyn,Jersh,411-686-9267,ajershrh@yahoo.co.jp
1991,,Darbie,Wincer,862-663-2959,dwincerri@blogs.com
1992,,Ingmar,Barribal,793-532-6359,ibarribalrj@arizona.edu
1993,,Kelcey,Bestwall,110-382-4685,kbestwallrk@indiegogo.com
1994,,Chrissy,Tosney,965-881-8072,ctosneyrl@amazon.com
1995,,Jayson,Stolz,546-695-9339,jstolzrm@microsoft.com
1996,,Aggy,Petroff,934-280-3014,apetroffrn@google.com.hk
1997,,Zea,Gerriets,208-287-0012,zgerrietsro@github.io
1998,,Cindee,Cawdery,527-205-2345,ccawderyrp@dyndns.org
1999,,Kessiah,Maxwale,120-764-5946,kmaxwalerq@economist.com
2000,,Kristofer,Haestier,133-453-2739,khaestierrr@huffingtonpost.com
