id,facility,first_name,last_name,phone,email
1,86,Welbie,Mauvin,974-473-8256,wmauvin0@berkeley.edu
2,40,Karisa,Winthrop,345-599-8568,kwinthrop1@qq.com
3,57,Ave,Assender,667-796-3250,aassender2@omniture.com
4,42,Ronald,Thiese,893-248-2908,rthiese3@ucsd.edu
5,41,Elsinore,Kornalik,674-288-5552,ekornalik4@nsw.gov.au
6,69,Tracie,Danielski,475-572-1509,tdanielski5@wikispaces.com
7,11,Angie,Villaret,773-856-8596,avillaret6@scribd.com
8,32,Selie,Brimm,384-619-0987,sbrimm7@lycos.com
9,29,Portia,McCreery,518-636-5899,pmccreery8@bluehost.com
10,50,Tova,Willetts,816-680-7362,twilletts9@ibm.com
11,79,Gerri,Guiett,368-982-0931,gguietta@ebay.com
12,57,Seline,Fydo,478-878-9540,sfydob@statcounter.com
13,3,Killy,Brewett,713-336-2761,kbrewettc@princeton.edu
14,85,Ario,Nornasell,573-950-8946,anornaselld@ow.ly
15,66,Faythe,Bolter,721-788-6231,fboltere@myspace.com
16,23,Lorain,Espin,993-492-6985,lespinf@fastcompany.com
17,88,Vannie,Jorck,805-734-8513,vjorckg@51.la
18,93,Erminie,Palfrie,233-784-3281,epalfrieh@nba.com
19,23,Karola,Shackleton,515-409-1133,kshackletoni@addtoany.com
20,12,Mireille,Sall,461-890-9864,msallj@utexas.edu
21,86,Mirelle,Klessmann,579-881-9518,mklessmannk@prweb.com
22,91,Nathanial,Codi,781-637-8987,ncodil@go.com
23,67,Lishe,Dowgill,825-337-0752,ldowgillm@japanpost.jp
24,67,Giacinta,Carslaw,974-647-6560,gcarslawn@bigcartel.com
25,60,Tuckie,Gronno,386-153-0110,tgronnoo@wikimedia.org
26,59,Brnaby,Hovy,151-589-5560,bhovyp@vistaprint.com
27,61,Susette,Broughton,922-327-5497,sbroughtonq@mac.com
28,36,Belita,Stebles,445-917-6646,bsteblesr@constantcontact.com
29,64,Drona,Mechem,142-768-1356,dmechems@oaic.gov.au
30,24,Nicolais,Littleproud,214-943-4231,nlittleproudt@cnbc.com
31,86,Lyndsey,Kobpac,247-398-4289,lkobpacu@photobucket.com
32,85,Lawton,Radbond,426-991-4761,lradbondv@dot.gov
33,82,Janessa,Scholtz,868-893-4455,jscholtzw@hostgator.com
34,59,Brittney,Tynan,950-162-8041,btynanx@technorati.com
35,35,Xerxes,Lister,470-268-1581,xlistery@intel.com
36,27,Dillie,Careswell,873-900-9671,dcareswellz@drupal.org
37,18,Paola,Tue,129-746-0488,ptue10@disqus.com
38,67,Claire,Tawton,739-986-6001,ctawton11@salon.com
39,76,Chadd,Mingay,836-273-3234,cmingay12@nih.gov
40,67,Beverie,Glazier,366-883-8875,bglazier13@ted.com
41,64,Demetris,Jackes,971-204-0295,djackes14@go.com
42,67,Lottie,Olivazzi,501-326-9984,lolivazzi15@netlog.com
43,92,Ray,Galliard,397-711-9815,rgalliard16@youtube.com
44,23,Merrielle,Eadmeades,837-859-8621,meadmeades17@e-recht24.de
45,79,Jori,Blasing,694-982-6473,jblasing18@kickstarter.com
46,44,Antonetta,Haddow,844-316-7017,ahaddow19@youtube.com
47,36,Tome,Bamell,434-657-3165,tbamell1a@europa.eu
48,95,Mair,McElory,763-979-4377,mmcelory1b@dyndns.org
49,94,Anna-diana,Manoch,826-245-0707,amanoch1c@cnbc.com
50,84,Lilly,Wareing,688-806-7254,lwareing1d@europa.eu
51,94,Cathi,Flement,839-488-2966,cflement1e@reference.com
52,50,Charil,Mortlock,656-402-8330,cmortlock1f@latimes.com
53,98,Natividad,Matyugin,571-113-7070,nmatyugin1g@shop-pro.jp
54,96,Brenn,Yackiminie,866-635-4521,byackiminie1h@latimes.com
55,15,Dulci,Mc Meekin,534-690-3186,dmcmeekin1i@amazon.co.jp
56,40,Kakalina,Popplewell,250-735-4495,kpopplewell1j@delicious.com
57,56,Nicola,Dummigan,218-723-2571,ndummigan1k@angelfire.com
58,15,Kaela,Luke,898-266-3652,kluke1l@goodreads.com
59,72,Kenton,Klimko,636-587-5564,kklimko1m@china.com.cn
60,59,Cherrita,Lambertson,803-394-5641,clambertson1n@dailymotion.com
61,59,Erny,Pallent,821-521-8947,epallent1o@discovery.com
62,55,Morgun,Hodgets,906-321-6484,mhodgets1p@typepad.com
63,88,Marshal,Addicote,249-162-1545,maddicote1q@chicagotribune.com
64,32,Mason,Brilleman,750-371-1016,mbrilleman1r@woothemes.com
65,47,Trueman,Itzcovich,101-519-6200,titzcovich1s@nyu.edu
66,90,Emanuel,Casellas,810-909-2177,ecasellas1t@stumbleupon.com
67,20,Caralie,Shefton,608-671-8956,cshefton1u@ca.gov
68,26,Tova,Eynald,854-823-9187,teynald1v@reference.com
69,61,Donny,Lofts,894-819-5405,dlofts1w@eventbrite.com
70,81,Corny,Rothchild,956-651-8626,crothchild1x@de.vu
71,49,Lorrayne,Brougham,942-215-9528,lbrougham1y@biblegateway.com
72,21,Giff,Bertlin,738-486-5031,gbertlin1z@skype.com
73,72,Shelden,Andrusov,291-116-9948,sandrusov20@blog.com
74,33,Rockie,Happert,640-442-6870,rhappert21@gizmodo.com
75,23,Trip,Pippin,214-729-1640,tpippin22@springer.com
76,66,Faustina,Toghill,897-931-8167,ftoghill23@de.vu
77,78,Emilio,MacQueen,906-761-3012,emacqueen24@army.mil
78,82,Joycelin,MacCaughen,462-927-4394,jmaccaughen25@springer.com
79,2,Georgianne,Delahunty,735-831-8913,gdelahunty26@nifty.com
80,90,Bord,Ekins,973-137-9873,bekins27@storify.com
81,83,Angeli,Charles,269-742-8290,acharles28@zimbio.com
82,23,Jinny,Eusden,707-297-2138,jeusden29@dropbox.com
83,89,Winnie,Webberley,255-226-6133,wwebberley2a@icq.com
84,96,Rosabel,Vasilchenko,676-715-7241,rvasilchenko2b@indiegogo.com
85,24,Malvina,Edwin,778-941-4868,medwin2c@youtu.be
86,80,Forest,Bastide,574-454-4295,fbastide2d@dyndns.org
87,26,Florencia,Chessum,132-949-1097,fchessum2e@sciencedirect.com
88,30,Roxie,von Nassau,180-265-1930,rvonnassau2f@arizona.edu
89,62,Briggs,Bissell,366-992-5561,bbissell2g@histats.com
90,35,Niki,Pinnegar,145-792-5468,npinnegar2h@icio.us
91,12,Emmy,Pardon,981-898-3584,epardon2i@bbb.org
92,75,Flin,Killigrew,704-547-1620,fkilligrew2j@wufoo.com
93,24,Nicolette,Battersby,170-959-8406,nbattersby2k@lulu.com
94,10,Padget,Negri,545-114-2291,pnegri2l@harvard.edu
95,49,Kerrin,Timmermann,866-347-6576,ktimmermann2m@hatena.ne.jp
96,9,Godiva,Sanney,333-817-0830,gsanney2n@earthlink.net
97,30,Betti,Clarage,508-163-8614,bclarage2o@purevolume.com
98,63,Carissa,Ridder,401-270-5328,cridder2p@loc.gov
99,76,Blinni,Brendel,203-189-8457,bbrendel2q@hhs.gov
100,79,Abbot,Dahlborg,927-576-8497,adahlborg2r@miitbeian.gov.cn
101,52,Minnnie,Applegarth,162-339-0717,mapplegarth2s@geocities.com
102,47,Tarrance,Towns,594-201-2120,ttowns2t@spiegel.de
103,76,Lind,Donati,593-786-7698,ldonati2u@t-online.de
104,93,Herta,Ilyukhov,321-503-5318,hilyukhov2v@vkontakte.ru
105,32,Dre,Breton,634-409-9627,dbreton2w@home.pl
106,29,Dot,McIlory,914-251-8629,dmcilory2x@opensource.org
107,28,Gordan,Cowl,446-411-6641,gcowl2y@blogger.com
108,9,Allyce,Lortz,949-571-2307,alortz2z@businessweek.com
109,16,Natale,Sapson,992-562-1588,nsapson30@hugedomains.com
110,95,Nan,Baudassi,750-687-2216,nbaudassi31@ask.com
111,64,Cyb,Dolphin,294-162-6116,cdolphin32@kickstarter.com
112,77,Maryanne,Edlin,824-889-1569,medlin33@cocolog-nifty.com
113,70,Ervin,Meconi,802-670-3668,emeconi34@auda.org.au
114,95,Vincents,Wortt,334-816-2216,vwortt35@hibu.com
115,42,Joell,Shipston,963-940-7698,jshipston36@mashable.com
116,86,Catha,Pirouet,325-838-1505,cpirouet37@epa.gov
117,54,Ashley,Fozzard,711-307-9717,afozzard38@apple.com
118,67,Erich,Meake,111-559-8302,emeake39@amazonaws.com
119,88,Ulrica,Chittenden,371-730-5012,uchittenden3a@last.fm
120,18,Andreas,Garton,797-646-1087,agarton3b@wikipedia.org
121,32,Maura,Knightly,248-491-7866,mknightly3c@nbcnews.com
122,22,Colette,Lamyman,366-827-2794,clamyman3d@fotki.com
123,66,Farand,Fortoun,682-312-7082,ffortoun3e@smh.com.au
124,46,Lynda,O'Finan,558-683-0616,lofinan3f@senate.gov
125,56,Camile,Baillie,148-385-5490,cbaillie3g@bbb.org
126,27,Lazare,Searle,391-357-6061,lsearle3h@biglobe.ne.jp
127,82,Ware,Durdy,212-341-5377,wdurdy3i@xing.com
128,19,Myrtia,Epsly,867-596-3634,mepsly3j@yellowbook.com
129,55,Vittorio,Obbard,810-249-9106,vobbard3k@nifty.com
130,41,Carlina,Waye,240-760-7877,cwaye3l@jigsy.com
131,83,Harriott,Ewert,473-273-7906,hewert3m@ameblo.jp
132,28,Ilka,Gullyes,284-595-8875,igullyes3n@wikipedia.org
133,47,Brooks,Scopham,234-863-2286,bscopham3o@cyberchimps.com
134,86,Willabella,Furmage,982-881-9414,wfurmage3p@npr.org
135,79,Carlita,Wadie,626-474-1868,cwadie3q@mashable.com
136,18,Wrennie,Prosch,801-556-1254,wprosch3r@reddit.com
137,79,Hillary,Bloomfield,203-992-3625,hbloomfield3s@imdb.com
138,78,Mufinella,Gallahue,428-276-4959,mgallahue3t@psu.edu
139,1,Chad,Bailes,968-440-6539,cbailes3u@cbslocal.com
140,10,Alanah,Hathwood,202-414-7985,ahathwood3v@forbes.com
141,1,Hanna,Campey,857-332-1171,hcampey3w@ezinearticles.com
142,58,Gordan,Warhurst,657-510-6752,gwarhurst3x@loc.gov
143,11,Ada,Izard,329-275-4023,aizard3y@nyu.edu
144,74,Llewellyn,Mosedill,765-951-6273,lmosedill3z@blogger.com
145,15,Kinna,Imlaw,793-617-8116,kimlaw40@wufoo.com
146,5,Eva,Ownsworth,209-256-1691,eownsworth41@gmpg.org
147,88,Bendick,Coddington,829-354-5877,bcoddington42@domainmarket.com
148,92,Samantha,Emslie,575-307-4412,semslie43@opensource.org
149,80,Nilson,Powling,117-934-4212,npowling44@bloglovin.com
150,50,Janine,Twelve,680-161-6709,jtwelve45@google.com
151,82,Virgina,Busfield,903-403-5352,vbusfield46@bizjournals.com
152,79,Nickie,Davidesco,488-731-6057,ndavidesco47@theguardian.com
153,62,Melony,Vossgen,120-734-2648,mvossgen48@ucla.edu
154,49,Anastasia,Asker,574-254-0771,aasker49@upenn.edu
155,38,Nealy,Mac,967-702-1233,nmac4a@apple.com
156,23,Chariot,Olphert,999-569-9763,colphert4b@boston.com
157,96,Alie,Embery,579-208-0612,aembery4c@behance.net
158,87,Anya,McIlmurray,295-487-4115,amcilmurray4d@ebay.com
159,60,Augusto,Welling,564-820-9023,awelling4e@de.vu
160,9,Jacenta,Tamblingson,939-853-8884,jtamblingson4f@wikimedia.org
161,87,Wake,Simcox,153-549-8527,wsimcox4g@tripadvisor.com
162,31,Arabele,Ligoe,434-698-0574,aligoe4h@t.co
163,1,Dorey,Reek,196-598-9626,dreek4i@disqus.com
164,48,Benjamen,Fursse,940-856-2429,bfursse4j@vistaprint.com
165,14,Suzy,Blissitt,282-318-3926,sblissitt4k@networksolutions.com
166,14,Nanice,Hall-Gough,826-798-8869,nhallgough4l@zimbio.com
167,3,Tamiko,McMenamie,193-357-5160,tmcmenamie4m@accuweather.com
168,10,Wilbur,Ratley,655-500-1737,wratley4n@dedecms.com
169,28,Alysa,Balasini,749-397-1762,abalasini4o@youtube.com
170,3,Bradney,Ferraraccio,428-744-7230,bferraraccio4p@rakuten.co.jp
171,100,Kermie,Seear,231-284-1686,kseear4q@domainmarket.com
172,67,Janeczka,Swidenbank,845-811-0067,jswidenbank4r@answers.com
173,11,Brigitte,Linneman,636-569-6228,blinneman4s@addtoany.com
174,55,Jeramie,Hasley,657-744-1945,jhasley4t@salon.com
175,100,Phillie,Phillippo,623-404-7588,pphillippo4u@storify.com
176,57,Sallyanne,Stubbes,198-407-5096,sstubbes4v@usatoday.com
177,42,Klement,Elis,185-252-7266,kelis4w@zimbio.com
178,3,Patrica,Laverock,178-741-8508,plaverock4x@rakuten.co.jp
179,45,Kara-lynn,Phripp,669-293-5540,kphripp4y@telegraph.co.uk
180,61,Birch,Taig,921-222-4789,btaig4z@npr.org
181,7,Burl,Castanone,737-921-7331,bcastanone50@cloudflare.com
182,49,Ingar,Thexton,581-140-2806,ithexton51@phpbb.com
183,28,Mattheus,Forbear,983-641-1313,mforbear52@bbc.co.uk
184,97,Lemmy,Karlolczak,478-459-3330,lkarlolczak53@newsvine.com
185,80,Samaria,Copley,221-268-9961,scopley54@aol.com
186,32,Durward,Hearnshaw,877-840-5908,dhearnshaw55@webmd.com
187,64,Phil,Wardale,992-645-5209,pwardale56@samsung.com
188,93,Reginald,Worshall,455-445-2995,rworshall57@utexas.edu
189,68,Karly,Lumsden,382-894-5948,klumsden58@rakuten.co.jp
190,38,Corrianne,Arrundale,256-364-0738,carrundale59@house.gov
191,47,Silvio,Toman,476-972-8497,stoman5a@imgur.com
192,4,Didi,Twinterman,122-433-8990,dtwinterman5b@sciencedaily.com
193,62,Shalna,Jekyll,850-896-3413,sjekyll5c@techcrunch.com
194,11,Stella,Kellie,127-588-7250,skellie5d@engadget.com
195,69,Verene,Minthorpe,682-577-9936,vminthorpe5e@privacy.gov.au
196,95,Evangelina,Polle,930-314-9302,epolle5f@japanpost.jp
197,39,Drucie,Boissier,347-675-8846,dboissier5g@washington.edu
198,37,Jolene,Peyes,365-951-0590,jpeyes5h@soup.io
199,95,Tish,Norssister,715-793-9773,tnorssister5i@miibeian.gov.cn
200,94,Archy,Malling,312-625-8184,amalling5j@harvard.edu
201,67,Madeleine,Begley,106-304-9125,mbegley5k@unblog.fr
202,12,Pegeen,Van Dalen,445-422-5976,pvandalen5l@slashdot.org
203,79,Chris,Willmett,272-598-4525,cwillmett5m@theatlantic.com
204,84,Willy,Trehearne,235-503-1634,wtrehearne5n@lulu.com
205,95,Lelah,Inkin,973-469-7258,linkin5o@geocities.com
206,1,Vladamir,Miettinen,117-625-7381,vmiettinen5p@ft.com
207,72,Binnie,Siderfin,769-350-6148,bsiderfin5q@walmart.com
208,98,Brocky,Dyter,247-764-1550,bdyter5r@imdb.com
209,46,Robin,Danieli,917-436-5713,rdanieli5s@wikia.com
210,88,Darryl,Boarder,139-444-4845,dboarder5t@parallels.com
211,41,Wanda,Wells,255-790-6575,wwells5u@rakuten.co.jp
212,86,Susan,Trevear,781-816-4700,strevear5v@mapy.cz
213,45,Karita,Dashper,272-518-2365,kdashper5w@uol.com.br
214,39,Eduard,D'Elias,506-123-6765,edelias5x@ning.com
215,33,Mariska,Goucher,599-229-7435,mgoucher5y@uiuc.edu
216,33,Lissi,Reoch,187-960-0351,lreoch5z@hubpages.com
217,1,Allard,Feak,493-677-0372,afeak60@blogspot.com
218,23,Daryn,Kohrt,318-207-1451,dkohrt61@sitemeter.com
219,52,Conrad,Rickcord,465-478-4400,crickcord62@bizjournals.com
220,23,Joshua,Biasioli,677-571-3753,jbiasioli63@edublogs.org
221,83,Isidro,Banisch,505-283-2462,ibanisch64@google.cn
222,97,Benny,Pitfield,353-164-8290,bpitfield65@studiopress.com
223,56,Powell,Skeermer,705-984-5864,pskeermer66@statcounter.com
224,19,Danila,Jovic,174-786-0410,djovic67@vinaora.com
225,1,Clyde,Waring,528-928-0645,cwaring68@cargocollective.com
226,24,Theo,Barkway,155-882-8600,tbarkway69@nps.gov
227,1,Gram,Drewell,250-284-1581,gdrewell6a@china.com.cn
228,3,Garner,Wayt,460-829-8336,gwayt6b@naver.com
229,65,Pablo,Pilipets,794-809-8182,ppilipets6c@fc2.com
230,23,Ola,Larkins,829-742-4019,olarkins6d@dropbox.com
231,88,Brod,Benes,611-286-8599,bbenes6e@ucoz.ru
232,93,Garald,Gabbat,124-722-6276,ggabbat6f@cafepress.com
233,86,Idalia,Wheaton,753-281-4099,iwheaton6g@earthlink.net
234,1,Bathsheba,Trahair,640-420-9680,btrahair6h@opensource.org
235,55,Ber,Scardifield,516-735-7984,bscardifield6i@google.cn
236,71,Ariel,Cometto,773-162-3099,acometto6j@washingtonpost.com
237,24,Andres,Thamelt,540-177-4583,athamelt6k@meetup.com
238,75,Emma,Vasiltsov,666-287-9916,evasiltsov6l@foxnews.com
239,3,Ede,Higgen,326-835-6990,ehiggen6m@elegantthemes.com
240,28,Rachel,Guyers,667-164-6509,rguyers6n@behance.net
241,98,Carilyn,Freddi,187-403-0011,cfreddi6o@webmd.com
242,6,Viki,Rozalski,393-452-6697,vrozalski6p@nbcnews.com
243,7,Leontyne,Thompkins,664-566-9483,lthompkins6q@google.co.jp
244,13,Bail,Tallyn,439-544-4797,btallyn6r@about.me
245,17,Barb,Olanda,981-409-3591,bolanda6s@economist.com
246,92,Brok,Thal,744-650-2843,bthal6t@time.com
247,30,Prudi,Watt,796-496-6153,pwatt6u@artisteer.com
248,12,Marty,Sate,383-564-1016,msate6v@networksolutions.com
249,86,Guinna,Dykins,610-585-0109,gdykins6w@cbc.ca
250,52,Zane,Hulles,975-262-5308,zhulles6x@marriott.com
251,94,Deva,Calven,179-564-5973,dcalven6y@tinypic.com
252,94,Nicky,Dent,419-596-8697,ndent6z@jalbum.net
253,36,Mordy,Yakubovics,132-844-4280,myakubovics70@seesaa.net
254,74,Dee dee,Wilfling,507-482-5821,dwilfling71@wikimedia.org
255,99,Adolphus,Keyes,488-808-6792,akeyes72@google.nl
256,57,Charline,Argile,827-818-0291,cargile73@w3.org
257,67,Aridatha,Balharrie,426-910-0569,abalharrie74@sitemeter.com
258,46,Alfie,McCaskill,392-325-4941,amccaskill75@columbia.edu
259,18,Denice,Eskrick,916-118-7731,deskrick76@foxnews.com
260,41,Aleda,Brinkman,831-291-1837,abrinkman77@army.mil
261,5,Sydney,Parnham,926-931-8785,sparnham78@devhub.com
262,20,Bear,Emmott,514-692-6886,bemmott79@miibeian.gov.cn
263,82,Fonzie,Fallens,323-982-2716,ffallens7a@gizmodo.com
264,100,Levey,Ivantsov,560-442-8523,livantsov7b@amazon.de
265,49,Milty,Clutton,314-142-0777,mclutton7c@topsy.com
266,49,Nollie,Beckford,785-942-6165,nbeckford7d@auda.org.au
267,60,Gratia,Doyle,117-110-1610,gdoyle7e@ibm.com
268,93,Noemi,Peeke,811-436-0991,npeeke7f@auda.org.au
269,76,Katlin,Beaver,842-209-0152,kbeaver7g@wired.com
270,53,Nataline,Threadgall,242-850-1482,nthreadgall7h@skype.com
271,97,Cordy,Bust,958-225-6736,cbust7i@mit.edu
272,16,Nathalie,Iddens,509-655-8159,niddens7j@state.gov
273,27,Georgine,Fenby,557-197-6226,gfenby7k@google.com
274,78,Jessee,Castellan,629-438-8216,jcastellan7l@smh.com.au
275,89,Leanora,Rochell,450-214-7622,lrochell7m@unesco.org
276,82,Gaven,Hassall,202-232-7561,ghassall7n@so-net.ne.jp
277,14,Iona,Wooddisse,502-523-0385,iwooddisse7o@nih.gov
278,34,Lindy,Banes,831-962-8287,lbanes7p@businessweek.com
279,22,Gerda,Lyne,610-942-9368,glyne7q@virginia.edu
280,48,Linea,Wakerley,905-452-6248,lwakerley7r@illinois.edu
281,91,Jesse,Fidgeon,512-211-5554,jfidgeon7s@cargocollective.com
282,35,Ardath,Everley,156-898-0281,aeverley7t@sohu.com
283,100,Noreen,Stoeck,687-761-7569,nstoeck7u@com.com
284,55,Johann,Grimble,605-852-9160,jgrimble7v@indiatimes.com
285,26,Ailbert,Brazier,808-814-3283,abrazier7w@exblog.jp
286,26,Kimmi,Olivetti,342-553-9660,kolivetti7x@newsvine.com
287,9,Dave,Raffeorty,831-427-9358,draffeorty7y@booking.com
288,70,Wynn,Pindar,310-308-4779,wpindar7z@forbes.com
289,58,Stella,Deyes,519-480-9968,sdeyes80@over-blog.com
290,24,Mab,Leacock,234-758-8178,mleacock81@cam.ac.uk
291,96,Lynelle,McGreay,245-158-1398,lmcgreay82@myspace.com
292,87,Harry,McTurley,316-363-0337,hmcturley83@usda.gov
293,77,Mendy,Faulconbridge,939-829-9886,mfaulconbridge84@meetup.com
294,93,Lemmie,Riccardi,546-721-7726,lriccardi85@tuttocitta.it
295,78,Carrol,Fasler,119-531-2976,cfasler86@wikia.com
296,55,Bettye,Dorant,944-407-5091,bdorant87@princeton.edu
297,31,Cassius,MacKissack,792-359-6252,cmackissack88@naver.com
298,18,Gabby,Vasyushkhin,187-963-8262,gvasyushkhin89@whitehouse.gov
299,53,Donielle,Yegorov,442-807-1815,dyegorov8a@bandcamp.com
300,91,Zsa zsa,Orring,805-294-7994,zorring8b@sakura.ne.jp
301,12,Parrnell,Duckit,958-182-6588,pduckit8c@spotify.com
302,65,Verla,Okroy,376-380-7321,vokroy8d@ihg.com
303,60,Thomasa,Stoneley,536-154-7100,tstoneley8e@goodreads.com
304,52,Gearalt,Egerton,302-462-4051,gegerton8f@fda.gov
305,75,Patrica,Tilte,961-527-3825,ptilte8g@omniture.com
306,85,Sinclare,Masden,526-636-9501,smasden8h@intel.com
307,65,Rafi,Poge,200-420-8952,rpoge8i@weebly.com
308,53,Wilma,Bonifacio,141-557-5540,wbonifacio8j@state.gov
309,60,Ursuline,France,513-227-6074,ufrance8k@purevolume.com
310,37,Loren,Castangia,963-173-8992,lcastangia8l@newsvine.com
311,75,Shirlee,Giovanni,689-244-9984,sgiovanni8m@a8.net
312,49,Hallie,Marciskewski,895-224-4792,hmarciskewski8n@theguardian.com
313,52,Fransisco,Adam,884-608-4630,fadam8o@hhs.gov
314,55,Granny,Duny,870-483-3709,gduny8p@nba.com
315,4,Shelby,Schulter,890-888-9185,sschulter8q@jimdo.com
316,84,Adler,Clere,707-593-6384,aclere8r@jigsy.com
317,77,Aigneis,Pawlowicz,851-974-4171,apawlowicz8s@thetimes.co.uk
318,14,Christy,Sulman,745-232-5628,csulman8t@disqus.com
319,85,Morgen,Biskupski,863-187-2930,mbiskupski8u@yahoo.co.jp
320,50,Dawna,Rollings,513-139-7347,drollings8v@bbc.co.uk
321,32,Cull,McTerrelly,347-406-0127,cmcterrelly8w@reverbnation.com
322,7,Merilee,Werny,940-162-6968,mwerny8x@i2i.jp
323,98,Channa,Dunkerton,345-100-2512,cdunkerton8y@homestead.com
324,77,Gilles,Langstone,415-762-9245,glangstone8z@yellowbook.com
325,32,Saxe,Lippard,348-843-5305,slippard90@angelfire.com
326,53,Odetta,Trustram,866-578-3328,otrustram91@cafepress.com
327,53,Alistair,Woodyatt,809-458-1430,awoodyatt92@si.edu
328,65,Dukie,Molnar,593-895-3964,dmolnar93@discovery.com
329,66,Cacilie,Britto,181-690-7513,cbritto94@pagesperso-orange.fr
330,67,Hilary,Ber,971-885-1139,hber95@springer.com
331,78,Winna,Dowbakin,977-861-0354,wdowbakin96@topsy.com
332,59,Orbadiah,Gunningham,992-792-5507,ogunningham97@g.co
333,12,Ladonna,Braksper,988-104-5360,lbraksper98@elegantthemes.com
334,9,Sigmund,Capstack,176-297-2963,scapstack99@utexas.edu
335,20,Emerson,Casbolt,325-201-1762,ecasbolt9a@narod.ru
336,13,Mandie,Lear,756-103-9621,mlear9b@wordpress.org
337,59,Maure,Tremolieres,689-150-5950,mtremolieres9c@arstechnica.com
338,50,Tanhya,Kinkade,847-946-6543,tkinkade9d@wp.com
339,70,Melisandra,Haugh,778-578-2942,mhaugh9e@mashable.com
340,97,Mag,Vest,725-772-8567,mvest9f@boston.com
341,62,Rick,Beszant,323-636-8259,rbeszant9g@creativecommons.org
342,74,Bernarr,McAughtry,501-749-5188,bmcaughtry9h@bandcamp.com
343,23,Cornelius,Vearncombe,475-337-2972,cvearncombe9i@google.co.jp
344,68,Elianore,Boow,810-341-9910,eboow9j@hatena.ne.jp
345,65,Dot,Bussetti,271-104-8752,dbussetti9k@goo.ne.jp
346,19,Marlyn,Laughlan,621-671-9884,mlaughlan9l@umich.edu
347,13,Tessa,Netherclift,710-111-4775,tnetherclift9m@fema.gov
348,95,Karlyn,Folley,548-537-1983,kfolley9n@statcounter.com
349,19,Thaine,Brownhall,653-611-1833,tbrownhall9o@msn.com
350,5,Stanislas,Ungerecht,459-284-2224,sungerecht9p@hibu.com
351,45,Herbie,Greensides,958-952-6680,hgreensides9q@paypal.com
352,61,Clari,Bellison,126-706-7185,cbellison9r@artisteer.com
353,94,Brunhilda,Giacometti,612-486-0174,bgiacometti9s@virginia.edu
354,61,Javier,Suttle,379-452-9146,jsuttle9t@prlog.org
355,67,Lotte,Boater,541-307-8937,lboater9u@facebook.com
356,47,Erich,Silcock,653-775-4710,esilcock9v@answers.com
357,98,Bruce,Wittrington,594-776-6335,bwittrington9w@nhs.uk
358,94,Bernetta,Hoffman,132-585-5483,bhoffman9x@soundcloud.com
359,56,Zed,Chiommienti,172-157-6846,zchiommienti9y@hao123.com
360,65,Stacey,Lowfill,503-189-8961,slowfill9z@ebay.co.uk
361,48,Patrice,Matei,800-318-4807,pmateia0@altervista.org
362,18,Starlin,Abramof,480-746-1045,sabramofa1@npr.org
363,29,Glenn,O'Scully,849-484-9965,goscullya2@gmpg.org
364,86,Porty,Dracey,853-254-8908,pdraceya3@google.de
365,67,Bret,Hannant,443-178-0130,bhannanta4@digg.com
366,33,Burg,Robathon,480-437-2647,brobathona5@bandcamp.com
367,81,Kliment,Merrgan,169-846-3273,kmerrgana6@goo.gl
368,14,Cinda,Highnam,469-407-6599,chighnama7@about.me
369,41,Griffith,Prawle,980-470-1789,gprawlea8@home.pl
370,64,Bern,Dufer,246-377-2221,bdufera9@vkontakte.ru
371,20,Jaquelyn,Whiteoak,213-598-7007,jwhiteoakaa@businessweek.com
372,29,Dorita,Gouth,253-194-8586,dgouthab@is.gd
373,51,Gerry,Knighton,557-709-7619,gknightonac@plala.or.jp
374,40,Lisette,Graalman,867-967-9230,lgraalmanad@tuttocitta.it
375,24,Corinne,Stockow,925-324-4223,cstockowae@loc.gov
376,19,Boothe,Hanbury,845-365-1115,bhanburyaf@1688.com
377,54,Rutter,Matushenko,687-383-7879,rmatushenkoag@gov.uk
378,80,Sheelah,Figgen,697-875-8154,sfiggenah@pinterest.com
379,95,Ronnie,Bonds,519-402-4417,rbondsai@tripadvisor.com
380,86,Kristian,Benian,836-309-7385,kbenianaj@xrea.com
381,30,Salomone,Lyokhin,750-410-8765,slyokhinak@chicagotribune.com
382,64,Bay,Steanyng,711-561-6454,bsteanyngal@abc.net.au
383,79,Lindsay,Spoor,849-109-4823,lspooram@senate.gov
384,98,Klarrisa,Maffioni,813-227-5105,kmaffionian@slideshare.net
385,23,Lane,Durban,453-615-4933,ldurbanao@cbslocal.com
386,14,Harwell,Merrydew,407-504-1287,hmerrydewap@youtube.com
387,24,Emelina,Bungey,336-444-3432,ebungeyaq@pen.io
388,75,Meade,Durante,540-651-5122,mdurantear@altervista.org
389,82,Alma,Corroyer,677-722-7546,acorroyeras@cnbc.com
390,16,Kaycee,Kubach,521-948-8021,kkubachat@yale.edu
391,67,Hamlin,Prier,164-880-0805,hprierau@51.la
392,11,Jewell,Triplet,655-304-6615,jtripletav@twitpic.com
393,46,Marlena,Rainger,791-432-1328,mraingeraw@scribd.com
394,80,Ashia,Hellis,989-725-5132,ahellisax@diigo.com
395,25,Maryjo,Hachette,149-409-7516,mhachetteay@nba.com
396,56,Zollie,Beck,451-988-8888,zbeckaz@bizjournals.com
397,96,Megen,Nisby,386-121-8167,mnisbyb0@php.net
398,79,Marcelia,Colyer,281-968-0822,mcolyerb1@si.edu
399,5,Teirtza,Gonnet,625-518-6499,tgonnetb2@trellian.com
400,67,Jayme,Lyptratt,601-185-4640,jlyptrattb3@china.com.cn
401,75,May,Points,744-136-4929,mpointsb4@printfriendly.com
402,1,Brittaney,Blaise,575-990-9728,bblaiseb5@booking.com
403,16,Mateo,Askew,639-721-4924,maskewb6@amazon.co.uk
404,69,Louella,Martland,649-176-5798,lmartlandb7@yellowpages.com
405,58,Burlie,Clissold,374-849-2902,bclissoldb8@1und1.de
406,53,Cal,Napoleon,801-266-1888,cnapoleonb9@latimes.com
407,91,Estele,Bullcock,605-924-5385,ebullcockba@wunderground.com
408,6,Ardath,Breddy,654-849-3347,abreddybb@microsoft.com
409,28,Debra,Thynn,443-590-7974,dthynnbc@indiatimes.com
410,85,Natty,Santer,242-413-2970,nsanterbd@seattletimes.com
411,49,Huntley,Swarbrick,958-763-3516,hswarbrickbe@arstechnica.com
412,100,Ketty,Awcoate,638-863-2519,kawcoatebf@jugem.jp
413,22,Melosa,Pitchford,368-176-2083,mpitchfordbg@infoseek.co.jp
414,43,Georgeanna,Bolam,311-573-4634,gbolambh@google.co.jp
415,60,Christos,Mapston,645-865-7532,cmapstonbi@springer.com
416,1,Minna,Kirsop,637-193-1024,mkirsopbj@yolasite.com
417,9,Nathaniel,Lowsely,579-502-8100,nlowselybk@sourceforge.net
418,33,Sher,Marsie,157-148-4783,smarsiebl@surveymonkey.com
419,74,Ashby,Irnys,173-296-9743,airnysbm@microsoft.com
420,67,Harriot,Sans,222-242-6526,hsansbn@jimdo.com
421,12,Cecilius,Pierrepont,396-881-2462,cpierrepontbo@chronoengine.com
422,100,Arnuad,Pearce,823-623-0314,apearcebp@google.ca
423,10,Fairfax,Rojel,894-893-9438,frojelbq@mayoclinic.com
424,95,Merell,Rawlison,938-631-4785,mrawlisonbr@tinypic.com
425,4,Carolina,Croisier,357-921-1243,ccroisierbs@zimbio.com
426,55,Umberto,MacCurtain,352-879-0594,umaccurtainbt@hhs.gov
427,54,Emlynne,Neil,616-552-9193,eneilbu@clickbank.net
428,74,Ravi,Haye,578-115-9978,rhayebv@miibeian.gov.cn
429,9,Gwyn,Matherson,531-413-9071,gmathersonbw@4shared.com
430,98,Peria,Dumper,190-364-9848,pdumperbx@instagram.com
431,52,Gayler,Thys,180-717-2989,gthysby@acquirethisname.com
432,16,Lillis,Foyston,825-649-1260,lfoystonbz@networkadvertising.org
433,84,Stearne,Sahnow,902-889-7399,ssahnowc0@uol.com.br
434,41,Brandais,Jentgens,983-214-0491,bjentgensc1@yellowpages.com
435,77,Babette,Eakin,998-770-6735,beakinc2@bigcartel.com
436,69,Sawyer,Dewar,779-295-1767,sdewarc3@marriott.com
437,18,Suzanna,Carnson,795-691-4495,scarnsonc4@diigo.com
438,90,Dena,Bruntjen,783-291-1978,dbruntjenc5@mlb.com
439,11,Webb,Burdfield,648-334-9650,wburdfieldc6@utexas.edu
440,84,Blondelle,Westrope,364-229-8180,bwestropec7@mac.com
441,68,Jenine,Gush,349-870-3832,jgushc8@meetup.com
442,92,Jerrie,Cozens,904-557-8415,jcozensc9@umn.edu
443,74,Valina,Whaites,587-564-6317,vwhaitesca@yahoo.co.jp
444,96,Elisa,Teaz,918-232-9562,eteazcb@ezinearticles.com
445,25,Raul,Baish,632-640-8664,rbaishcc@digg.com
446,73,Carrissa,Laviss,567-700-4145,clavisscd@mac.com
447,13,Huntley,Hallihan,144-530-7610,hhallihance@columbia.edu
448,7,Warren,Ewens,692-421-1789,wewenscf@google.com.hk
449,72,Doti,Snozzwell,650-213-8579,dsnozzwellcg@cornell.edu
450,14,Estelle,Deftie,212-577-1123,edeftiech@nydailynews.com
451,13,Cchaddie,Stancliffe,576-431-2791,cstancliffeci@pinterest.com
452,22,Quintilla,Olivari,688-844-5951,qolivaricj@mysql.com
453,23,Jeniece,Edgson,528-106-3919,jedgsonck@sitemeter.com
454,1,Mattias,Garrould,672-203-8953,mgarrouldcl@reverbnation.com
455,70,Brose,Peto,443-677-1597,bpetocm@topsy.com
456,29,Annetta,Scrymgeour,197-755-7122,ascrymgeourcn@hud.gov
457,78,Joyan,Trinbey,590-566-5193,jtrinbeyco@ed.gov
458,27,Sylvia,Tomsa,468-596-8125,stomsacp@bloglines.com
459,14,Lynnet,Humbatch,641-493-6402,lhumbatchcq@wikimedia.org
460,50,Gay,Camilleri,619-335-8799,gcamillericr@nationalgeographic.com
461,23,Karia,Janek,428-925-1294,kjanekcs@sogou.com
462,60,Josephina,Connechy,332-747-2479,jconnechyct@dagondesign.com
463,4,Mimi,Hoofe,241-586-0486,mhoofecu@webeden.co.uk
464,84,Letty,Greatbank,381-177-7228,lgreatbankcv@uol.com.br
465,74,Beryle,Pickworth,814-200-1595,bpickworthcw@desdev.cn
466,39,Georgena,Akred,763-135-9062,gakredcx@bigcartel.com
467,34,Shirlene,Waszczyk,615-175-8371,swaszczykcy@issuu.com
468,6,Glenn,O'Bradane,810-134-3677,gobradanecz@edublogs.org
469,74,Matthias,Parmenter,671-310-0545,mparmenterd0@icio.us
470,20,Erinn,Durand,544-132-1884,edurandd1@naver.com
471,73,Leicester,Foucher,698-974-8189,lfoucherd2@house.gov
472,4,Vanya,Huyche,202-305-2823,vhuyched3@meetup.com
473,78,Almeria,MacGilfoyle,336-343-2721,amacgilfoyled4@pinterest.com
474,18,Courtnay,Cescotti,293-320-9562,ccescottid5@qq.com
475,11,Gina,Dani,864-166-2518,gdanid6@disqus.com
476,45,Jo-anne,Niave,111-422-0311,jniaved7@youtube.com
477,79,Tally,Budnik,431-950-5621,tbudnikd8@printfriendly.com
478,46,Lacie,Nalder,966-882-3012,lnalderd9@dropbox.com
479,16,Sander,Marten,992-208-0833,smartenda@blogger.com
480,64,Gonzales,Mulrenan,919-745-7121,gmulrenandb@dion.ne.jp
481,60,Thomas,Dowsey,168-287-9043,tdowseydc@miitbeian.gov.cn
482,88,Hendrick,Dunn,187-593-0552,hdunndd@yahoo.co.jp
483,77,Myrvyn,Mattingley,992-713-1993,mmattingleyde@technorati.com
484,78,Emera,Aldwich,783-616-6515,ealdwichdf@time.com
485,19,Nonie,Pariso,423-902-6192,nparisodg@weibo.com
486,63,Aggie,Eyes,684-719-6489,aeyesdh@xrea.com
487,6,Tally,Lawrey,384-642-6557,tlawreydi@cafepress.com
488,13,Ursuline,Bernaert,272-430-0869,ubernaertdj@sbwire.com
489,57,Shari,Guiduzzi,503-787-1950,sguiduzzidk@symantec.com
490,62,Rhody,O'Logan,322-807-0154,rologandl@zdnet.com
491,20,Maurice,Ericsson,166-933-7291,mericssondm@studiopress.com
492,71,Ximenez,Vaines,159-360-9833,xvainesdn@reddit.com
493,7,Gael,Prendeguest,448-539-5381,gprendeguestdo@cafepress.com
494,15,Ricki,Potapczuk,838-568-2262,rpotapczukdp@tmall.com
495,56,Edee,Hargrave,310-234-3773,ehargravedq@blogs.com
496,85,Hasty,Bard,951-945-2420,hbarddr@wikia.com
497,19,Abbye,Jelkes,789-774-0217,ajelkesds@constantcontact.com
498,8,Arel,Jancso,949-536-6224,ajancsodt@liveinternet.ru
499,46,Eilis,Temperton,512-359-0887,etempertondu@homestead.com
500,65,Jaine,Autry,712-622-3592,jautrydv@ucla.edu
501,19,Trudie,Gruszczak,216-547-9143,tgruszczakdw@miitbeian.gov.cn
502,72,Had,Heakey,323-474-0070,hheakeydx@cnet.com
503,89,Lilli,Kennard,710-259-7802,lkennarddy@discuz.net
504,29,Olympie,Cartner,428-805-3598,ocartnerdz@census.gov
505,77,Valerye,Dunford,978-964-5873,vdunforde0@rediff.com
506,78,Danika,Mewrcik,568-840-7369,dmewrcike1@amazon.de
507,53,L;urette,Tebbe,248-165-3060,ltebbee2@youku.com
508,43,Charlot,Craigie,670-745-5507,ccraigiee3@amazon.com
509,1,Saunders,Hackney,285-393-9637,shackneye4@nytimes.com
510,63,Roch,Raye,635-873-6612,rrayee5@salon.com
511,23,Mil,Setford,503-450-6015,msetforde6@latimes.com
512,30,Leland,Leaman,222-493-7959,lleamane7@linkedin.com
513,42,Jacky,Rosser,146-157-7951,jrossere8@a8.net
514,44,Cordey,Harnor,740-885-1598,charnore9@1688.com
515,81,Cleopatra,Nestle,162-793-2844,cnestleea@yahoo.com
516,20,Avigdor,Duprey,329-894-9141,adupreyeb@unblog.fr
517,90,Margaretha,Ruane,108-520-1696,mruaneec@google.com
518,95,Reggie,Tregenna,751-275-9400,rtregennaed@uol.com.br
519,76,Rhody,Dreschler,420-986-5484,rdreschleree@hexun.com
520,56,Corinna,Jeays,471-238-3884,cjeaysef@symantec.com
521,32,Clementius,Fulks,675-708-3273,cfulkseg@si.edu
522,19,Gabbie,Werrett,725-589-9766,gwerretteh@webmd.com
523,42,Anneliese,Doerling,737-838-2574,adoerlingei@e-recht24.de
524,27,Anthony,Hammerson,222-606-4218,ahammersonej@nature.com
525,35,Edan,Hannaby,685-401-8015,ehannabyek@yellowpages.com
526,56,Lindsey,Woloschinski,423-878-9819,lwoloschinskiel@over-blog.com
527,12,Delora,Cockson,858-708-9978,dcocksonem@fda.gov
528,78,Frederick,Ortler,849-899-8047,fortleren@sakura.ne.jp
529,79,Karlan,Alner,430-125-7859,kalnereo@indiatimes.com
530,21,Freida,Standbrooke,499-558-1030,fstandbrookeep@google.nl
531,23,Branden,Shafto,428-974-3044,bshaftoeq@google.com.br
532,63,Opaline,Mebius,379-207-1523,omebiuser@paginegialle.it
533,92,Madlen,Wiggett,493-259-2923,mwiggettes@nytimes.com
534,26,Micheline,Fogel,780-388-7378,mfogelet@unicef.org
535,91,Georges,Echalier,461-607-3936,gechaliereu@npr.org
536,76,Massimo,McAviy,108-897-0370,mmcaviyev@columbia.edu
537,19,Shanon,Pimblotte,487-251-7462,spimblotteew@gravatar.com
538,15,Nelle,Childerhouse,457-992-2758,nchilderhouseex@php.net
539,70,Mirilla,Ryam,878-866-2375,mryamey@imgur.com
540,74,Samantha,Godsmark,144-304-6793,sgodsmarkez@myspace.com
541,66,Alfy,Cuddihy,113-562-1482,acuddihyf0@tripod.com
542,58,Clarence,Pannaman,383-553-7565,cpannamanf1@mayoclinic.com
543,22,Stephan,Skydall,411-123-9687,sskydallf2@booking.com
544,86,Brenna,Ferraro,983-163-3889,bferrarof3@xing.com
545,27,Winnie,Loughlin,413-564-8590,wloughlinf4@wired.com
546,76,Deeanne,Donaghy,237-288-2007,ddonaghyf5@feedburner.com
547,95,Betsey,Gisbourn,928-701-9211,bgisbournf6@slashdot.org
548,43,Tiphany,Oaker,445-690-4150,toakerf7@digg.com
549,44,Marv,Saundercock,354-314-8769,msaundercockf8@jiathis.com
550,25,Hugibert,Jenno,625-945-5619,hjennof9@netscape.com
551,59,Marin,Lifsey,441-574-7979,mlifseyfa@yahoo.co.jp
552,95,Winston,Chambers,566-463-6510,wchambersfb@guardian.co.uk
553,64,Lyndell,Takos,914-407-7987,ltakosfc@abc.net.au
554,39,Gert,Foad,384-958-6600,gfoadfd@arstechnica.com
555,52,Sue,Adshead,922-731-6232,sadsheadfe@vinaora.com
556,37,Camille,Seid,783-177-6779,cseidff@blinklist.com
557,11,Charmane,Wallwood,171-114-3327,cwallwoodfg@cpanel.net
558,47,Roger,Rosenblath,322-264-1990,rrosenblathfh@wikia.com
559,72,Eloisa,Winteringham,571-715-9648,ewinteringhamfi@archive.org
560,51,Natalina,Dincke,449-985-6605,ndinckefj@github.com
561,76,Fanechka,Itscowics,802-664-0666,fitscowicsfk@hao123.com
562,23,Tito,Stelfox,281-136-0262,tstelfoxfl@histats.com
563,2,Alasdair,Hearn,434-518-3519,ahearnfm@xing.com
564,67,Arlene,Huerta,136-142-4538,ahuertafn@squarespace.com
565,94,Morey,Yurtsev,772-470-2118,myurtsevfo@163.com
566,96,Cynthy,Colman,593-292-4306,ccolmanfp@kickstarter.com
567,92,Francisca,Rookwell,640-731-0575,frookwellfq@twitter.com
568,98,Liesa,Ivanilov,154-892-1046,livanilovfr@ask.com
569,69,Susan,Goane,457-845-3331,sgoanefs@live.com
570,47,Huberto,Aherne,456-318-5462,haherneft@ox.ac.uk
571,44,Claire,Baly,164-362-5380,cbalyfu@etsy.com
572,17,Edgar,Northridge,614-891-5043,enorthridgefv@zdnet.com
573,67,Delia,Gergher,270-760-9104,dgergherfw@loc.gov
574,11,Anatollo,Drabble,355-387-2831,adrabblefx@surveymonkey.com
575,56,Patsy,Proffitt,334-578-0846,pproffittfy@statcounter.com
576,33,Stanfield,Roan,113-557-2397,sroanfz@webeden.co.uk
577,38,Andris,Winterbottom,899-484-9028,awinterbottomg0@elegantthemes.com
578,55,Sanders,Coomes,940-268-3368,scoomesg1@dyndns.org
579,7,Datha,Calton,671-312-9514,dcaltong2@gov.uk
580,8,Jaquenette,Boyce,980-896-2339,jboyceg3@sfgate.com
581,51,Raphaela,Woolis,773-168-9896,rwoolisg4@wired.com
582,70,Der,Piatkow,854-161-7316,dpiatkowg5@ucoz.ru
583,22,Garret,Armsden,663-896-1676,garmsdeng6@deviantart.com
584,8,Rodolph,Joubert,252-771-8562,rjoubertg7@nsw.gov.au
585,22,Betsey,Skea,618-241-2838,bskeag8@cbc.ca
586,64,Ken,Prue,735-182-0262,kprueg9@ning.com
587,80,Delainey,Gilffillan,683-920-1553,dgilffillanga@economist.com
588,47,Alan,Rivilis,891-356-1488,arivilisgb@reuters.com
589,16,Brendis,Skivington,132-441-3080,bskivingtongc@abc.net.au
590,11,Jackie,Adolfson,157-927-3168,jadolfsongd@odnoklassniki.ru
591,83,Bertina,Poplee,898-314-8216,bpopleege@pinterest.com
592,1,Obed,Beaven,608-774-0106,obeavengf@deviantart.com
593,7,Sharline,Bertouloume,786-803-6855,sbertouloumegg@virginia.edu
594,15,Fidelia,Weatherup,102-396-2540,fweatherupgh@npr.org
595,86,Branden,Faragher,942-296-2463,bfaraghergi@tumblr.com
596,70,Roch,Janczyk,371-115-9440,rjanczykgj@mlb.com
597,48,Russ,Levitt,887-241-1974,rlevittgk@mapy.cz
598,8,Rodney,Tynnan,413-853-1662,rtynnangl@illinois.edu
599,17,Eleonore,Connett,208-198-2069,econnettgm@facebook.com
600,6,Mischa,Belmont,848-361-2195,mbelmontgn@rambler.ru
601,49,Georgie,Batteson,547-786-2539,gbattesongo@youtube.com
602,82,Phaedra,Jedrasik,927-892-1688,pjedrasikgp@ehow.com
603,44,Roana,Upfold,294-936-3315,rupfoldgq@china.com.cn
604,61,Jacky,MacCracken,156-981-5671,jmaccrackengr@comsenz.com
605,70,Cullie,Benger,124-144-0062,cbengergs@1688.com
606,29,Felicio,Bogart,196-273-2141,fbogartgt@sitemeter.com
607,9,Cymbre,Plowright,631-432-0938,cplowrightgu@nps.gov
608,87,Enoch,Torfin,405-641-2130,etorfingv@adobe.com
609,29,Marsh,Tremeer,302-817-7869,mtremeergw@t-online.de
610,2,Daryle,Bolzen,777-918-6186,dbolzengx@hao123.com
611,45,Belicia,Romeo,297-811-7472,bromeogy@infoseek.co.jp
612,37,Petr,Patron,939-583-9500,ppatrongz@cisco.com
613,79,Langsdon,Locks,861-303-9170,llocksh0@delicious.com
614,66,Jacynth,Van der Merwe,626-816-6802,jvandermerweh1@zdnet.com
615,69,Alice,Keogh,648-733-4317,akeoghh2@omniture.com
616,95,Fairleigh,Pentecost,375-367-3253,fpentecosth3@gizmodo.com
617,37,Wilhelmina,Raspin,228-865-5685,wraspinh4@ocn.ne.jp
618,36,Eunice,Weatherburn,400-138-6171,eweatherburnh5@usatoday.com
619,30,Carny,Drowsfield,702-902-7676,cdrowsfieldh6@cpanel.net
620,71,Shaine,Richie,297-200-8070,srichieh7@baidu.com
621,1,Benedicta,Faccini,758-959-1039,bfaccinih8@uiuc.edu
622,68,Cirilo,Couth,219-203-6340,ccouthh9@paginegialle.it
623,21,Nev,Hadwick,214-671-7084,nhadwickha@photobucket.com
624,55,Wash,Banfill,102-667-6223,wbanfillhb@pen.io
625,50,Fanechka,Ellery,597-448-4088,felleryhc@uiuc.edu
626,34,Harlan,Langhor,402-982-6503,hlanghorhd@simplemachines.org
627,47,Roseanne,De la Harpe,769-246-0231,rdelaharpehe@harvard.edu
628,53,Brit,Maris,111-905-2757,bmarishf@symantec.com
629,8,Karine,Clavering,514-500-1739,kclaveringhg@yelp.com
630,80,Carroll,Duffitt,527-461-3557,cduffitthh@miibeian.gov.cn
631,81,Bendick,Rocca,163-770-5165,broccahi@addthis.com
632,2,Dulce,Zaple,294-230-3681,dzaplehj@java.com
633,58,Patrice,De Carteret,327-860-4680,pdecarterethk@salon.com
634,62,Val,McGuiney,346-482-1091,vmcguineyhl@woothemes.com
635,3,Broderic,Antunes,888-224-6125,bantuneshm@npr.org
636,70,Nerissa,Headrick,486-565-4926,nheadrickhn@japanpost.jp
637,41,Moll,Ebbin,108-171-7329,mebbinho@wp.com
638,94,Kariotta,Vint,718-429-4819,kvinthp@msn.com
639,50,Ilise,Medler,563-542-3674,imedlerhq@networkadvertising.org
640,81,Ilyssa,Rochford,120-770-1308,irochfordhr@forbes.com
641,100,Kathryn,Benedettini,373-234-9757,kbenedettinihs@bravesites.com
642,5,Francesco,Kienle,229-721-8321,fkienleht@si.edu
643,55,Erhard,Huggens,954-248-5319,ehuggenshu@paypal.com
644,82,Vic,Runnett,411-604-4023,vrunnetthv@kickstarter.com
645,87,Charles,Keogh,428-919-8325,ckeoghhw@godaddy.com
646,28,Sapphira,Hasley,129-296-6009,shasleyhx@google.cn
647,7,Matteo,Alday,916-264-5410,maldayhy@nydailynews.com
648,69,Penny,Yorston,390-417-2346,pyorstonhz@army.mil
649,79,Rodie,Bagnold,334-407-9974,rbagnoldi0@devhub.com
650,75,Debor,McCart,613-698-0432,dmccarti1@cargocollective.com
651,12,Cathyleen,Van der Velden,465-277-8213,cvanderveldeni2@deliciousdays.com
652,76,Porty,Neat,984-507-8589,pneati3@123-reg.co.uk
653,77,Karna,Carcass,569-631-9401,kcarcassi4@uol.com.br
654,10,Randa,Stopforth,376-452-6175,rstopforthi5@epa.gov
655,91,Rudolf,Anderbrugge,362-695-4390,randerbruggei6@studiopress.com
656,23,Janeta,Rustadge,778-577-8034,jrustadgei7@umn.edu
657,35,Cordie,Bixley,864-313-2576,cbixleyi8@prnewswire.com
658,96,Sheffy,Giacobbo,301-266-1121,sgiacobboi9@clickbank.net
659,35,Auguste,Azemar,924-843-5201,aazemaria@patch.com
660,27,Alika,Halleybone,717-713-6968,ahalleyboneib@utexas.edu
661,96,Modestia,Lown,642-708-0552,mlownic@hhs.gov
662,3,Yoko,Frichley,885-262-7719,yfrichleyid@accuweather.com
663,36,Donica,Drinkwater,282-484-3042,ddrinkwaterie@behance.net
664,100,Jasen,Paslow,800-440-1639,jpaslowif@xrea.com
665,75,Valera,Annatt,878-843-1981,vannattig@illinois.edu
666,96,Phylys,Woolfenden,852-365-8332,pwoolfendenih@elegantthemes.com
667,22,Penrod,Attwool,220-145-2056,pattwoolii@sitemeter.com
668,24,Gherardo,Spinley,779-117-3081,gspinleyij@goodreads.com
669,4,Lucretia,Varey,253-898-8398,lvareyik@yahoo.com
670,48,Farand,Margery,753-684-3953,fmargeryil@com.com
671,22,Tersina,Bumpass,977-461-2946,tbumpassim@thetimes.co.uk
672,13,Cynthie,Sandbrook,576-825-0934,csandbrookin@wix.com
673,98,Dorice,Blaxland,239-944-9622,dblaxlandio@youku.com
674,25,Bobbie,Rosas,355-812-2644,brosasip@ebay.co.uk
675,96,Cody,Keepence,510-192-1541,ckeepenceiq@webmd.com
676,41,Gerrard,O' Quirk,103-554-5178,goquirkir@tamu.edu
677,22,Zebedee,Rubinfajn,250-678-0046,zrubinfajnis@cdc.gov
678,9,Danni,Ding,225-853-4270,ddingit@princeton.edu
679,9,Richy,Matijevic,901-965-8554,rmatijeviciu@buzzfeed.com
680,73,Madlin,Gainsford,746-784-9933,mgainsfordiv@thetimes.co.uk
681,54,Ailey,Saterthwait,574-214-2090,asaterthwaitiw@macromedia.com
682,9,Mateo,Pointin,666-380-4771,mpointinix@sohu.com
683,86,Tobe,Alexander,830-475-8571,talexanderiy@wix.com
684,76,Catharina,Stolberger,337-701-8895,cstolbergeriz@unicef.org
685,42,Leontyne,Klimentov,719-228-5236,lklimentovj0@about.me
686,64,Lea,Baldacchino,440-552-0802,lbaldacchinoj1@wikipedia.org
687,34,Claudian,Chastagnier,385-100-2531,cchastagnierj2@sun.com
688,51,Alberto,Matyushkin,332-677-7143,amatyushkinj3@omniture.com
689,75,Irving,Collerd,193-629-5354,icollerdj4@cyberchimps.com
690,59,Reuven,Fauning,301-171-6327,rfauningj5@jimdo.com
691,63,Myca,Ketteringham,574-563-4772,mketteringhamj6@free.fr
692,33,Sile,Diack,504-242-5849,sdiackj7@odnoklassniki.ru
693,8,Yettie,Dainton,239-334-2732,ydaintonj8@instagram.com
694,96,Forbes,Greasley,394-133-0007,fgreasleyj9@woothemes.com
695,83,Tillie,Fine,518-119-0490,tfineja@ted.com
696,53,Andonis,Phebee,479-123-7148,aphebeejb@cbc.ca
697,10,Edita,Ogle,636-178-1342,eoglejc@addthis.com
698,80,Maurizio,Signoret,811-887-4382,msignoretjd@taobao.com
699,20,Morie,Skellon,756-197-5087,mskellonje@nps.gov
700,96,Abagail,Borley,712-678-9755,aborleyjf@foxnews.com
701,92,Antonie,Whiteland,874-486-4960,awhitelandjg@domainmarket.com
702,96,Neel,Leckey,935-486-4452,nleckeyjh@qq.com
703,64,Cordi,Greenstreet,859-306-8048,cgreenstreetji@dyndns.org
704,43,Lotty,Bracey,245-388-4451,lbraceyjj@altervista.org
705,33,Sandro,Duval,850-347-4759,sduvaljk@rambler.ru
706,90,Bianca,Cathenod,241-433-9946,bcathenodjl@weebly.com
707,59,Luelle,Mehew,713-401-8991,lmehewjm@ycombinator.com
708,60,Griffy,Randles,184-784-4170,grandlesjn@wiley.com
709,62,Loreen,Libbe,519-225-1697,llibbejo@baidu.com
710,67,Mona,Labet,572-380-0534,mlabetjp@biglobe.ne.jp
711,74,Enriqueta,Jenking,201-655-9863,ejenkingjq@yelp.com
712,65,Ransom,Laxtonne,162-389-3475,rlaxtonnejr@cnet.com
713,45,Delphinia,Fishby,759-929-6707,dfishbyjs@freewebs.com
714,37,Kayley,Gleadle,496-646-9944,kgleadlejt@tinypic.com
715,47,Ignacius,Mutlow,316-159-7621,imutlowju@blinklist.com
716,99,Rebeka,Sheppey,822-775-8133,rsheppeyjv@arstechnica.com
717,72,Rachele,Rawkesby,477-312-0498,rrawkesbyjw@last.fm
718,71,Nat,Graver,713-377-9155,ngraverjx@skype.com
719,33,Anna,Fayne,321-892-8708,afaynejy@tumblr.com
720,8,Moshe,Densun,296-896-1412,mdensunjz@earthlink.net
721,96,Dillon,Aveson,688-658-8688,davesonk0@photobucket.com
722,44,Magnum,Manchett,926-676-7931,mmanchettk1@smugmug.com
723,44,Kitty,Kilbane,128-324-3607,kkilbanek2@usa.gov
724,78,Rab,Durrington,453-839-2041,rdurringtonk3@chron.com
725,33,Laureen,Verrick,453-939-3359,lverrickk4@xinhuanet.com
726,87,Wit,Caven,994-983-2067,wcavenk5@prweb.com
727,89,Heath,Brugsma,121-963-9951,hbrugsmak6@ameblo.jp
728,33,Lorrayne,Kremer,144-524-0101,lkremerk7@elegantthemes.com
729,26,Willey,Craighead,894-530-9261,wcraigheadk8@friendfeed.com
730,38,Hank,Giannini,316-227-8743,hgianninik9@tripod.com
731,82,Elsey,Lightwing,107-377-1529,elightwingka@mail.ru
732,37,Justen,MacPadene,476-382-5594,jmacpadenekb@stumbleupon.com
733,3,Andres,Meier,993-442-7932,ameierkc@163.com
734,83,Wolfgang,Langlois,919-490-7443,wlangloiskd@wordpress.com
735,95,Orson,Hexham,815-503-9938,ohexhamke@wp.com
736,45,Ezri,Sergant,958-363-4956,esergantkf@shop-pro.jp
737,26,Keir,Duquesnay,100-113-6136,kduquesnaykg@yolasite.com
738,47,Abba,Shearmer,217-205-2941,ashearmerkh@baidu.com
739,20,Delilah,Le Grove,470-565-4183,dlegroveki@discovery.com
740,23,Shermie,Boltwood,524-764-9465,sboltwoodkj@webnode.com
741,25,Doug,Fassmann,852-860-1481,dfassmannkk@fc2.com
742,48,Collete,Cloute,254-608-0144,ccloutekl@uol.com.br
743,43,Christalle,Gibbe,332-628-1035,cgibbekm@amazon.de
744,71,Ruttger,Kynd,999-703-8971,rkyndkn@dropbox.com
745,52,Gracie,McCullum,387-551-4478,gmccullumko@wiley.com
746,75,Clemmy,Edgerly,295-385-1796,cedgerlykp@gnu.org
747,59,Aubree,Craigmyle,821-892-9162,acraigmylekq@npr.org
748,86,Merrili,Langmaid,563-905-6547,mlangmaidkr@cnn.com
749,92,Isadore,Rubenov,821-100-7283,irubenovks@soup.io
750,90,Laurena,Salterne,422-232-4788,lsalternekt@edublogs.org
751,53,Birgit,Kimblin,418-976-6779,bkimblinku@diigo.com
752,21,Golda,Caldicott,459-513-9441,gcaldicottkv@wisc.edu
753,37,Odo,D'Emanuele,186-346-1427,odemanuelekw@sourceforge.net
754,90,Mercie,Skullet,545-585-0758,mskulletkx@narod.ru
755,23,Eberto,Robez,480-302-3622,erobezky@pcworld.com
756,8,Dur,Ughetti,452-978-8809,dughettikz@wix.com
757,26,Christal,Philips,863-809-4813,cphilipsl0@typepad.com
758,41,Trace,Reyna,930-312-9571,treynal1@icio.us
759,48,Roseann,Bussy,294-844-8990,rbussyl2@huffingtonpost.com
760,42,Jeniece,Burnett,791-114-8564,jburnettl3@usnews.com
761,57,Darya,Kenworthy,708-776-2551,dkenworthyl4@slashdot.org
762,17,Dana,Scroggins,426-685-5515,dscrogginsl5@51.la
763,19,Waylon,Maddison,365-921-5839,wmaddisonl6@wufoo.com
764,42,Sallyann,Upstell,735-822-1662,supstelll7@google.ca
765,62,Jacinda,Mealiffe,398-385-0134,jmealiffel8@odnoklassniki.ru
766,76,Angelle,De L'Isle,108-832-2529,adelislel9@webeden.co.uk
767,87,Debee,Fishby,248-875-0200,dfishbyla@hexun.com
768,68,Moises,Mc-Kerley,738-722-8570,mmckerleylb@goodreads.com
769,5,Bette,Casillas,632-866-6384,bcasillaslc@diigo.com
770,19,Honey,MacDowall,329-179-7592,hmacdowallld@friendfeed.com
771,28,Peyton,Ainley,368-481-0454,painleyle@a8.net
772,36,Arlen,O'Kennavain,761-306-8547,aokennavainlf@walmart.com
773,53,Tarra,Uccello,412-196-0062,tuccellolg@cargocollective.com
774,89,Tana,Garlett,575-755-5821,tgarlettlh@ca.gov
775,58,Norbert,Warwick,323-713-0919,nwarwickli@sciencedaily.com
776,33,Joeann,Dundredge,419-820-7815,jdundredgelj@kickstarter.com
777,12,Leelah,Odde,200-816-4308,loddelk@salon.com
778,12,Julie,Ludmann,435-617-3059,jludmannll@who.int
779,33,Barn,Cristofaro,343-477-7885,bcristofarolm@about.me
780,5,Hillery,Scroggie,189-622-0365,hscroggieln@oracle.com
781,73,Elston,Janiszewski,906-396-6905,ejaniszewskilo@mashable.com
782,82,Lurette,Hartwright,288-208-9872,lhartwrightlp@bandcamp.com
783,55,Humfrey,Cowins,513-646-6028,hcowinslq@apple.com
784,28,Quinlan,Killich,746-909-9257,qkillichlr@yahoo.com
785,12,Maurizio,Greenough,400-461-8807,mgreenoughls@noaa.gov
786,44,Evelyn,Gookes,450-989-7309,egookeslt@flickr.com
787,46,Vivyan,Piletic,490-789-2683,vpileticlu@hc360.com
788,35,Skylar,Nardoni,230-879-8202,snardonilv@spotify.com
789,76,Audrie,Conklin,348-862-3095,aconklinlw@amazon.co.jp
790,53,Ellynn,Desforges,141-551-1528,edesforgeslx@shop-pro.jp
791,83,Umberto,Spry,656-782-4463,uspryly@salon.com
792,31,Liz,Euston,283-590-6367,leustonlz@statcounter.com
793,87,Ania,Gair,280-458-2976,agairm0@timesonline.co.uk
794,30,Veronike,Ferrandez,857-832-5309,vferrandezm1@msn.com
795,93,Ivie,Wheeldon,263-438-7276,iwheeldonm2@yahoo.co.jp
796,20,Terza,Libero,794-344-7698,tliberom3@state.gov
797,30,Elyssa,Cuttell,413-981-0300,ecuttellm4@hatena.ne.jp
798,100,Mortimer,Hungerford,292-428-9326,mhungerfordm5@amazon.co.uk
799,6,Tod,Crossingham,950-539-7089,tcrossinghamm6@dion.ne.jp
800,50,Karel,Mayworth,596-560-2387,kmayworthm7@youtube.com
801,36,Chaunce,Lawday,165-422-9991,clawdaym8@uol.com.br
802,72,Garry,Fyall,684-754-6971,gfyallm9@typepad.com
803,84,Kitty,Rarity,885-451-4164,krarityma@tmall.com
804,84,Daveen,Weathers,430-547-3948,dweathersmb@answers.com
805,55,Cornelle,Ledgister,311-722-4774,cledgistermc@slate.com
806,64,Vaughan,Rowett,611-789-3731,vrowettmd@deliciousdays.com
807,42,Christiana,O' Dornan,459-666-6648,codornanme@census.gov
808,51,Portie,Blackhall,395-166-8514,pblackhallmf@networkadvertising.org
809,38,Desiree,Brearty,208-534-2105,dbreartymg@imageshack.us
810,43,Leroy,Dyne,264-143-2999,ldynemh@4shared.com
811,51,Fons,Tremouille,949-622-6168,ftremouillemi@uol.com.br
812,99,Valaree,Bossom,657-409-6209,vbossommj@businessinsider.com
813,23,Veriee,Gapper,551-707-5980,vgappermk@geocities.com
814,19,Willy,Labbett,817-150-9845,wlabbettml@cnn.com
815,80,Marylee,Obeney,413-711-4372,mobeneymm@people.com.cn
816,9,Janos,Wigan,804-292-7645,jwiganmn@ox.ac.uk
817,16,Davita,Rumming,924-535-9291,drummingmo@1688.com
818,81,Tammy,Torri,135-939-5485,ttorrimp@prnewswire.com
819,71,Lavena,Perigo,666-117-6380,lperigomq@sohu.com
820,91,Hester,Lawrenson,132-457-3153,hlawrensonmr@photobucket.com
821,23,Amelia,Hay,576-296-2651,ahayms@myspace.com
822,89,Lynne,Campsall,457-688-9574,lcampsallmt@mozilla.org
823,64,Hartley,Smales,924-366-9690,hsmalesmu@cmu.edu
824,89,Aeriel,Ship,398-306-5439,ashipmv@miibeian.gov.cn
825,45,Delly,Lownie,665-578-7732,dlowniemw@edublogs.org
826,71,Liliane,Rathjen,607-177-2127,lrathjenmx@google.cn
827,51,Jeane,Petrenko,242-219-6533,jpetrenkomy@ibm.com
828,30,Chrystal,Wick,242-284-9082,cwickmz@npr.org
829,28,Alyosha,Bisley,266-298-0892,abisleyn0@hugedomains.com
830,90,Cherey,Woodfin,856-833-7938,cwoodfinn1@parallels.com
831,53,Dacia,Illem,798-284-9858,dillemn2@joomla.org
832,3,Ambros,Maylor,882-747-0656,amaylorn3@globo.com
833,48,Ardyce,Hexham,726-328-3710,ahexhamn4@is.gd
834,61,Hayyim,Croydon,157-283-2755,hcroydonn5@washingtonpost.com
835,13,Diannne,Proppers,385-555-4661,dproppersn6@cmu.edu
836,63,Clim,Bulman,394-285-1055,cbulmann7@theguardian.com
837,83,Lotta,Copeman,843-920-7037,lcopemann8@list-manage.com
838,42,Elwood,Moulds,712-599-7232,emouldsn9@seesaa.net
839,72,Darrelle,Bonifazio,845-645-4559,dbonifaziona@mac.com
840,90,Paige,Roz,454-879-9707,proznb@house.gov
841,10,Devy,Pothergill,639-145-3373,dpothergillnc@ow.ly
842,22,Bradford,Bestall,117-945-6618,bbestallnd@over-blog.com
843,93,Jaquith,Whales,906-228-6403,jwhalesne@sfgate.com
844,33,Pattie,Beamont,339-965-6578,pbeamontnf@reference.com
845,83,Cassey,Alcott,626-151-8343,calcottng@sciencedirect.com
846,68,Mackenzie,Cockshot,171-632-0494,mcockshotnh@moonfruit.com
847,62,Noe,Fewings,630-804-3160,nfewingsni@nature.com
848,25,Ezra,Praton,317-718-3423,epratonnj@wix.com
849,34,Herby,Pickston,597-784-2717,hpickstonnk@house.gov
850,76,Johann,Sharrock,725-688-7350,jsharrocknl@webmd.com
851,32,Johnnie,Vinau,158-174-9328,jvinaunm@vinaora.com
852,82,Dore,Gutans,849-707-3738,dgutansnn@netlog.com
853,13,Lauretta,Morson,464-423-5770,lmorsonno@gizmodo.com
854,4,Dougie,Yurenev,213-408-2022,dyurenevnp@goo.ne.jp
855,88,Sorcha,Songhurst,939-576-4416,ssonghurstnq@networkadvertising.org
856,1,Abraham,Barnsdale,358-175-7983,abarnsdalenr@disqus.com
857,22,Joellyn,MacRannell,573-238-9913,jmacrannellns@flavors.me
858,76,Thomasa,Rengger,484-358-0274,trenggernt@mozilla.com
859,30,Darin,Fortey,512-336-5325,dforteynu@google.fr
860,32,Angel,Grigson,910-815-2077,agrigsonnv@paginegialle.it
861,13,Adria,Currom,783-703-3362,acurromnw@hexun.com
862,33,Constancy,Matschek,666-572-9467,cmatscheknx@tinypic.com
863,80,Lettie,Aronowicz,315-466-0513,laronowiczny@marriott.com
864,32,Lenette,Bernardotte,585-205-9687,lbernardottenz@google.nl
865,89,Renate,Hassewell,614-197-6955,rhassewello0@senate.gov
866,43,Waite,Worrell,444-162-8975,wworrello1@hao123.com
867,86,Germain,Jaffray,991-955-7090,gjaffrayo2@de.vu
868,26,Sergei,Varey,930-286-6463,svareyo3@constantcontact.com
869,28,Daphna,Tanby,929-394-3549,dtanbyo4@sciencedaily.com
870,51,Jennette,Larkby,954-501-1104,jlarkbyo5@nih.gov
871,13,Marylin,Ovise,593-487-3302,moviseo6@whitehouse.gov
872,19,Kippie,Emmert,990-342-3258,kemmerto7@ucsd.edu
873,47,Jud,Standingford,569-346-0194,jstandingfordo8@mac.com
874,66,Hasheem,Mullett,637-735-0624,hmulletto9@plala.or.jp
875,46,Antony,Veelers,429-660-8107,aveelersoa@mozilla.org
876,95,Kayla,Dallow,323-380-8629,kdallowob@com.com
877,98,Noelani,Goadbie,373-134-3060,ngoadbieoc@google.ca
878,42,Marcos,Lutsch,949-852-8356,mlutschod@miibeian.gov.cn
879,48,Ethan,Meindl,507-618-6489,emeindloe@deviantart.com
880,7,Cal,Duesbury,702-220-0789,cduesburyof@redcross.org
881,34,Bink,Mayfield,593-955-2754,bmayfieldog@usa.gov
882,86,Hedvige,Cutts,969-163-0789,hcuttsoh@yellowpages.com
883,44,Aloysia,Hayball,549-929-2419,ahayballoi@istockphoto.com
884,26,Trenna,Heaford,994-799-8849,theafordoj@marriott.com
885,13,Robinetta,Kach,166-528-3596,rkachok@newyorker.com
886,38,Alma,Jeffry,676-871-8650,ajeffryol@biglobe.ne.jp
887,77,Hyacintha,Darwen,504-250-6711,hdarwenom@cpanel.net
888,6,Iorgos,Gilchriest,720-676-1726,igilchrieston@patch.com
889,40,Merle,Verrell,357-673-2274,mverrelloo@upenn.edu
890,19,Meryl,Jearum,286-498-8976,mjearumop@themeforest.net
891,57,Nicki,Torra,638-142-4656,ntorraoq@gizmodo.com
892,17,Alina,Elmer,506-883-9417,aelmeror@biglobe.ne.jp
893,74,Ebony,Densham,358-543-3823,edenshamos@istockphoto.com
894,71,Biddie,Conibeer,394-302-7270,bconibeerot@reddit.com
895,93,Tammie,Platt,565-854-7918,tplattou@ucoz.ru
896,76,Jacklyn,Dallman,883-476-3756,jdallmanov@cmu.edu
897,65,Maudie,Conford,935-253-1108,mconfordow@hhs.gov
898,95,Bernete,De L'Isle,985-612-1791,bdelisleox@technorati.com
899,87,Ewart,Jephcote,600-175-5605,ejephcoteoy@jigsy.com
900,14,Lesley,De la Perrelle,317-455-5293,ldelaperrelleoz@ftc.gov
901,4,Myrta,Wilton,139-805-3818,mwiltonp0@friendfeed.com
902,48,Sallyanne,Gyngyll,222-876-0592,sgyngyllp1@deliciousdays.com
903,91,Virgie,Frowde,364-407-8341,vfrowdep2@t-online.de
904,11,Drucy,Huntall,172-335-7695,dhuntallp3@thetimes.co.uk
905,21,Dorry,Hedworth,883-648-1421,dhedworthp4@github.com
906,59,Brook,Merigeau,163-181-9345,bmerigeaup5@goodreads.com
907,58,Edvard,Tunesi,129-412-2013,etunesip6@netvibes.com
908,48,Adelaida,Morpeth,816-235-4311,amorpethp7@hostgator.com
909,25,Hasheem,Witherden,151-988-0611,hwitherdenp8@youku.com
910,68,Adrea,Aspinal,388-606-9760,aaspinalp9@uiuc.edu
911,19,Clarisse,Frigout,156-699-1583,cfrigoutpa@tamu.edu
912,33,Kala,Brigstock,971-261-5549,kbrigstockpb@intel.com
913,23,Heriberto,Lafflin,381-832-5061,hlafflinpc@cpanel.net
914,68,Abdel,Suche,673-178-6305,asuchepd@amazon.de
915,24,Corrina,Hurlston,529-701-8988,churlstonpe@redcross.org
916,84,Jyoti,Healey,623-659-7935,jhealeypf@patch.com
917,84,Kip,Goold,690-635-0614,kgooldpg@rambler.ru
918,28,Gussie,Calltone,335-770-4031,gcalltoneph@europa.eu
919,78,Barthel,Padberry,209-407-1314,bpadberrypi@google.com
920,85,Ruthi,Devenish,914-932-3895,rdevenishpj@reverbnation.com
921,88,Ty,Attrey,537-206-7193,tattreypk@statcounter.com
922,42,Odelinda,Cooper,664-878-7458,ocooperpl@engadget.com
923,62,Alberik,Service,253-760-7838,aservicepm@phpbb.com
924,90,Carrol,Gabbotts,308-579-6749,cgabbottspn@ucoz.com
925,53,Lorraine,Nerger,146-528-0015,lnergerpo@bravesites.com
926,26,Kristina,McGhie,694-150-7220,kmcghiepp@edublogs.org
927,73,Emanuele,Sunshine,612-925-5806,esunshinepq@blogspot.com
928,39,Viva,Matches,367-294-8098,vmatchespr@ifeng.com
929,87,Morten,de Glanville,150-272-0588,mdeglanvilleps@seattletimes.com
930,4,Yanaton,Speke,729-588-4557,yspekept@gizmodo.com
931,49,Harlie,Menary,731-905-6117,hmenarypu@acquirethisname.com
932,10,Haskel,Fairbairn,345-867-7288,hfairbairnpv@instagram.com
933,70,Jacky,Rosencwaig,546-830-3907,jrosencwaigpw@google.com.au
934,53,Thorndike,Petrelli,861-115-4105,tpetrellipx@ihg.com
935,93,Rayner,Everall,197-306-1976,reverallpy@jimdo.com
936,11,Sal,Spykins,172-161-8737,sspykinspz@vimeo.com
937,90,Louella,Branwhite,391-840-9122,lbranwhiteq0@reference.com
938,42,Hartwell,Wagnerin,176-812-3992,hwagnerinq1@e-recht24.de
939,21,Sarajane,Romeril,746-720-1428,sromerilq2@cocolog-nifty.com
940,84,Arty,Kolodziej,776-928-9841,akolodziejq3@umn.edu
941,28,Kayne,Lotherington,792-569-8701,klotheringtonq4@clickbank.net
942,94,Rhoda,Larmet,759-694-3647,rlarmetq5@lulu.com
943,65,Brig,Sparway,924-742-4027,bsparwayq6@blinklist.com
944,44,Skip,Antoniazzi,543-446-0361,santoniazziq7@tuttocitta.it
945,6,Wilmer,Virgin,589-156-0206,wvirginq8@cyberchimps.com
946,87,Beniamino,Heazel,126-261-4228,bheazelq9@sohu.com
947,46,Dionne,Montgomery,890-780-1326,dmontgomeryqa@fda.gov
948,20,Charin,Petracco,591-884-1927,cpetraccoqb@unc.edu
949,23,Terrill,Egdal,964-398-0798,tegdalqc@apache.org
950,12,Vern,Idle,826-660-7942,vidleqd@webeden.co.uk
951,88,Douglas,Bertelmot,198-937-8695,dbertelmotqe@fda.gov
952,76,Trista,Youngs,873-123-2802,tyoungsqf@t-online.de
953,55,Lombard,Cancellario,911-559-2110,lcancellarioqg@nasa.gov
954,16,Urson,Fearnall,665-876-7858,ufearnallqh@naver.com
955,1,Fredek,Manicom,289-854-9335,fmanicomqi@irs.gov
956,27,Kingston,Uttermare,132-813-5324,kuttermareqj@biglobe.ne.jp
957,63,Hillie,Togwell,516-980-6334,htogwellqk@meetup.com
958,2,Roby,Habbon,822-397-0202,rhabbonql@homestead.com
959,90,Janaya,Busher,510-331-8203,jbusherqm@scientificamerican.com
960,52,Erin,Kohtler,224-840-3081,ekohtlerqn@bloomberg.com
961,52,Nicolais,Meegin,779-632-9065,nmeeginqo@uol.com.br
962,70,Josi,Mellers,267-908-7808,jmellersqp@wunderground.com
963,47,Clint,Reis,731-419-6178,creisqq@scribd.com
964,2,Louis,Vickars,188-933-9167,lvickarsqr@dropbox.com
965,44,Berny,Kernocke,784-177-4158,bkernockeqs@nytimes.com
966,1,Filmer,Heindle,490-295-7685,fheindleqt@dion.ne.jp
967,29,Daffy,Pitts,401-513-3259,dpittsqu@globo.com
968,92,Stevy,Jollie,247-904-5051,sjollieqv@elegantthemes.com
969,10,Livvy,Orum,408-259-7530,lorumqw@phoca.cz
970,22,Caralie,Tudge,885-854-7129,ctudgeqx@cloudflare.com
971,3,Jessie,Michelotti,204-965-2291,jmichelottiqy@usnews.com
972,45,Rosalinde,Labdon,898-818-5264,rlabdonqz@newsvine.com
973,49,Brandtr,Scourgie,244-580-7790,bscourgier0@alibaba.com
974,58,Sena,Sallery,178-712-8545,ssalleryr1@t.co
975,13,Bebe,Floodgate,328-814-2011,bfloodgater2@timesonline.co.uk
976,94,Moritz,Sprey,132-185-1276,mspreyr3@wisc.edu
977,12,Humfried,Felder,435-223-7208,hfelderr4@nhs.uk
978,41,Marja,Meni,491-224-3430,mmenir5@pen.io
979,6,Daile,Pounsett,227-226-7461,dpounsettr6@indiegogo.com
980,5,Christin,Ordish,712-995-9710,cordishr7@epa.gov
981,51,Janie,Weatherill,931-716-7381,jweatherillr8@un.org
982,55,Aluin,Cowcha,327-325-9139,acowchar9@huffingtonpost.com
983,16,Cynthie,Kimbley,421-916-1504,ckimbleyra@sina.com.cn
984,52,Gustaf,Ughetti,229-949-0559,gughettirb@bloglovin.com
985,10,Roch,Ezele,417-713-5764,rezelerc@stanford.edu
986,37,Stace,Halksworth,257-148-0471,shalksworthrd@java.com
987,96,Chery,Lampett,125-644-8716,clampettre@imdb.com
988,77,Gun,Ratley,743-633-4418,gratleyrf@squidoo.com
989,82,Silvie,Clearley,703-606-2243,sclearleyrg@bloglines.com
990,46,Derrick,Quinion,931-508-9535,dquinionrh@drupal.org
991,19,Timofei,Torfin,465-746-8794,ttorfinri@hexun.com
992,97,Bogart,Jex,571-334-3694,bjexrj@yahoo.co.jp
993,36,Meagan,Sebrens,834-831-5865,msebrensrk@nps.gov
994,92,Caye,Broggetti,529-824-4295,cbroggettirl@craigslist.org
995,5,Sondra,Dogerty,890-445-7039,sdogertyrm@intel.com
996,18,Cynthie,Rego,744-423-5763,cregorn@dedecms.com
997,17,Cammie,Endacott,893-388-5046,cendacottro@phoca.cz
998,14,Kendra,Thal,873-647-7586,kthalrp@xinhuanet.com
999,68,Mack,Baldung,259-817-8011,mbaldungrq@soup.io
1000,71,Wilhelm,Pires,256-197-7105,wpiresrr@nifty.com
